miRNA,logFC,FC_abs,diff_MZ1,diff_MZ2,diff_MZ3,t_moderated,P.Value,adj.P.Val,P.ordinary_t,B,consistent_direction,FDR_significant,moderated_only_candidate,exploratory_candidate
hsa-miR-1292-5p,-1.66582,3.1729394715387,-1.62401,-1.58455,-1.7889,-13.9479119625898,4.06017042181525e-07,0.0017954073605267,0.0014085466679057026,3.58401714701047,True,True,True,True
hsa-miR-128-3p,-1.17436333333333,2.25693259709536,-1.47332,-0.8374,-1.21237,-8.02538048274397,3.15653392845175e-05,0.0697909651580682,0.02381838544319798,1.72913380733852,True,False,True,True
hsa-miR-4253,-0.803096666666667,1.74484231943645,-0.78951,-0.9117,-0.70808,-6.74768775216896,0.0001138969591494,0.10990114142631,0.005384774019485969,0.95892861030601,True,False,True,True
hsa-miR-6891-5p,-0.798096666666667,1.73880562360439,-0.80844,-0.89126,-0.69459,-6.71982512199595,0.0001173577874626,0.10990114142631,0.0050636582075073615,0.939766163698948,True,False,True,True
hsa-miR-148b-3p,-0.908403333333333,1.87696706214282,-0.6152,-1.01382,-1.09619,-6.66681177245301,0.0001242663290663,0.10990114142631,0.025703813475648894,0.903000485884187,True,False,True,True
hsa-miR-328-3p,-1.09424333333333,2.13501074903882,-0.62386,-1.48076,-1.17811,-6.47071094693741,0.0001760346762426,0.129737556390869,0.04875909877160163,0.658498550882986,True,False,True,True
hsa-miR-6779-5p,-0.681383333333334,1.60367670939012,-0.69389,-0.63684,-0.71342,-5.87309644876578,0.0003047050785705,0.178394973930227,0.0011348974264090341,0.301781890025214,True,False,True,True
hsa-miR-1910-5p,-1.23502666666667,2.35385698255092,-1.6832,-0.66296,-1.35892,-6.37036379116126,0.0003227407940845,0.178394973930227,0.054568865270206546,0.200901094452144,True,False,True,False
hsa-miR-663a,-0.771396666666667,1.70692144700072,-0.40731,-1.05449,-0.85239,-5.20056103043253,0.000694570549536,0.314667536261274,0.056277963010860785,-0.289127872220853,True,False,True,False
hsa-miR-501-5p,-0.818393333333333,1.76344103112442,-1.01356,-1.06059,-0.38103,-5.19967907017234,0.0007115955139332,0.314667536261274,0.06478776746229391,-0.307507535589899,True,False,True,False
hsa-miR-664a-5p,-0.721723333333334,1.64915080805586,-1.04067,-0.71095,-0.413550000000001,-4.96685586378476,0.0009385618923949,0.377301880742761,0.05758814121691066,-0.513496357773199,True,False,True,False
hsa-miR-3679-5p,-0.63393,1.55178641357664,-0.87217,-0.54238,-0.48724,-4.89667285288192,0.0010289434988314,0.379165679319388,0.034111303556521436,-0.582862200308933,True,False,True,True
hsa-miR-6511a-3p,-1.35106333333333,2.55100076810174,-1.81177,-0.63918,-1.60224,-5.77382329842262,0.0011410352671312,0.38812753471187,0.06457189394173676,-0.695750638119428,True,False,True,False
hsa-miR-125a-5p,-0.729913333333333,1.65853945560076,-0.37808,-0.62913,-1.18253,-4.4591636146721,0.0018883621183313,0.510138278299635,0.09165054103672166,-1.04932052897031,True,False,True,False
hsa-miR-7977,-1.14008,2.20393244032942,-0.45644,-1.60719,-1.35661,-5.05790691031964,0.0020284402680741,0.510138278299635,0.08246714524097275,-1.08609160182948,True,False,True,False
hsa-miR-1228-5p,-0.539393333333333,1.4533612369036,-0.46373,-0.73066,-0.423789999999999,-4.32756131799817,0.002226859162594,0.510138278299635,0.030442677177705203,-1.17984913091221,True,False,False,False
hsa-miR-6085,-1.01357,2.01890076549859,-0.95274,-0.47099,-1.61698,-4.77817750230413,0.0022269037070059,0.510138278299635,0.09272983469793096,-1.15480579233909,True,False,True,False
hsa-miR-6796-5p,0.65999,1.58007167146656,1.0692,0.41779,0.49298,4.31679509105067,0.0022606561049404,0.510138278299635,0.08498328309845483,-1.19173752807596,True,False,True,False
hsa-miR-151b,-0.52204,1.43598432401092,-0.67234,-0.454890000000001,-0.43889,-4.30873757293699,0.0022863105044029,0.510138278299635,0.020173852447867114,-1.20064929795653,True,False,False,False
hsa-miR-8087,0.51275,1.42676724437175,0.38404,0.61513,0.53908,4.26825650088563,0.0024200192290205,0.510138278299635,0.01713511896159849,-1.24560864620448,True,False,False,False
hsa-miR-3135b,-0.513553333333333,1.42756192988939,-0.50904,-0.39542,-0.6362,-4.26748792208563,0.0024226376852764,0.510138278299635,0.017848276228786545,-1.24646525649877,True,False,False,False
hsa-miR-376c-3p,-0.722686666666667,1.65025236619867,-0.53392,-1.22706,-0.40708,-4.23491760392232,0.0027367396349429,0.55008466662353,0.10509882345013404,-1.33708807730547,True,False,True,False
hsa-miR-297,-0.472193333333333,1.38721685546336,-0.46003,-0.52952,-0.42703,-4.05629219811526,0.0032715641478835,0.628993767910486,0.00406686543924665,-1.4860678878958,True,False,False,False
hsa-miR-6861-5p,-0.553543333333333,1.46768598526782,-0.28049,-0.56586,-0.81428,-4.01845211063462,0.0034548293575903,0.636552309136016,0.06960897170102297,-1.52987772565909,True,False,False,False
hsa-miR-30e-5p,-1.10616666666667,2.15272892820093,-0.36485,-1.45294,-1.50071,-4.56773473943489,0.0040976486304797,0.724792089759262,0.09644521951814329,-1.59853010007691,True,False,True,False
hsa-miR-766-5p,-0.5065,1.42059961554597,-0.25587,-0.69816,-0.56547,-3.83896643570787,0.0044864932403435,0.763048965723043,0.06088399229732775,-1.74124738941917,True,False,False,False
hsa-miR-4486,0.466256666666667,1.38152020947022,0.49825,0.30864,0.59188,3.80936441876496,0.0046860957453738,0.767478347631223,0.03047725156253711,-1.77666497807854,True,False,False,False
hsa-miR-628-3p,-1.30330666666667,2.46793888162981,-0.53311,-1.43434,-1.94247,-4.70039763219191,0.0049983816360084,0.789387271229624,0.08710947262381556,-1.73382978855936,True,False,True,False
hsa-let-7f-5p,-0.52971,1.44363897661158,-0.24579,-0.500170000000001,-0.843169999999999,-3.70512470707713,0.0054675783770886,0.79819895643914,0.09223025969719349,-1.90260764733368,True,False,False,False
hsa-miR-3162-5p,-1.04301666666667,2.06053171129842,-1.79056,-0.65512,-0.68337,-4.26805957344312,0.0057176453739784,0.79819895643914,0.10805284222547928,-1.850243282214,True,False,True,False
hsa-miR-202-3p,-0.474823333333333,1.38974802643498,-0.40729,-0.30567,-0.71151,-3.65676218963292,0.0058760971648864,0.79819895643914,0.06005720007063717,-1.96167536353044,True,False,False,False
hsa-miR-4685-3p,-0.867526666666667,1.82453226869559,-0.2314,-1.39116,-0.98002,-3.99223158618848,0.0059574541035228,0.79819895643914,0.12505016647103778,-1.90950995116485,True,False,True,False
hsa-miR-4538,-0.438713333333333,1.35539498008775,-0.43176,-0.56761,-0.31677,-3.63314047922975,0.0060872754182177,0.79819895643914,0.02623572398386436,-1.99066951698128,True,False,False,False
hsa-miR-150-5p,-0.422166666666667,1.3399383892396,-0.46841,-0.357609999999999,-0.440480000000001,-3.62038858133932,0.00620460433378,0.79819895643914,0.006153420987168467,-2.00636045899798,True,False,False,False
hsa-miR-6715a-3p,-0.443773333333333,1.36015713675846,-0.34937,-0.61733,-0.36462,-3.60833383979532,0.0063177212743939,0.79819895643914,0.036264301015094494,-2.02121842118074,True,False,False,False
hsa-miR-26b-5p,-0.578663333333333,1.49346490214593,-0.17321,-0.96878,-0.594,-3.59435505753821,0.0065289014199798,0.801966724420851,0.1280853448277757,-2.04634154871353,True,False,False,False
hsa-mir-1255b-2,-0.417046666666667,1.33519149186091,-0.45071,-0.32811,-0.47232,-3.54844829725746,0.0069129138292081,0.824826187960202,0.01139523394009841,-2.09538381136656,True,False,False,False
hsa-miR-4706,-0.426826666666667,1.34427347602588,-0.33538,-0.57312,-0.37198,-3.52877930341102,0.007121100932908,0.824826187960202,0.028697211122416688,-2.11986982167644,True,False,False,False
hsa-miR-8086,-0.429843333333333,1.34708728459466,-0.26463,-0.50534,-0.51956,-3.51466326409747,0.0072745864609787,0.824826187960202,0.0350868214477958,-2.13748106660469,True,False,False,False
hsa-miR-3615,0.49541,1.40972132740896,0.72991,0.59316,0.16316,3.48142153624232,0.007649981136239,0.845705414611228,0.10109927660720266,-2.17907812962713,True,False,False,False
hsa-miR-3621,-0.671893333333333,1.59316239664073,-0.77468,-1.11399,-0.12701,-3.58509103438616,0.0079072475399455,0.852825576137544,0.14605951435602718,-2.17430388803152,True,False,True,False
hsa-miR-18b-5p,-0.50356,1.41770759052976,-0.34359,-0.29468,-0.87241,-3.43835595904754,0.0081669324417733,0.85986131565528,0.11258732566468155,-2.23322419196742,True,False,False,False
hsa-mir-486-2,-0.423536666666667,1.3412114146716,-0.43921,-0.58957,-0.24183,-3.37596132001775,0.0089820917049165,0.919336896289933,0.05213716296888443,-2.31217199090216,True,False,False,False
hsa-miR-4674,-0.48573,1.40029423166337,-0.84274,-0.29316,-0.32129,-3.35926207234305,0.0092144651867235,0.919336896289933,0.1128771633284541,-2.33339932641495,True,False,False,False
hsa-miR-4484,0.441,1.35754497988001,0.20931,0.65991,0.45378,3.34731234435463,0.0093846177221778,0.919336896289933,0.0772417224227416,-2.34861414420266,True,False,False,False
hsa-miR-6132,-0.69915,1.62354795683275,-0.42355,-0.35451,-1.31939,-3.506824060664,0.0096694601728199,0.919336896289933,0.15337160431099475,-2.32343121297754,True,False,True,False
hsa-miR-6776-5p,-0.56259,1.47691827802235,-0.7074,-0.90378,-0.0765899999999999,-3.33774891199184,0.0099191231698635,0.919336896289933,0.1528575345457927,-2.38647233603998,True,False,False,False
hsa-miR-337-5p,-0.549443333333333,1.46352088462719,-0.28722,-1.03634,-0.32477,-3.31382877861297,0.00997923360966,0.919336896289933,0.15285302175767856,-2.39767932521553,True,False,False,False
hsa-miR-363-5p,-0.387066666666667,1.30773177718017,-0.3934,-0.29662,-0.47118,-3.27839800692864,0.0104323780058909,0.941468888613259,0.0165933053676101,-2.43675384739296,True,False,False,False
hsa-miR-6771-5p,-0.63568,1.55366988433829,-1.19633,-0.50111,-0.2096,-3.36307488036813,0.0109225739366035,0.965992438953215,0.16199333539842156,-2.43945045307533,True,False,True,False
hsa-miR-1234-3p,-0.402043333333333,1.3213780944739,-0.35876,-0.25704,-0.59033,-3.21466171155893,0.0115106920648417,0.971715209856342,0.05522910271977582,-2.51884931192086,True,False,False,False
hsa-miR-146a-5p,-0.503773333333334,1.41791724443439,-0.90563,-0.14177,-0.46392,-3.18519092503118,0.0121602296575426,0.971715209856342,0.15068357447742445,-2.56264024842782,True,False,False,False
hsa-mir-4767,-0.45586,1.37160018122051,-0.79075,-0.39109,-0.18574,-3.15946659963314,0.0125385575349183,0.971715209856342,0.12417510586219904,-2.5903688927831,True,False,False,False
hsa-miR-615-3p,-0.365003333333333,1.28788460515166,-0.41002,-0.35077,-0.33422,-3.14605412374246,0.0128025007826225,0.971715209856342,0.003950499866925134,-2.60780541290589,True,False,False,False
hsa-miR-5194,0.369493333333333,1.29189904302747,0.44663,0.29039,0.37146,3.14333102635326,0.0128567918809952,0.971715209856342,0.014581944657564629,-2.61134816436187,True,False,False,False
hsa-miR-200b-5p,0.371526666666667,1.29372112831314,0.42286,0.42671,0.26501,3.13908483062802,0.0129419284726615,0.971715209856342,0.019945171262273152,-2.61687424857471,True,False,False,False
hsa-miR-610,0.370696666666667,1.29297704887605,0.26878,0.44263,0.40068,3.13457484220924,0.0130329974828896,0.971715209856342,0.019385575265780497,-2.62274600437207,True,False,False,False
hsa-mir-3156-1,0.378353333333333,1.29985737414883,0.35163,0.51519,0.26824,3.13314850807306,0.013061937786818,0.971715209856342,0.0348391904136169,-2.62460351813074,True,False,False,False
hsa-mir-93,0.362866666666667,1.28597862827702,0.39011,0.37889,0.3196,3.12904267090667,0.0131456193465788,0.971715209856342,0.0036142725086929016,-2.62995189747089,True,False,False,False
hsa-miR-6765-3p,0.459403333333333,1.37497304218106,0.67898,0.08493,0.6143,3.11634157304047,0.0134080337138451,0.971715209856342,0.13468450294084355,-2.64650931583676,True,False,False,False
hsa-miR-409-3p,0.514213333333333,1.42821515624373,0.87837,0.0492999999999997,0.61497,3.09552796702238,0.0139710953777558,0.971715209856342,0.17024670162258107,-2.67888077695227,True,False,False,False
hsa-miR-491-5p,-0.364266666666667,1.28722715541282,-0.46681,-0.283529999999999,-0.34246,-3.07564895569964,0.0142860873544868,0.971715209856342,0.02129253174361644,-2.69968257590316,True,False,False,False
hsa-miR-6816-5p,-0.91607,1.88696805583073,-1.32023,-1.29551,-0.13247,-3.52171507998071,0.0147615861213883,0.971715209856342,0.1443829969220671,-2.58728980579675,True,False,True,False
hsa-miR-658,0.359696666666667,1.28315607967295,0.32459,0.46241,0.29209,3.04202096612321,0.0150567218260494,0.971715209856342,0.020422682973348587,-2.74376373148654,True,False,False,False
hsa-miR-3166,0.402753333333333,1.32202855026209,0.51385,0.13683,0.55758,3.03885051568404,0.0151315693127902,0.971715209856342,0.09461983340391336,-2.74792599188735,True,False,False,False
hsa-miR-302c-3p,-0.42201,1.33979288913229,-0.73656,-0.30254,-0.22693,-3.03657650945656,0.0151854912954338,0.971715209856342,0.11719590865878954,-2.75091202898187,True,False,False,False
hsa-miR-664b-3p,-0.52026,1.43421369623335,-0.22425,-1.02501,-0.31152,-3.05832709243946,0.0152203039694193,0.971715209856342,0.17670288573352252,-2.74379270668026,True,False,False,False
hsa-miR-2054,-0.409473333333333,1.32820085587908,-0.41034,-0.66057,-0.15751,-3.02389918035745,0.0154897741424477,0.971715209856342,0.10613027643154938,-2.76756879136122,True,False,False,False
hsa-miR-98-5p,-0.520536666666667,1.43448876280046,-0.0770299999999999,-0.96704,-0.51754,-3.03580879322905,0.0158343263121847,0.971715209856342,0.18001065493947976,-2.77575158829119,True,False,False,False
hsa-miR-1261,-0.516036666666667,1.43002133045913,-1.03214,-0.29914,-0.21683,-2.99034504044004,0.0171355924375592,0.971715209856342,0.18469004403219227,-2.83974336725936,True,False,False,False
hsa-mir-4684,0.439783333333333,1.35640060534505,0.0500800000000001,0.63304,0.63623,2.94240287301661,0.0176027351463429,0.971715209856342,0.15260876241889076,-2.87503034000875,True,False,False,False
hsa-mir-495,-0.343,1.26839139932587,-0.267,-0.38287,-0.37913,-2.93283733928359,0.0178695796987526,0.971715209856342,0.012061907330237494,-2.88768462261189,True,False,False,False
hsa-miR-1296-5p,-0.398676666666667,1.31829812758458,-0.27059,-0.69422,-0.23122,-2.92762285637152,0.0180168006739211,0.971715209856342,0.1148696149666031,-2.89458631590688,True,False,False,False
hsa-miR-515-5p,0.34113,1.26674839418072,0.28827,0.40932,0.3258,2.92103749010672,0.018204516384475,0.971715209856342,0.010819915359873956,-2.90330587319418,True,False,False,False
hsa-miR-6511a-5p,-0.381826666666667,1.30299059148779,-0.2596,-0.63444,-0.25144,-2.91821422325793,0.0182856104596077,0.971715209856342,0.09424446661236903,-2.90704526281439,True,False,False,False
hsa-miR-6789-3p,-0.390213333333333,1.31058718789081,-0.65603,-0.18838,-0.32623,-2.91660245456613,0.0183320730904768,0.971715209856342,0.10658084124629054,-2.90918034369721,True,False,False,False
hsa-mir-4659a,-0.392193333333333,1.31238711377775,-0.29656,-0.20924,-0.67078,-2.91618243700287,0.018344200973145,0.971715209856342,0.10932219973474096,-2.90973677013134,True,False,False,False
hsa-miR-28-5p,-1.05842,2.08264941180104,-1.8737,-0.96278,-0.33878,-3.48203945833191,0.0186027101769829,0.971715209856342,0.14079821431436795,-2.73870927241247,True,False,True,False
hsa-miR-629-3p,-0.373596666666667,1.29557871068339,-0.13913,-0.52064,-0.46102,-2.89404213356968,0.0189953510742724,0.971715209856342,0.0875779525523216,-2.93908872873173,True,False,False,False
hsa-miR-18b-3p,-0.35192,1.2762579960962,-0.50006,-0.3393,-0.2164,-2.8796986476524,0.0194298671067874,0.971715209856342,0.05038213217969351,-2.95812585329584,True,False,False,False
hsa-miR-6787-3p,0.339116666666667,1.26498183372022,0.36466,0.24386,0.40883,2.87516227254548,0.0195694106156117,0.971715209856342,0.020491921986506123,-2.96415010414173,True,False,False,False
hsa-mir-182,-0.351533333333333,1.27591598320663,-0.19213,-0.47291,-0.38956,-2.87229071111045,0.0196582756129463,0.971715209856342,0.05177221178324597,-2.96796434111098,True,False,False,False
hsa-miR-631,-0.35755,1.28124821971029,-0.50469,-0.1771,-0.39086,-2.86990772849875,0.0197323360803998,0.971715209856342,0.06515335260557578,-2.97113009850021,True,False,False,False
hsa-mir-6867,0.356593333333333,1.28039889180519,0.49538,0.40068,0.17372,2.86468813658776,0.0198955601702077,0.971715209856342,0.06474802935970421,-2.97806578924723,True,False,False,False
hsa-mir-193b,-0.339183333333333,1.26504028964359,-0.29083,-0.45781,-0.26891,-2.84849196752926,0.0204109351759992,0.971715209856342,0.029563276184027164,-2.99960014350938,True,False,False,False
hsa-miR-5186,-0.382326666666667,1.30344225187744,-0.10186,-0.55108,-0.49404,-2.84471197534907,0.0205331810585717,0.971715209856342,0.11361257470023245,-3.00462882016984,True,False,False,False
hsa-miR-513c-5p,0.332103333333333,1.25884733547896,0.33025,0.26638,0.39968,2.83876834894767,0.0207269233595576,0.971715209856342,0.013168589918413947,-3.01253797564982,True,False,False,False
hsa-miR-210-3p,0.40254,1.32183307450448,0.71715,0.1302,0.36027,2.8287914138113,0.0210563711213208,0.971715209856342,0.14246410857694514,-3.02581993281548,True,False,False,False
hsa-mir-7152,0.331273333333333,1.25812331358871,0.31267,0.41559,0.26556,2.81995393515068,0.0213526836581461,0.971715209856342,0.017415039377821382,-3.03759080306424,True,False,False,False
hsa-miR-642a-5p,-0.34124,1.26684498260149,-0.49599,-0.29912,-0.22861,-2.79996138855305,0.022038911212191,0.971715209856342,0.05081802770170677,-3.0642389045083,True,False,False,False
hsa-miR-4728-5p,-0.430023333333333,1.34725536643552,-0.77456,-0.4594,-0.0561099999999999,-2.7999600116594,0.0220389592439821,0.971715209856342,0.17452650576029569,-3.06424074067808,True,False,False,False
hsa-mir-924,-0.362443333333333,1.28560133595968,-0.54495,-0.127,-0.41538,-2.7836304034809,0.0226162203094714,0.971715209856342,0.09916863895684047,-3.08602570317112,True,False,False,False
hsa-miR-3940-5p,-0.339333333333333,1.265171825348,-0.31574,-0.49088,-0.21138,-2.77882056162502,0.0227891879904246,0.971715209856342,0.05318066532585671,-3.09244555760044,True,False,False,False
hsa-miR-4499,0.437273333333333,1.35404279201012,0.78499,0.49516,0.0316700000000001,2.77658382864773,0.0230270504528045,0.971715209856342,0.18443172138381672,-3.09912849028677,True,False,False,False
hsa-mir-764,0.43711,1.35388950403333,0.25476,0.87595,0.18062,2.76922516895091,0.0232961550013037,0.971715209856342,0.1858773230627484,-3.10892169331165,True,False,False,False
hsa-mir-4698,-0.350663333333333,1.27514678927378,-0.44139,-0.47647,-0.13413,-2.76025699879332,0.0234695586775954,0.971715209856342,0.08419334370294142,-3.11723583237696,True,False,False,False
hsa-mir-6828,-0.342853333333333,1.26826245919817,-0.16514,-0.51194,-0.35148,-2.73484766438658,0.0244346749991855,0.971715209856342,0.0758323051329052,-3.15119942695267,True,False,False,False
hsa-mir-6804,-0.3446,1.26979887072513,-0.15421,-0.52228,-0.35731,-2.72243283092571,0.0249208817950884,0.971715209856342,0.08361818641668299,-3.1678060485374,True,False,False,False
hsa-miR-3185,-0.452556666666667,1.36846322622369,-0.92806,-0.10967,-0.31994,-2.71874603338126,0.0252764293858756,0.971715209856342,0.20644159337031456,-3.1771338317176,True,False,False,False
hsa-mir-381,-0.325156666666667,1.25280047667279,-0.27139,-0.45769,-0.24639,-2.71069982967679,0.0253894656326276,0.971715209856342,0.039550247933436214,-3.18350750612179,True,False,False,False
hsa-mir-6790,0.33425,1.26072183910246,0.34427,0.16754,0.49094,2.6927724696178,0.0261228617642625,0.971715209856342,0.07010790047859695,-3.20751055736313,True,False,False,False
hsa-miR-382-5p,-0.371923333333333,1.29407688374859,-0.0686999999999998,-0.44891,-0.59816,-2.68226826563612,0.0265625803969701,0.971715209856342,0.14224960971294942,-3.22158106666844,True,False,False,False
hsa-miR-6813-5p,-0.86489,1.82120080226792,-0.67074,-1.66655,-0.25738,-3.0797674992104,0.0265715866166369,0.971715209856342,0.17454959108985868,-3.05743760892317,True,False,True,False
hsa-miR-32-5p,0.334433333333333,1.26088205801016,0.30055,0.51674,0.18601,2.68063727213215,0.0266315290249547,0.971715209856342,0.0747593354185102,-3.22376620234804,True,False,False,False
hsa-miR-6763-3p,-0.31015,1.2398366016245,-0.34343,-0.28867,-0.29835,-2.67904232330848,0.026699130200226,0.971715209856342,0.002946579867827464,-3.22590314825362,True,False,False,False
hsa-mir-4530,0.30991,1.23963036536048,0.27811,0.34892,0.3027,2.67351470058197,0.0269347712694892,0.971715209856342,0.004455829255390368,-3.23330993586148,True,False,False,False
hsa-miR-553,0.30961,1.2393726182721,0.32943,0.32557,0.27383,2.67351235447225,0.0269348717318195,0.971715209856342,0.003334997426257983,-3.23331307980008,True,False,False,False
hsa-mir-450a-2,0.354576666666667,1.27861034064497,0.36767,0.58039,0.11567,2.67171205797896,0.0270120744695552,0.971715209856342,0.11851499037808699,-3.23572565452393,True,False,False,False
hsa-miR-3934-5p,-0.34118,1.26679229709539,-0.17195,-0.29663,-0.55496,-2.66808823501436,0.0271681599259083,0.971715209856342,0.09410961440460612,-3.24058230052525,True,False,False,False
hsa-miR-20a-3p,0.36647,1.28919455481831,0.51928,0.0602500000000001,0.51988,2.66605478964697,0.0272561463494263,0.971715209856342,0.13905281394996402,-3.24330773416493,True,False,False,False
hsa-miR-660-5p,-0.340193333333333,1.26592622742163,-0.14987,-0.53891,-0.3318,-2.66212212090498,0.027427135084506,0.971715209856342,0.09399950016188023,-3.24857912513404,True,False,False,False
hsa-miR-374a-3p,-0.31613,1.24498641497493,-0.42511,-0.30895,-0.21433,-2.65140611064374,0.0278986163535383,0.971715209856342,0.03522296780906794,-3.26294570206128,True,False,False,False
hsa-miR-6740-3p,-0.30993,1.23964755040545,-0.25324,-0.28023,-0.39632,-2.63908047014521,0.0284511201700462,0.971715209856342,0.01947213786920371,-3.27947488620498,True,False,False,False
hsa-mir-561,0.305443333333333,1.23579833374243,0.36371,0.26478,0.28784,2.62429880664301,0.0291284007951562,0.971715209856342,0.009437127706296157,-3.29930364600067,True,False,False,False
hsa-miR-548o-3p,0.450543333333333,1.36655481802029,0.39875,0.91566,0.03722,2.63976115530737,0.0292431048102413,0.971715209856342,0.21917528250544663,-3.29314280464047,True,False,False,False
hsa-miR-4632-5p,-0.545176666666666,1.45919902097802,-1.07909,0.00652,-0.56296,-2.7167554091583,0.029532896225419,0.971715209856342,0.22417911256748446,-3.25964048062912,False,False,False,False
hsa-mir-3671,-0.3037,1.23430591350635,-0.27381,-0.35539,-0.2819,-2.61435185867738,0.029593351469364,0.971715209856342,0.0072222144899252985,-3.31265020489097,True,False,False,False
hsa-miR-23a-3p,-0.320356666666666,1.24863920244522,-0.18501,-0.3004,-0.47566,-2.6132531402588,0.0296451686159729,0.971715209856342,0.06305666741808888,-3.31412458714589,True,False,False,False
hsa-miR-4461,-0.30994,1.23965614301727,-0.19688,-0.32572,-0.40722,-2.59875486878096,0.0303376091956326,0.971715209856342,0.03688256555613887,-3.33358254275048,True,False,False,False
hsa-miR-320d,-0.385566666666667,1.30637280788547,-0.76674,-0.15094,-0.23902,-2.5934408710127,0.0305954932818685,0.971715209856342,0.18278617143623063,-3.3407155014421,True,False,False,False
hsa-mir-6836,-0.320626666666667,1.24887290681393,-0.14281,-0.37733,-0.44174,-2.59282331311385,0.0306256065807804,0.971715209856342,0.0717279791228104,-3.34154448248369,True,False,False,False
hsa-miR-550b-3p,-0.31751,1.24617786789838,-0.46703,-0.30932,-0.17618,-2.591527320032,0.0306888993296278,0.971715209856342,0.06349048960205046,-3.34328418668092,True,False,False,False
hsa-miR-4649-5p,-0.42334,1.34102859460705,-0.33686,-0.86864,-0.0645199999999999,-2.59452488411313,0.0307218833809825,0.971715209856342,0.2148572426228594,-3.34219221234443,True,False,False,False
hsa-mir-6761,-0.30279,1.233527603343,-0.31119,-0.3678,-0.22938,-2.58523150319572,0.0309982600713651,0.971715209856342,0.017155989901938055,-3.35173594441746,True,False,False,False
hsa-mir-99b,0.306653333333333,1.2368352425718,0.41802,0.24691,0.25503,2.58509244996525,0.0310051283317981,0.971715209856342,0.03147976618457845,-3.35192262288102,True,False,False,False
hsa-miR-3659,0.32797,1.25524588890679,0.50704,0.13061,0.34626,2.58034246179402,0.0312406722120979,0.971715209856342,0.0950551758575949,-3.35829965711406,True,False,False,False
hsa-miR-6768-5p,-0.415916666666667,1.33414610415117,-0.28218,-0.86682,-0.0987499999999999,-2.5736415659671,0.0317578007231092,0.971715209856342,0.21434392493615323,-3.37014523393511,True,False,False,False
hsa-miR-640,0.387033333333333,1.30770156250941,0.11893,0.2675,0.77467,2.56994705122774,0.0317625021100634,0.971715209856342,0.190520676695614,-3.37225708224779,True,False,False,False
hsa-miR-1263,-0.348583333333333,1.2733096759618,-0.57234,-0.0712300000000001,-0.40218,-2.56504934582031,0.0320114050783522,0.971715209856342,0.14132271716007222,-3.37883350928778,True,False,False,False
hsa-mir-4326,-0.3019,1.23276687361403,-0.32123,-0.20725,-0.37722,-2.55810223125925,0.0323678466757667,0.971715209856342,0.0263589974768651,-3.38816227823243,True,False,False,False
hsa-miR-377-5p,-0.315806666666667,1.24470742288672,-0.1412,-0.36448,-0.44174,-2.55644582224503,0.0324534241978511,0.971715209856342,0.07264955398347997,-3.39038662373028,True,False,False,False
hsa-miR-301b,0.344976666666667,1.27013044000155,0.05677,0.48655,0.49161,2.55291259228199,0.0326367315807184,0.971715209856342,0.13902265762742128,-3.39513138780032,True,False,False,False
hsa-miR-4265,-0.299196666666667,1.23045906820161,-0.21659,-0.31927,-0.36173,-2.5492267394812,0.0328290722590418,0.971715209856342,0.02011195300354439,-3.40008122636607,True,False,False,False
hsa-mir-6125,-0.32264,1.25061697098826,-0.18212,-0.53265,-0.25315,-2.54674843861852,0.0329590420882106,0.971715209856342,0.09461306558649482,-3.40340946973332,True,False,False,False
hsa-mir-6785,0.327913333333333,1.25519658589997,0.27716,0.1455,0.56108,2.52233965000146,0.0342672003636745,0.971715209856342,0.11600348618089791,-3.43619111709797,True,False,False,False
hsa-miR-3123,-0.298423333333333,1.22979967727109,-0.24511,-0.40933,-0.24083,-2.5163396722076,0.0345967039138239,0.971715209856342,0.03285360625198902,-3.44424947941464,True,False,False,False
hsa-miR-885-3p,-0.313276666666667,1.24252653914729,-0.18283,-0.49961,-0.25739,-2.5160248405674,0.0346140815957444,0.971715209856342,0.08188363009412514,-3.44467231876965,True,False,False,False
hsa-mir-6890,-0.328703333333333,1.25588410254003,-0.49319,-0.41177,-0.08115,-2.51369945131514,0.0347427082621269,0.971715209856342,0.1208503062118359,-3.44779546498974,True,False,False,False
hsa-miR-483-5p,-0.36311,1.28619554720195,-0.18601,-0.72294,-0.18038,-2.50496109737394,0.0352303821829747,0.971715209856342,0.18105597565810477,-3.45953154143917,True,False,False,False
hsa-miR-432-5p,-0.3011,1.23208347200452,-0.2852,-0.19089,-0.42721,-2.50450467497199,0.0352560430630478,0.971715209856342,0.04829239560012439,-3.4601445350451,True,False,False,False
hsa-let-7a-5p,-0.299876666666667,1.23103916958246,-0.17182,-0.391660000000002,-0.33615,-2.50174394388165,0.0354116580137604,0.971715209856342,0.04518613194356926,-3.46385229013585,True,False,False,False
hsa-mir-4492,0.292116666666667,1.22443540502407,0.2245,0.2917,0.36015,2.49584739075508,0.0357463506535045,0.971715209856342,0.017500072172878484,-3.47177143837686,True,False,False,False
hsa-miR-590-3p,-0.322883333333333,1.25082792510747,-0.25903,-0.15429,-0.55533,-2.4944198929242,0.0358278540725092,0.971715209856342,0.11496547113503014,-3.47368855705371,True,False,False,False
hsa-miR-4532,0.497063333333333,1.41133779882047,1.0917,0.27985,0.11964,2.56427673665244,0.0361437701493549,0.971715209856342,0.2403462713053268,-3.43883165083802,True,False,False,False
hsa-miR-522-3p,-0.324346666666667,1.25209729024724,-0.0786799999999999,-0.41637,-0.47799,-2.4884833714847,0.0361688122914277,0.971715209856342,0.1205228254674261,-3.48166111001555,True,False,False,False
hsa-miR-4483,-0.335733333333333,1.26201873995696,-0.62357,-0.17487,-0.20876,-2.48385979513652,0.0364366224296729,0.971715209856342,0.14539645830394093,-3.48787022707445,True,False,False,False
hsa-miR-135a-3p,-0.35637,1.28020069772248,-0.32391,-0.67541,-0.06979,-2.48017005619997,0.0366517721770061,0.971715209856342,0.17952338088819914,-3.49282512882696,True,False,False,False
hsa-miR-4659a-5p,0.315586666666667,1.24451762896118,0.36531,0.4793,0.10215,2.47241742678171,0.0371080001146713,0.971715209856342,0.10573258332532937,-3.5032355585271,True,False,False,False
hsa-miR-342-3p,-0.28641,1.21960164384166,-0.3063,-0.30551,-0.24742,-2.47189299416165,0.0371390673074649,0.971715209856342,0.004601757203335992,-3.50393975453685,True,False,False,False
hsa-mir-769,-0.29545,1.22726772228118,-0.33429,-0.38087,-0.17119,-2.4712565246177,0.0371768066319046,0.971715209856342,0.04330787180369511,-3.50479438648681,True,False,False,False
hsa-miR-487a-3p,-0.664153333333333,1.58463803229916,-0.28315,-1.4175,-0.29181,-2.69161169848956,0.0376362965646372,0.971715209856342,0.21992569625982764,-3.39528395647365,True,False,True,False
hsa-mir-4718,-0.307496666666667,1.23755845106808,-0.1223,-0.34835,-0.45184,-2.46351249077792,0.0376390850890306,0.971715209856342,0.08722195152652001,-3.51519240436176,True,False,False,False
hsa-miR-19b-3p,-0.378216666666666,1.29973424434285,-0.0124399999999998,-0.387,-0.73521,-2.45865589898151,0.0379319390978608,0.971715209856342,0.21162505244450497,-3.52171296738489,True,False,False,False
hsa-miR-616-3p,0.290093333333333,1.22271937741906,0.30646,0.19235,0.37147,2.45305854405761,0.0382722995902753,0.971715209856342,0.031057610791124526,-3.52922761723552,True,False,False,False
hsa-miR-6824-5p,-0.507903333333333,1.42198212858118,-0.45443,-1.0753,0.0060199999999999,-2.53224457132903,0.0386866741497851,0.971715209856342,0.24643006407818746,-3.48900518958259,False,False,False,False
hsa-miR-4467,-0.61989,1.53675800487833,-0.52223,-1.29209,-0.04535,-2.63287406449474,0.0387254696379275,0.971715209856342,0.22999038560391064,-3.43739923731965,True,False,True,False
hsa-miR-1227-5p,-0.30491,1.23534157010574,-0.48769,-0.15895,-0.26809,-2.44506462856939,0.038763708541526,0.971715209856342,0.08751953009052546,-3.53995875582486,True,False,False,False
hsa-mir-548at,-0.281943333333333,1.21583152640084,-0.27413,-0.28959,-0.28211,-2.44112153983108,0.0390084269628854,0.971715209856342,0.00025055450831026806,-3.54525154753654,True,False,False,False
hsa-miR-1908-5p,-0.343923333333333,1.26920343712755,-0.16757,-0.6756,-0.1886,-2.44008235698832,0.0390731788653731,0.971715209856342,0.17399040115887812,-3.54664638427018,True,False,False,False
hsa-mir-1248,0.363493333333333,1.28653734302187,0.49755,-0.01786,0.61079,2.43900380801429,0.0391404976326725,0.971715209856342,0.20102633193301808,-3.54809403543035,False,False,False,False
hsa-miR-8078,-0.298266666666667,1.22966613681397,-0.38085,-0.38214,-0.13181,-2.43714310820039,0.0392569085539834,0.971715209856342,0.06980960716159797,-3.55059144619152,True,False,False,False
hsa-miR-6756-3p,-0.401856666666667,1.32120713576065,-0.70223,0.0737399999999999,-0.57708,-2.4399852606595,0.0392774762327157,0.971715209856342,0.23672990011186315,-3.5491184522181,False,False,False,False
hsa-mir-6723,-0.28659,1.21975381875398,-0.34399,-0.19094,-0.32484,-2.43216986633697,0.0395697551765308,0.971715209856342,0.02707870132640523,-3.55726609258567,True,False,False,False
hsa-let-7i-3p,-0.32609,1.25361122233901,-0.19206,-0.60643,-0.17978,-2.43069481807394,0.0396630239326962,0.971715209856342,0.14557358901766904,-3.55924566100117,True,False,False,False
hsa-mir-3918,0.286956666666667,1.22006386342269,0.27854,0.3784,0.20393,2.43037625505213,0.0396831958850862,0.971715209856342,0.029647908210032378,-3.55967317729818,True,False,False,False
hsa-miR-8072,-0.335036666666667,1.26140946764578,-0.0235000000000003,-0.47301,-0.5086,-2.42332665081469,0.0401322277535012,0.971715209856342,0.16498306147496236,-3.56913320476007,True,False,False,False
hsa-miR-4306,-0.340536666666667,1.26622752906924,-0.66574,-0.23113,-0.12474,-2.41831705461785,0.0404544077775841,0.971715209856342,0.17584559871907804,-3.57585491110638,True,False,False,False
hsa-mir-5682,0.29576,1.22753146053569,0.41276,0.34126,0.13326,2.41474071693342,0.0406859936418566,0.971715209856342,0.07179463418733352,-3.58065309669761,True,False,False,False
hsa-mir-4683,-0.28947,1.22219120126477,-0.34345,-0.37031,-0.15465,-2.41000141308906,0.0409949321286461,0.971715209856342,0.050797316766549194,-3.58701100494875,True,False,False,False
hsa-miR-449b-5p,-0.284553333333333,1.21803309525286,-0.20663,-0.38099,-0.26604,-2.4086944073521,0.0410805432281733,0.971715209856342,0.03085737784728107,-3.58876427194522,True,False,False,False
hsa-miR-1225-5p,0.365106666666666,1.28797685345885,0.236549999999999,0.0967599999999997,0.76201,2.40424096950391,0.0413735956074033,0.971715209856342,0.21318678133616606,-3.59473788716586,True,False,False,False
hsa-miR-3188,-0.8393,1.78918181478422,0.0,-0.99535,-1.52255,-2.75716383119974,0.0414319011422387,0.971715209856342,0.20083338394446573,-3.41477667361339,False,False,False,False
hsa-miR-466,0.319156666666667,1.24760104537121,0.19116,0.17782,0.58849,2.4030452941358,0.0414526306688052,0.971715209856342,0.1413594241357868,-3.59634159906181,True,False,False,False
hsa-mir-6819,-0.316326666666667,1.24515614177842,-0.53936,-0.32065,-0.08897,-2.40185936212435,0.0415311707636152,0.971715209856342,0.13547560221007604,-3.59793219719627,True,False,False,False
hsa-mir-92a-1,-0.30743,1.23750126504596,-0.12018,-0.51677,-0.28534,-2.39534803798721,0.0419650500920409,0.971715209856342,0.11609542494495326,-3.60666450140099,True,False,False,False
hsa-miR-342-5p,-0.436243333333334,1.3530764295424,-0.92536,-0.4061,0.0227300000000001,-2.4292488129838,0.0419720355587149,0.971715209856342,0.25248067933242363,-3.58606143894429,False,False,False,False
hsa-mir-216b,-0.30796,1.23795596693409,-0.08671,-0.48315,-0.35402,-2.39262401991579,0.042147904747924,0.971715209856342,0.11865340552766791,-3.61031724035944,True,False,False,False
hsa-miR-4476,0.286866666666667,1.21998775425225,0.16474,0.39419,0.30167,2.39151707620928,0.0422224375600288,0.971715209856342,0.049967679504782155,-3.61180150877249,True,False,False,False
hsa-mir-5197,0.280346666666667,1.21448667958192,0.20519,0.28455,0.3513,2.3901180619534,0.0423168244219924,0.971715209856342,0.021947316636317844,-3.61367734369743,True,False,False,False
hsa-miR-6838-5p,0.33679,1.26294341327566,0.24373,0.10498,0.66166,2.38307690967001,0.0427950755773116,0.971715209856342,0.18173431820901167,-3.62311722018482,True,False,False,False
hsa-miR-3913-3p,0.28597,1.21922974064298,0.28206,0.40445,0.1714,2.38231888595649,0.0428468828872382,0.971715209856342,0.051176541088117304,-3.62413337082984,True,False,False,False
hsa-mir-519e,-0.29865,1.22999291041101,-0.40646,-0.09765,-0.39184,-2.38086802705251,0.0429462167890402,0.971715209856342,0.09718577310989826,-3.62607822376666,True,False,False,False
hsa-mir-636,-0.277883333333333,1.21241477054469,-0.26663,-0.34476,-0.22226,-2.37941883751056,0.0430456657973964,0.971715209856342,0.016201994926010665,-3.62802075762582,True,False,False,False
hsa-mir-627,0.276046666666667,1.21087225124247,0.23011,0.29276,0.30527,2.37908120557001,0.0430688683944208,0.971715209856342,0.007019531928353216,-3.62847331707278,True,False,False,False
hsa-mir-608,0.27794,1.21246239311981,0.20384,0.29206,0.33792,2.37442359486791,0.0433902228591675,0.971715209856342,0.01945534330674034,-3.63471588381839,True,False,False,False
hsa-mir-548f-5,0.33199,1.25874844849524,0.64974,0.11755,0.22868,2.37346086380787,0.0434569447089187,0.971715209856342,0.17708769250188425,-3.63600611735968,True,False,False,False
hsa-miR-26a-5p,-0.31872,1.24722348577867,-0.0450699999999991,-0.533569999999999,-0.37752,-2.35887521558188,0.0444804035786947,0.971715209856342,0.1574125340166863,-3.65554872524097,True,False,False,False
hsa-miR-378i,-0.748513333333333,1.68006067126539,-1.38494,0.04948,-0.91008,-2.64526137357951,0.04454846407402,0.971715209856342,0.2180259604957103,-3.49993313389183,False,False,False,False
hsa-miR-3674,-0.30656,1.23675522966628,-0.53409,-0.11001,-0.27558,-2.35493865402158,0.0447607199267086,0.971715209856342,0.13094373127388384,-3.6608215209322,True,False,False,False
hsa-miR-589-3p,-0.310896666666667,1.24047844500592,-0.57295,-0.15429,-0.20545,-2.35296625034148,0.04490183253573,0.971715209856342,0.1424280466827665,-3.66346317111234,True,False,False,False
hsa-mir-588,-0.316793333333333,1.24555897594591,-0.09067,-0.58509,-0.27462,-2.3436235500214,0.045576281831439,0.971715209856342,0.15928571314997436,-3.67597336488814,True,False,False,False
hsa-mir-6765,-0.29424,1.22623883444436,-0.49599,-0.23209,-0.15464,-2.33591585302437,0.04614028081535,0.971715209856342,0.1043595010323618,-3.68629095777197,True,False,False,False
hsa-mir-1827,0.280123333333333,1.21429868810914,0.30793,0.15337,0.37907,2.33537155844486,0.0461803701036196,0.971715209856342,0.052174585477383996,-3.68701943938635,True,False,False,False
hsa-miR-1287-5p,-0.40391,1.32308889875297,-0.11886,-0.91986,-0.17301,-2.34551479489748,0.0466246010836106,0.971715209856342,0.25851766520737185,-3.68467002421941,True,False,False,False
hsa-miR-4755-5p,0.283616666666667,1.21724254653222,0.44443,0.19635,0.21007,2.3256674556925,0.0469009518974275,0.971715209856342,0.07197916356338428,-3.70000470860742,True,False,False,False
hsa-miR-6797-5p,-0.35446,1.27850694722445,-0.03026,-0.73423,-0.29889,-2.32153301265803,0.0472113398991617,0.971715209856342,0.22610220727952524,-3.70553552180919,True,False,False,False
hsa-miR-3619-5p,-0.34665,1.27160447614999,0.0072799999999999,-0.66554,-0.38169,-2.31851435446306,0.0474392494045226,0.971715209856342,0.2174523177846908,-3.70957309094442,False,False,False,False
hsa-miR-6807-3p,0.366843333333333,1.28952820924027,0.14762,0.14336,0.80955,2.31966929337737,0.0475646014025552,0.971715209856342,0.23931957233462528,-3.70995141562649,True,False,False,False
hsa-miR-210-5p,-0.290043333333333,1.22267700192892,-0.11037,-0.45623,-0.30353,-2.31407496418836,0.0477764103197053,0.971715209856342,0.10127293154403047,-3.71550998246492,True,False,False,False
hsa-miR-3126-5p,-0.280966666666667,1.21500871891844,-0.41956,-0.27391,-0.14943,-2.31109120250025,0.0480043550755735,0.971715209856342,0.06926336360283526,-3.71949957613785,True,False,False,False
hsa-mir-612,0.2773,1.21192464687539,0.18904,0.41589,0.22697,2.30267867259925,0.0486528564649479,0.971715209856342,0.058449749814193735,-3.73074507268072,True,False,False,False
hsa-mir-455,0.27116,1.2067777482346,0.20519,0.23727,0.37102,2.29610992545319,0.0491652580317062,0.971715209856342,0.033328559989134914,-3.73952279728803,True,False,False,False
hsa-miR-641,-0.348606666666667,1.27333026991861,0.0296799999999999,-0.40622,-0.66928,-2.28935242377843,0.0496979637679627,0.971715209856342,0.2293240661047082,-3.74854982422373,False,False,False,False
hsa-mir-7705,-0.27135,1.20693668887326,-0.21016,-0.3822,-0.22169,-2.28793057848303,0.0498107762401448,0.971715209856342,0.039412396576389265,-3.75044881280507,True,False,False,False
hsa-let-7e-5p,-0.30345,1.23409204312137,-0.0763099999999994,-0.293,-0.54104,-2.28670356692362,0.0499083339675069,0.971715209856342,0.15226901302627463,-3.75208747539434,True,False,False,False
hsa-miR-4764-5p,-0.284873333333333,1.21830329360356,-0.34464,-0.0944,-0.41558,-2.28187592196881,0.0502940119891797,0.971715209856342,0.09974363493481046,-3.75853375049116,True,False,False,False
hsa-miR-4660,0.283433333333333,1.21708787284965,0.20882,0.16937,0.47211,2.27832889506108,0.0505792605718915,0.971715209856342,0.09641668235515596,-3.76326900550583,True,False,False,False
hsa-mir-139,-0.539473333333333,1.4534418305976,0.14186,-0.76164,-0.99864,-2.40734874519273,0.0507664001429153,0.971715209856342,0.26071829543551367,-3.68425657040501,False,False,False,False
hsa-miR-378f,-0.79785,1.73850835445827,-1.67658,-0.15701,-0.55996,-2.57929000603224,0.0510652657657762,0.971715209856342,0.2212703132453338,-3.59600880992011,True,False,False,False
hsa-miR-2392,-0.48079,1.39550761798158,-0.24146,-1.11469,-0.08622,-2.34950601425084,0.0512902901100325,0.971715209856342,0.2719398515138168,-3.72337168836627,True,False,False,False
hsa-miR-99b-3p,-0.333806666666667,1.2603344847888,-0.3431,-0.65354,-0.00478,-2.26820817183161,0.0514019869275119,0.971715209856342,0.21672337364683952,-3.77677515302644,True,False,False,False
hsa-let-7c-5p,-0.273129999999999,1.20842672876948,-0.21557,-0.190679999999999,-0.41314,-2.26748331249131,0.0514614168872767,0.971715209856342,0.060430081825907714,-3.77774219368348,True,False,False,False
hsa-mir-4734,0.294353333333333,1.2263351674804,0.44011,0.39115,0.0518000000000001,2.26623582658886,0.0515638551559144,0.971715209856342,0.1374553702454474,-3.7794063831191,True,False,False,False
hsa-mir-4497,0.26653,1.20291107878017,0.31724,0.16956,0.31279,2.26125985274508,0.0519744699078251,0.971715209856342,0.03155609485915917,-3.78604334114434,True,False,False,False
hsa-mir-3615,-0.27032,1.20607531408959,-0.39668,-0.26064,-0.15364,-2.24427490407034,0.0534005314827622,0.971715209856342,0.06150482377932735,-3.80868338599928,True,False,False,False
hsa-miR-1233-3p,-0.311976666666667,1.24140741354261,-0.58337,-0.0267599999999999,-0.3258,-2.23587336305279,0.0541201296991045,0.971715209856342,0.19194589498036968,-3.81987355111385,True,False,False,False
hsa-miR-3156-3p,0.31,1.23970769993899,0.61864,0.2111,0.10026,2.23573864072906,0.054131746298278,0.971715209856342,0.18807236196645433,-3.82005294195119,True,False,False,False
hsa-mir-18b,0.272856666666667,1.20819780165127,0.34473,0.36416,0.10968,2.23374775670077,0.0543036995008617,0.971715209856342,0.07929487444876343,-3.82270374304814,True,False,False,False
hsa-mir-4776-2,0.29534,1.22717415136067,0.0350900000000001,0.46667,0.38426,2.23352435224985,0.0543230285642845,0.971715209856342,0.15521454882918423,-3.82300117810745,True,False,False,False
hsa-miR-4725-5p,0.297906666666667,1.22935933283274,0.57233,0.14836,0.17303,2.23215162866346,0.054441946186762,0.971715209856342,0.16241620723360348,-3.82482869371288,True,False,False,False
hsa-miR-6743-5p,-0.481293333333333,1.39599457331478,-0.69223,-0.90976,0.15811,-2.31292925977103,0.0546468502968496,0.971715209856342,0.27765656758929136,-3.77304477106055,False,False,False,False
hsa-miR-664a-3p,-0.373776666666667,1.29574036557923,-0.64186,-0.60021,0.12074,-2.2320240238551,0.0549698458584952,0.971715209856342,0.2701448949848291,-3.82879657464145,False,False,False,False
hsa-miR-3147,-0.533323333333333,1.44725920576923,-1.20181,-0.39156,-0.0065999999999999,-2.34981451486368,0.055301352515083,0.971715209856342,0.26919379519872366,-3.75528778274888,True,False,False,False
hsa-miR-422a,-0.329496666666667,1.256574899059,-0.65463,-0.34055,0.0066899999999998,-2.22219272834187,0.0553123876603936,0.971715209856342,0.2266270369310666,-3.83808212520086,False,False,False,False
hsa-mir-1226,0.324963333333333,1.25263260206516,0.0224599999999999,0.65871,0.29372,2.22174937881545,0.0553514548803205,0.971715209856342,0.2199692421473234,-3.83867193643397,True,False,False,False
hsa-mir-3162,0.27294,1.20826759190852,0.22854,0.44057,0.14971,2.21940585894462,0.0555584135991369,0.971715209856342,0.08807907475400399,-3.84178935079674,True,False,False,False
hsa-miR-135a-5p,-0.379346666666667,1.30075266818769,-0.88592,-0.14744,-0.10468,-2.23017465800535,0.055575932439606,0.971715209856342,0.2733261171856621,-3.83446715186377,True,False,False,False
hsa-miR-513a-5p,0.266606666666667,1.20297500471778,0.21608,0.18236,0.40138,2.21907701465404,0.055587515051238,0.971715209856342,0.05946148033796538,-3.84222674882438,True,False,False,False
hsa-miR-92b-5p,-0.350656666666667,1.27514089685805,0.0,-0.29306,-0.75891,-2.2191616669201,0.0558041123380397,0.971715209856342,0.2534309564300615,-3.84371612335963,False,False,False,False
hsa-mir-548ag-2,-0.260786666666667,1.19813183880901,-0.34254,-0.18244,-0.25738,-2.21657677988276,0.0558092673156944,0.971715209856342,0.030040030741083166,-3.845552006782,True,False,False,False
hsa-miR-3180,-0.25689,1.19490009480394,-0.25324,-0.22336,-0.29407,-2.21633677467762,0.0558305997276412,0.971715209856342,0.006304082900008595,-3.84587117850232,True,False,False,False
hsa-miR-876-3p,0.318696666666667,1.24720331405479,0.61296,0.33958,0.0035499999999999,2.21506504431479,0.0559437690360899,0.971715209856342,0.21227150589281704,-3.84756230524246,True,False,False,False
hsa-miR-409-5p,-0.447603333333333,1.36377281619761,-0.25645,-1.046,-0.0403600000000002,-2.27670637428107,0.0560259906299274,0.971715209856342,0.280646805731062,-3.80657956910903,True,False,False,False
hsa-mir-133a-1,0.287126666666667,1.22020763814396,0.41665,0.0440499999999999,0.40068,2.21238601302542,0.0561829107691549,0.971715209856342,0.1421497670685126,-3.85112435065618,True,False,False,False
hsa-mir-133a-2,0.287126666666667,1.22020763814396,0.41665,0.0440499999999999,0.40068,2.21238601302542,0.0561829107691549,0.971715209856342,0.1421497670685126,-3.85112435065618,True,False,False,False
hsa-miR-183-5p,-1.10705666666667,2.1540573585223,-0.6414,-2.22666,-0.45311,-2.68346138477074,0.0563119498928629,0.971715209856342,0.18788215942153683,-3.59561210006184,True,False,False,False
hsa-miR-548t-5p,-0.269806666666667,1.20564625007348,-0.12459,-0.28008,-0.40475,-2.21090465964921,0.0563155740532737,0.971715209856342,0.07959230815439847,-3.85309367523184,True,False,False,False
hsa-mir-4484,-0.270416666666667,1.2061561289417,-0.20172,-0.43524,-0.17429,-2.21085324939528,0.0563201836490305,0.971715209856342,0.08232542058787419,-3.85316201681422,True,False,False,False
hsa-mir-320b-1,0.285696666666667,1.21899876697754,0.52166,0.12675,0.20868,2.20624652153321,0.0567347460371581,0.971715209856342,0.1408568499954389,-3.85928490513904,True,False,False,False
hsa-mir-1307,-0.275146666666667,1.21011710539094,-0.38719,-0.3581,-0.0801499999999999,-2.20250571096898,0.0570735895001473,0.971715209856342,0.10664112763651719,-3.86425540440689,True,False,False,False
hsa-mir-664b,0.266716666666667,1.20306673047522,0.19421,0.41825,0.18769,2.20004972197751,0.0572971340679273,0.971715209856342,0.07212027943320862,-3.86751800042564,True,False,False,False
hsa-miR-1273h-5p,-0.296056666666667,1.22778390828205,-0.17229,-0.58342,-0.13246,-2.19076845703944,0.0581497084700443,0.971715209856342,0.17635723716532523,-3.87984212386974,True,False,False,False
hsa-miR-99a-5p,-0.95012,1.93203335318305,-0.0277000000000001,-1.01258,-1.81008,-2.58205677675911,0.0581915925723343,0.971715209856342,0.20662245952875183,-3.65510670195932,True,False,False,False
hsa-mir-6789,0.281476666666667,1.21543830657729,0.0543100000000001,0.34809,0.44203,2.18672498349674,0.0585250238702645,0.971715209856342,0.13749223981900405,-3.88520855945257,True,False,False,False
hsa-miR-218-2-3p,0.266886666666667,1.20320850222097,0.35613,0.10453,0.34,2.18620396597164,0.0585735572772955,0.971715209856342,0.08161944187313337,-3.88589992524362,True,False,False,False
hsa-mir-4525,-0.315253333333333,1.24423011754852,-0.67098,-0.15429,-0.12049,-2.18273182286479,0.0588980013324473,0.971715209856342,0.2187835057283121,-3.89050658638703,True,False,False,False
hsa-miR-6084,0.285446666666667,1.21878754888911,0.0324,0.40741,0.41653,2.18075567102317,0.0590834433122695,0.971715209856342,0.15275703374769076,-3.89312788824476,True,False,False,False
hsa-miR-362-5p,0.354473333333334,1.2785187631922,0.80854,0.224320000000001,0.0305600000000004,2.18307523487326,0.0590938113005205,0.971715209856342,0.2687723190281772,-3.89154426872102,True,False,False,False
hsa-miR-4783-3p,-0.305506666666667,1.23585258564152,-0.24188,-0.61434,-0.0603,-2.179880382132,0.0591657632132733,0.971715209856342,0.20186863009801315,-3.8942888012429,True,False,False,False
hsa-mir-3148,-0.254086666666667,1.1925805117765,-0.18601,-0.28866,-0.28759,-2.17799562356734,0.0593434045135415,0.971715209856342,0.01747852508470233,-3.89678832236941,True,False,False,False
hsa-miR-3713,-0.252576666666667,1.19133294770607,-0.28023,-0.20334,-0.27416,-2.1754942550399,0.059579969800359,0.971715209856342,0.009413673431131097,-3.9001050006684,True,False,False,False
hsa-miR-4749-3p,-0.294116666666667,1.22613401003285,-0.0695700000000001,-0.24809,-0.56469,-2.17385040149467,0.0597359391911296,0.971715209856342,0.17926799425718148,-3.90228430066583,True,False,False,False
hsa-mir-208a,0.255433333333333,1.19369423170002,0.2162,0.34788,0.20222,2.17081571848368,0.060024922640982,0.971715209856342,0.03144808933331084,-3.90630670344946,True,False,False,False
hsa-mir-4758,-0.286853333333333,1.21997647922338,-0.39443,-0.0242100000000001,-0.44192,-2.17030254548022,0.060073925710139,0.971715209856342,0.1619189632553554,-3.9069868049323,True,False,False,False
hsa-miR-4664-5p,-0.261986666666667,1.19912883143632,-0.33107,-0.33745,-0.11744,-2.17011009032563,0.0600923134221046,0.971715209856342,0.06842769195854151,-3.90724185592846,True,False,False,False
hsa-miR-4495,-0.256146666666667,1.1942845937698,-0.30424,-0.15293,-0.31127,-2.16734577170436,0.0603570332897471,0.971715209856342,0.03833421572397978,-3.91090482481265,True,False,False,False
hsa-miR-3157-3p,-0.396073333333333,1.31592141265827,-0.86298,-0.41827,0.0930299999999997,-2.19364354023272,0.0605239251312664,0.971715209856342,0.287995125393823,-3.89333921151548,False,False,False,False
hsa-miR-6780a-5p,-0.26368,1.20053711029857,-0.29777,-0.11178,-0.38149,-2.16440357162136,0.0606400421881873,0.971715209856342,0.08049002398459103,-3.91480258962778,True,False,False,False
hsa-miR-3189-5p,-0.294266666666667,1.22626150036026,-0.27503,-0.55931,-0.04846,-2.1626440432164,0.06080991077971,0.971715209856342,0.1847052063741678,-3.91713312237907,True,False,False,False
hsa-miR-129-5p,-0.25351,1.19210391486513,-0.30242,-0.17081,-0.2873,-2.16233689117038,0.06083961160095,0.971715209856342,0.025862253502579247,-3.9175399168024,True,False,False,False
hsa-miR-4293,0.26447,1.20119468796379,0.42147,0.13336,0.23858,2.15829580902032,0.0612316985577548,0.971715209856342,0.08811086229270529,-3.92289098076033,True,False,False,False
hsa-miR-4492,-0.442756666666667,1.35919897217136,0.15862,-0.87932,-0.60757,-2.22082890345647,0.0612505123897945,0.971715209856342,0.29026485493036064,-3.87932506473241,False,False,False,False
hsa-miR-520a-3p,-0.26531,1.20189427956786,-0.40416,-0.10401,-0.28776,-2.1558300885171,0.0614721490305794,0.971715209856342,0.0934876858912705,-3.92615510755456,True,False,False,False
hsa-miR-3178,-0.981086666666667,1.97395166892629,-0.62149,-2.02614,-0.29563,-2.55858508771853,0.0615139731190142,0.971715209856342,0.20587679738281917,-3.69114613699058,True,False,False,False
hsa-miR-7-2-3p,-0.267583333333333,1.20378966293349,-0.16404,-0.18041,-0.4583,-2.14950340161967,0.0620933431614156,0.971715209856342,0.10722154188230472,-3.9345272392024,True,False,False,False
hsa-mir-191,0.25258,1.19133570027283,0.16416,0.27536,0.31822,2.14739937572571,0.0623012863869507,0.971715209856342,0.03148442817436782,-3.93731048889185,True,False,False,False
hsa-miR-4712-3p,-0.265926666666667,1.20240812798583,-0.37815,-0.08318,-0.33645,-2.14642831185822,0.0623974871092966,0.971715209856342,0.10205494105753574,-3.93859485974203,True,False,False,False
hsa-miR-548as-3p,0.260053333333333,1.19752297364988,0.36569,0.11162,0.30285,2.14347757939269,0.0626906998743895,0.971715209856342,0.07653580829939503,-3.94249695137948,True,False,False,False
hsa-miR-3198,0.31504,1.24404614510343,0.43347,0.5626,-0.0509499999999999,2.14326056691994,0.0627123173561632,0.971715209856342,0.23366673710730518,-3.94278389162222,False,False,False,False
hsa-mir-6777,0.254813333333333,1.19318135032311,0.34004,0.14286,0.28154,2.14244682789567,0.0627934420267768,0.971715209856342,0.048826372135209725,-3.94385979190516,True,False,False,False
hsa-miR-4536-3p,0.274926666666667,1.20993258582307,0.35989,0.0474300000000001,0.41746,2.1423147960919,0.0628066144308605,0.971715209856342,0.1392320697541446,-3.94403435288193,True,False,False,False
hsa-miR-6785-5p,-0.37481,1.29666877476756,0.13978,-0.54208,-0.72213,-2.15475908812427,0.0630968941795827,0.971715209856342,0.28949893559067036,-3.93674084254242,False,False,False,False
hsa-miR-6788-5p,-0.267673333333333,1.20386476158289,-0.46206,-0.13217,-0.20879,-2.13685668213734,0.0633535216336586,0.971715209856342,0.11519855556144257,-3.95124879047225,True,False,False,False
hsa-miR-4690-5p,-0.513896666666667,1.42790170226492,-1.12647,0.10034,-0.51556,-2.25203597902256,0.0635651277366692,0.971715209856342,0.28385723242392863,-3.87331970565596,False,False,False,False
hsa-mir-496,-0.272526666666667,1.20792147181919,-0.4756,-0.0846,-0.25738,-2.1300249926015,0.0640446167415688,0.971715209856342,0.13761555822223198,-3.96027376159379,True,False,False,False
hsa-mir-645,-0.293343333333333,1.22547693685853,-0.57818,-0.0469199999999999,-0.25493,-2.12811333535606,0.0642393139615228,0.971715209856342,0.19813118894138035,-3.96279813067357,True,False,False,False
hsa-miR-1343-5p,0.395973333333333,1.31583020309768,0.83235,-0.13287,0.48844,2.15811248510462,0.0642956109578074,0.971715209856342,0.29597911089313145,-3.9413913156437,False,False,False,False
hsa-mir-25,-0.257243333333333,1.1951927760196,-0.16359,-0.20367,-0.40447,-2.12519096980599,0.0645380654645862,0.971715209856342,0.07463860079722022,-3.96665628426084,True,False,False,False
hsa-miR-6515-3p,-0.24575,1.18570901389251,-0.27487,-0.2496,-0.21278,-2.12200609708814,0.0648651957263931,0.971715209856342,0.005337864568699524,-3.97085979736699,True,False,False,False
hsa-miR-3117-3p,0.257173333333333,1.19513478631125,0.13894,0.39812,0.23446,2.1216263678145,0.0649043068411573,0.971715209856342,0.07675265471785112,-3.97136089363217,True,False,False,False
hsa-miR-548at-3p,-0.346186666666667,1.27119615552465,-0.18542,-0.04267,-0.81047,-2.12325589211627,0.064970746166839,0.971715209856342,0.27974773866711405,-3.97053120982518,True,False,False,False
hsa-miR-191-3p,-0.28052,1.21463260347088,-0.22425,-0.53328,-0.08403,-2.11983906967755,0.0650887027619222,0.971715209856342,0.16885141241472587,-3.9737191951197,True,False,False,False
hsa-mir-181d,0.302033333333333,1.23288081072999,0.1902,0.0772600000000001,0.63864,2.11960424505781,0.0651129675830973,0.971715209856342,0.2201586564626969,-3.97402901128588,True,False,False,False
hsa-miR-4779,0.24532,1.18535566208419,0.2772,0.23698,0.22178,2.11926079951149,0.0651484722626026,0.971715209856342,0.004511135843496367,-3.97448212408844,True,False,False,False
hsa-miR-6852-3p,0.300523333333333,1.23159108832769,0.0470000000000002,0.23206,0.62251,2.1166378536161,0.0654202498091636,0.971715209856342,0.21845665428541197,-3.97794212332396,True,False,False,False
hsa-miR-5193,0.263573333333333,1.20044835102911,0.07254,0.38552,0.33266,2.11340141041919,0.0657571177109521,0.971715209856342,0.11241922453361677,-3.98221019666686,True,False,False,False
hsa-mir-3943,0.251763333333333,1.19066151147483,0.37375,0.20046,0.18108,2.11091990181739,0.0660165513130991,0.971715209856342,0.05440124068123932,-3.98548178642508,True,False,False,False
hsa-miR-548k,-0.259206666666667,1.19682039597269,-0.14963,-0.42994,-0.19805,-2.10872513546882,0.0662468372743495,0.971715209856342,0.09565864942796015,-3.98837467527673,True,False,False,False
hsa-miR-7844-5p,-0.428796666666667,1.34611033521455,-0.17228,-0.0710000000000002,-1.04311,-2.16506448796339,0.0663026904414818,0.971715209856342,0.2990922677422007,-3.94797153753421,True,False,False,False
hsa-miR-939-5p,0.619836666666667,1.53670119528956,1.27437,-0.11656,0.7017,2.30503898298286,0.0663416878000837,0.971715209856342,0.26438714431210586,-3.85738728288942,False,False,False,False
hsa-miR-921,0.24575,1.18570901389251,0.19774,0.22657,0.31294,2.10581604537282,0.0665532791396967,0.971715209856342,0.019263584820609348,-3.99220813671987,True,False,False,False
hsa-mir-5703,0.252546666666667,1.19130817489142,0.37076,0.13335,0.25353,2.10098889012354,0.067064814836442,0.971715209856342,0.0663962471164975,-3.99856667870359,True,False,False,False
hsa-miR-15b-5p,-0.30822,1.23817908931777,0.0347099999999987,-0.60731,-0.35206,-2.09740529200369,0.0674470416534199,0.971715209856342,0.2404291053146916,-4.0032851494839,False,False,False,False
hsa-miR-618,-0.25948,1.1970471673208,-0.40508,-0.28422,-0.08914,-2.09476306509069,0.0677302175182797,0.971715209856342,0.10615628498374835,-4.00676302617053,True,False,False,False
hsa-miR-6866-3p,0.263036666666667,1.20000188050939,0.37533,0.0565799999999999,0.3572,2.08807614396764,0.0684520484606591,0.971715209856342,0.12590330307282524,-4.01556056195729,True,False,False,False
hsa-miR-6872-5p,-0.314616666666667,1.24368115532627,0.0877300000000001,-0.53605,-0.49553,-2.07607936110315,0.0697658300729813,0.971715209856342,0.2588503905615663,-4.03132839422237,False,False,False,False
hsa-mir-184,0.303136666666667,1.23382404456686,0.59929,-0.03505,0.34517,2.07257465464431,0.0701542305159018,0.971715209856342,0.2417786027154299,-4.03593092271655,False,False,False,False
hsa-miR-3162-3p,0.251413333333333,1.19037269022609,0.29568,0.10219,0.35637,2.07165111913046,0.0702569276521229,0.971715209856342,0.08170101347177443,-4.03714345506782,True,False,False,False
hsa-miR-4650-3p,-0.248033333333333,1.18758710484487,-0.11904,-0.3429,-0.28216,-2.06734639645507,0.070737538851515,0.971715209856342,0.06555458463880126,-4.0427936030333,True,False,False,False
hsa-mir-642b,-0.25671,1.19475102061014,-0.36129,-0.0693600000000001,-0.33948,-2.06692214112539,0.0707850780127711,0.971715209856342,0.11177431512017771,-4.04335031198726,True,False,False,False
hsa-miR-4677-3p,0.247573333333333,1.18720850578524,0.21047,0.3748,0.15745,2.06668741626627,0.0708113929832139,0.971715209856342,0.06328598396318225,-4.04365830726988,True,False,False,False
hsa-miR-192-3p,-0.344626666666667,1.26982234180891,0.10306,-0.747,-0.38994,-2.06510912528363,0.071347592860447,0.971715209856342,0.29686745986733537,-4.04746881872718,False,False,False,False
hsa-miR-875-5p,0.28553,1.21885795085182,0.0825600000000001,0.5953,0.17873,2.06025562886341,0.0715361591849197,0.971715209856342,0.21125378399251632,-4.05209465642206,True,False,False,False
hsa-miR-6716-3p,-0.27575,1.21062328074457,-0.55274,-0.11689,-0.15762,-2.06009226781904,0.0715546607776811,0.971715209856342,0.1857107144949613,-4.05230885173714,True,False,False,False
hsa-mir-302b,-0.256676666666667,1.19472341631899,-0.10361,-0.4375,-0.22892,-2.0561195057526,0.072006028350716,0.971715209856342,0.11882091706746788,-4.05751662222515,True,False,False,False
hsa-mir-4687,0.27736,1.21197505045262,0.0264199999999999,0.28233,0.52333,2.05500419929979,0.0721332392270195,0.971715209856342,0.19289584191981962,-4.05897821768672,True,False,False,False
hsa-mir-23b,0.245256666666667,1.18530362691712,0.23728,0.14003,0.35846,2.05225590430961,0.0724476363451352,0.971715209856342,0.060413005037553334,-4.06257902373724,True,False,False,False
hsa-miR-8075,-0.53549,1.4494343599199,-1.24384,0.0276100000000001,-0.39024,-2.18986281593995,0.0727167400483602,0.971715209856342,0.2886823566083076,-3.96547081546208,False,False,False,False
hsa-miR-646,-0.26213,1.1992479721181,-0.1046,-0.19731,-0.48448,-2.04464259069607,0.0733255157650952,0.971715209856342,0.1489304651542677,-4.07254795042441,True,False,False,False
hsa-miR-4662a-3p,0.26457,1.20127795132057,0.19282,0.49868,0.10221,2.04444416253852,0.0733485331947245,0.971715209856342,0.15816029536771042,-4.07280765451858,True,False,False,False
hsa-mir-5681a,-0.289886666666667,1.2225442349029,-0.05948,-0.19094,-0.61924,-2.04429987050616,0.0733652752844775,0.971715209856342,0.22841161663273252,-4.07299650106502,True,False,False,False
hsa-mir-3658,0.23605,1.17776360706384,0.22643,0.25787,0.22385,2.04195975605812,0.0736373131815269,0.971715209856342,0.002139268802809856,-4.07605874549693,True,False,False,False
hsa-miR-6820-5p,-0.381803333333333,1.3029695178256,-0.1993,-0.00591,-0.9402,-2.06969996905994,0.0736943884272225,0.971715209856342,0.31193815434497524,-4.05511563902066,True,False,False,False
hsa-miR-4292,0.238676666666667,1.1799098751456,0.16767,0.29584,0.25252,2.04131665070553,0.0737122446786303,0.971715209856342,0.023980935424846465,-4.07690015591746,True,False,False,False
hsa-miR-217,-0.28361,1.21723692169029,-0.59599,-0.18251,-0.07233,-2.03827784183693,0.0740673095731122,0.971715209856342,0.21715766191743072,-4.08087512376802,True,False,False,False
hsa-mir-431,0.24611,1.18600492432026,0.35962,0.26904,0.10967,2.03676270315034,0.0742449603248551,0.971715209856342,0.07795850763807087,-4.082856486212,True,False,False,False
hsa-mir-6869,-0.279493333333333,1.21376854061212,-0.21711,-0.56901,-0.0523600000000002,-2.03619109749514,0.0743120882308187,0.971715209856342,0.20804741728124618,-4.08360388677868,True,False,False,False
hsa-miR-7975,-0.24467,1.18482172551678,-0.13597,-0.37125,-0.22679,-2.03553174992965,0.0743895931270546,0.971715209856342,0.0702358186400766,-4.08446594978392,True,False,False,False
hsa-miR-4663,-0.23782,1.17920945725474,-0.26826,-0.28507,-0.16013,-2.03195327875608,0.0748115980569687,0.971715209856342,0.026041818636720802,-4.08914341368349,True,False,False,False
hsa-mir-1913,0.238046666666667,1.17939474137073,0.23208,0.164,0.31806,2.02593833494275,0.0755261449640743,0.971715209856342,0.033318614937743726,-4.09700100468367,True,False,False,False
hsa-miR-6754-3p,0.259216666666667,1.19682869172827,0.34623,0.0336799999999999,0.39774,2.02393931068328,0.07576507407876,0.971715209856342,0.15030970079206876,-4.09961112587799,True,False,False,False
hsa-mir-6758,0.26133,1.19858315218183,0.47284,0.06172,0.24943,2.02321704624573,0.0758515803492815,0.971715209856342,0.15889763171557014,-4.10055402494423,True,False,False,False
hsa-miR-6882-3p,-0.264266666666667,1.20102540360224,-0.15704,-0.5142,-0.12156,-2.02305863535552,0.0758705660987089,0.971715209856342,0.1696130502114452,-4.10076081522352,True,False,False,False
hsa-miR-3926,0.23663,1.17823719309795,0.28509,0.26359,0.16121,2.02304567023519,0.0758721201879666,0.971715209856342,0.025106263663565356,-4.10077773976786,True,False,False,False
hsa-miR-1306-5p,-0.27566,1.21054776048996,-0.49966,-0.33288,0.00556,-2.02267148900616,0.075916985375512,0.971715209856342,0.2047902977390037,-4.10126618054768,False,False,False,False
hsa-mir-6839,0.23623,1.17791056166541,0.2757,0.15956,0.27343,2.01946074110582,0.0763030143179611,0.971715209856342,0.025344776397873033,-4.10545641639772,True,False,False,False
hsa-miR-140-3p,0.253923333333333,1.19244550256195,0.449249999999999,0.21428,0.0982400000000005,2.0160816013661,0.0767113324280554,0.971715209856342,0.13310753589281835,-4.10986458121436,True,False,False,False
hsa-mir-505,-0.263963333333333,1.20077290897766,-0.15157,-0.5169,-0.12342,-2.01599685311086,0.0767215999960635,0.971715209856342,0.17267583795193284,-4.10997511294545,True,False,False,False
hsa-mir-1183,0.263076666666667,1.20003515208744,0.12146,0.15501,0.51276,2.01454142406609,0.0768981374382612,0.971715209856342,0.17043041643140946,-4.1118731497109,True,False,False,False
hsa-mir-4295,0.23934,1.18045250784878,0.20112,0.35356,0.16334,2.01299114007374,0.0770866108060109,0.971715209856342,0.05425526238510127,-4.11389449937866,True,False,False,False
hsa-miR-621,0.26415,1.20092828400242,0.41459,0.0090799999999999,0.36878,2.01214376618696,0.0771898169643372,0.971715209856342,0.17555848210798958,-4.11499918453239,True,False,False,False
hsa-mir-4262,0.27386,1.20903834432776,0.01491,0.52971,0.27696,2.00948715073266,0.0775142435412556,0.971715209856342,0.20669910079119327,-4.11846171961506,True,False,False,False
hsa-mir-1273g,-0.246753333333333,1.1865339111293,-0.33857,-0.07527,-0.32642,-2.00928940206236,0.0775384450946848,0.971715209856342,0.10265628423202332,-4.11871941047486,True,False,False,False
hsa-miR-3605-5p,-0.558816666666667,1.47306048184011,-1.0426,-0.84234,0.20849,-2.17000845689618,0.0776461059033012,0.971715209856342,0.2864592785291322,-4.00265704856011,False,False,False,False
hsa-miR-4756-3p,0.242013333333333,1.1826419301259,0.2383,0.36902,0.11872,2.00470669645739,0.0781013432985583,0.971715209856342,0.0787980068313799,-4.12468938552946,True,False,False,False
hsa-mir-4772,0.23373,1.17587116571575,0.29917,0.2129,0.18912,2.00421686867745,0.0781617414522019,0.971715209856342,0.01985272941439512,-4.12532728200041,True,False,False,False
hsa-mir-4510,-0.245966666666667,1.18588709928443,-0.07758,-0.36317,-0.29715,-2.00150235993379,0.0784972690772245,0.971715209856342,0.10426050334579794,-4.12886160819173,True,False,False,False
hsa-miR-329-5p,0.231853333333333,1.17434257961527,0.2727,0.21514,0.20772,2.00030093581459,0.078646213384328,0.971715209856342,0.007753602191030788,-4.13042547447259,True,False,False,False
hsa-miR-3692-5p,0.238796666666667,1.18000802137172,0.30231,0.11437,0.29971,2.00020749110255,0.0786578094040699,0.971715209856342,0.061671699398850435,-4.13054709889864,True,False,False,False
hsa-miR-548an,0.2723,1.20773170612477,0.56882,0.12492,0.12316,1.99939446009882,0.0787587718898569,0.971715209856342,0.207672807126281,-4.13160524855968,True,False,False,False
hsa-miR-4772-3p,-0.25904,1.19668214184486,-0.27135,-0.46183,-0.0439399999999999,-1.99881924929264,0.0788302770422796,0.971715209856342,0.1651808472953611,-4.13235380927356,True,False,False,False
hsa-miR-194-5p,-0.24876,1.18818542764405,-0.0581899999999997,-0.314590000000001,-0.373500000000001,-1.99443943499698,0.0793767878583592,0.971715209856342,0.12388025914629373,-4.13805167566648,True,False,False,False
hsa-miR-7162-3p,0.402026666666667,1.32136282940373,-0.15541,0.46031,0.90118,2.04142410981649,0.0795711814182408,0.971715209856342,0.319855665428475,-4.10228598861673,False,False,False,False
hsa-miR-3130-5p,0.271143333333333,1.2067638070719,0.04092,0.22568,0.54683,1.99263240553966,0.0796033276519337,0.971715209856342,0.20801447980040327,-4.14040153410672,True,False,False,False
hsa-mir-3940,0.236483333333333,1.17811741772403,0.27146,0.12606,0.31193,1.99223767288025,0.0796528962674877,0.971715209856342,0.052503853875250965,-4.14091476771876,True,False,False,False
hsa-mir-4759,-0.250646666666667,1.18974027894661,-0.25372,-0.0714899999999998,-0.42673,-1.992175351587,0.0796607249841119,0.971715209856342,0.1344706800930265,-4.14099579571258,True,False,False,False
hsa-miR-16-2-3p,-0.38629,1.30702795668449,-0.72818,-0.63192,0.20123,-2.0272737830625,0.0800946880368987,0.971715209856342,0.3206802639342015,-4.11523002959125,False,False,False,False
hsa-mir-3667,0.24637,1.18621868333337,0.3731,0.0670999999999999,0.29891,1.9885901161522,0.0801123440499535,0.971715209856342,0.11606382429231035,-4.14565604354854,True,False,False,False
hsa-mir-5008,-0.2584,1.19615139439143,-0.0440100000000001,-0.46988,-0.26131,-1.98652633459076,0.0803734252958548,0.971715209856342,0.17033759541216975,-4.14833760717841,True,False,False,False
hsa-miR-6835-5p,-0.24417,1.18441116874571,-0.2166,-0.40658,-0.10933,-1.98530203281924,0.0805286930137199,0.971715209856342,0.10677994719395692,-4.1499280392897,True,False,False,False
hsa-miR-6752-5p,0.272173333333334,1.20762567357485,0.514320000000001,0.30958,-0.0073799999999995,1.98518970388012,0.0805429531466364,0.971715209856342,0.21476042706957507,-4.15007394708028,False,False,False,False
hsa-mir-4711,0.23071,1.17341228382257,0.28505,0.1835,0.22358,1.98257148805652,0.0808760226157744,0.971715209856342,0.015992093460784174,-4.15347419540271,True,False,False,False
hsa-miR-5689,-0.276316666666667,1.21109888687469,-0.58645,-0.20333,-0.0391700000000001,-1.97519053712555,0.0818221009226041,0.971715209856342,0.23047288804958554,-4.16305310637878,True,False,False,False
hsa-miR-6799-3p,-0.246533333333333,1.18635298754465,-0.15885,-0.44262,-0.13813,-1.97238430608112,0.0821845765243256,0.971715209856342,0.1287825690977342,-4.16669239921841,True,False,False,False
hsa-miR-671-5p,-0.424146666666667,1.34177862529256,-1.03598,0.0806800000000001,-0.31714,-2.0340595739224,0.0821980269443626,0.971715209856342,0.32380364040938975,-4.11849524296086,False,False,False,False
hsa-mir-1-1,0.242476666666667,1.18302180626882,0.35162,0.07027,0.30554,1.97095336048421,0.0823700011861408,0.971715209856342,0.10849585335392557,-4.16854758098215,True,False,False,False
hsa-mir-4276,-0.235563333333333,1.1773663771519,-0.30666,-0.10882,-0.29121,-1.97042472141508,0.0824386046212313,0.971715209856342,0.06565001348726354,-4.16923285164956,True,False,False,False
hsa-miR-6895-3p,-0.23636,1.17801670694769,-0.30879,-0.10235,-0.29794,-1.96952709158692,0.0825552187888688,0.971715209856342,0.07195563861523954,-4.17039632397795,True,False,False,False
hsa-let-7i-5p,-0.26573,1.20224422814933,0.0138300000000005,-0.349839999999999,-0.461180000000001,-1.9689806052836,0.0826262920930218,0.971715209856342,0.2051113926121409,-4.17110458499617,False,False,False,False
hsa-miR-1909-3p,-0.529953333333333,1.44388248969019,-0.51085,-1.20085,0.12184,-2.10766540279137,0.082806702113375,0.971715209856342,0.2996660142808147,-4.0676027608025,False,False,False,False
hsa-miR-6809-3p,0.2356,1.1773963007656,0.34797,0.12221,0.23662,1.96727903090784,0.082847966094918,0.971715209856342,0.06872724660870648,-4.17330951698767,True,False,False,False
hsa-miR-4743-5p,-0.37521,1.29702833753338,0.16172,-0.83459,-0.45276,-1.99828850814213,0.0830634433504638,0.971715209856342,0.3252627904110603,-4.14938204234892,False,False,False,False
hsa-mir-5194,-0.256783333333333,1.19481175229575,-0.43256,-0.32436,-0.0134300000000001,-1.96496213332237,0.0831507180031637,0.971715209856342,0.17763226551564604,-4.17631093085757,True,False,False,False
hsa-mir-572,-0.27755,1.21213467561048,-0.36039,-0.51677,0.0445099999999998,-1.96414673422696,0.083257519086608,0.971715209856342,0.23886343267724439,-4.1773669974335,False,False,False,False
hsa-mir-4481,0.23452,1.17651523294959,0.27529,0.31634,0.11193,1.96395332636847,0.083282870942476,0.971715209856342,0.06412334148423866,-4.17761747195259,True,False,False,False
hsa-miR-27a-5p,-0.29825,1.22965193123576,-0.70501,-0.08039,-0.10935,-1.95974133756405,0.0838368141093426,0.971715209856342,0.2804781534284327,-4.18307050244858,True,False,False,False
hsa-miR-4763-5p,0.30663,1.23681523886014,0.02355,0.16446,0.73188,1.95947149321104,0.0840623311149897,0.971715209856342,0.2923399819413292,-4.18410740847497,True,False,False,False
hsa-miR-1249,-0.240003333333333,1.18099539010513,-0.25485,-0.37838,-0.0867800000000001,-1.95775972761966,0.0840986454287349,0.971715209856342,0.10483632742486534,-4.18563482631596,True,False,False,False
hsa-miR-3153,-0.27138,1.2069617866771,0.0226200000000001,-0.51641,-0.32035,-1.95752476263122,0.0841297433373667,0.971715209856342,0.22705932836788562,-4.18593883595383,False,False,False,False
hsa-miR-129-2-3p,0.320443333333333,1.24871421389598,-0.0473399999999999,0.24441,0.76426,1.95878791228024,0.0842111233967513,0.971715209856342,0.30948700702659215,-4.18520177423285,False,False,False,False
hsa-mir-195,-0.26274,1.19975514509584,-0.13826,-0.5439,-0.10606,-1.95604647548912,0.0843256489941694,0.971715209856342,0.20319815850468706,-4.18785127828652,True,False,False,False
hsa-miR-760,-0.249663333333333,1.18892963454219,-0.0517000000000001,-0.4399,-0.25739,-1.95450624895342,0.0845302271830449,0.971715209856342,0.15587858502593196,-4.1898434080329,True,False,False,False
hsa-miR-561-3p,-0.260903333333333,1.19822873225908,0.01573,-0.38679,-0.41165,-1.95093299270362,0.0850066689789504,0.971715209856342,0.20028686950036315,-4.19446331063941,False,False,False,False
hsa-miR-6744-3p,-0.22671,1.17016340014827,-0.25373,-0.25562,-0.17078,-1.94973079246333,0.0851675413675432,0.971715209856342,0.014882417101003529,-4.19601709666714,True,False,False,False
hsa-mir-523,-0.2258,1.16942553601172,-0.26596,-0.20751,-0.20393,-1.9483758593453,0.0853492005269622,0.971715209856342,0.007836103641637013,-4.19776794799368,True,False,False,False
hsa-miR-5089-5p,0.243436666666667,1.18380927613975,0.08233,0.22415,0.42383,1.94520083171539,0.085776335818337,0.971715209856342,0.133257047699506,-4.20186933976629,True,False,False,False
hsa-miR-153-5p,-0.26683,1.20316124311619,-0.42804,0.03732,-0.40977,-1.94469684259606,0.0858443248428673,0.971715209856342,0.22160170297061518,-4.20252019516211,False,False,False,False
hsa-miR-6826-3p,-0.22774,1.17099912676823,-0.14886,-0.28563,-0.24873,-1.94353379903151,0.0860014180100171,0.971715209856342,0.030704652266921276,-4.20402196914573,True,False,False,False
hsa-mir-6068,0.23772,1.17912772351639,0.15543,0.15406,0.40367,1.94306259408401,0.0860651421468977,0.971715209856342,0.10329965908086716,-4.20463033477289,True,False,False,False
hsa-let-7d-3p,-0.257436666666667,1.19535295268911,-0.0062899999999999,-0.46108,-0.30494,-1.94290526985741,0.0860864281748368,0.971715209856342,0.19343717256407278,-4.20483344403335,True,False,False,False
hsa-mir-3938,0.261576666666667,1.1987880990199,0.46275,-0.0153500000000002,0.33733,1.93932405857989,0.0865723293761628,0.971715209856342,0.2091143643730112,-4.20945555645357,False,False,False,False
hsa-miR-520h,0.269253333333333,1.20518392344108,0.58614,0.11173,0.10989,1.93869172889615,0.0866583958480092,0.971715209856342,0.23135235407310534,-4.21027141411513,True,False,False,False
hsa-mir-8070,0.24318,1.18359868599719,0.34104,0.04189,0.34661,1.93845194545007,0.086691054156976,0.971715209856342,0.13698927335458957,-4.21058077186827,True,False,False,False
hsa-miR-6516-5p,-0.32794,1.25521978707371,0.14187,-0.41516,-0.71053,-1.9440428740594,0.0869346164457195,0.971715209856342,0.31980503161740254,-4.20681146553739,False,False,False,False
hsa-miR-1281,1.17597,2.25944744476296,0.3236,0.70265,2.50166,2.3235983200261,0.0874030877915562,0.971715209856342,0.22214592286709783,-3.95518768887455,True,False,False,False
hsa-miR-6890-3p,-0.236076666666667,1.177785376959,-0.24543,-0.37253,-0.0902700000000001,-1.93306252179377,0.0874281956888862,0.971715209856342,0.10162547207173145,-4.21753095008449,True,False,False,False
hsa-mir-4439,0.22528,1.16900410827841,0.23155,0.16594,0.27835,1.93268401861177,0.0874801898071447,0.971715209856342,0.020306295796911823,-4.21801884851087,True,False,False,False
hsa-miR-300,0.253886666666667,1.19241519647168,0.45108,0.302,0.00858,1.92792590124826,0.0881363220864026,0.971715209856342,0.19002234616193425,-4.22414970494348,True,False,False,False
hsa-miR-4657,-0.24136,1.1821064846942,-0.08819,-0.4285,-0.20739,-1.92674239655892,0.0883002515579707,0.971715209856342,0.13653088613289585,-4.22567394672153,True,False,False,False
hsa-mir-3156-2,0.24433,1.18454253143182,0.42888,0.24887,0.05524,1.92587284642566,0.0884208797486201,0.971715209856342,0.15179178124408327,-4.22679366381817,True,False,False,False
hsa-miR-4711-3p,-0.320033333333333,1.24835939179483,-0.79946,-0.16384,0.0032,-1.92682873786827,0.0885389597745836,0.971715209856342,0.3207620179393386,-4.2263866080567,False,False,False,False
hsa-miR-7157-3p,0.25145,1.1904029444046,0.0605199999999999,0.48845,0.20538,1.92401487826599,0.0886791525430516,0.971715209856342,0.18336715398912948,-4.22918564866235,True,False,False,False
hsa-miR-4455,-0.294456666666667,1.22642300713839,0.0032099999999999,-0.69086,-0.19572,-1.92354011263295,0.0887452640743713,0.971715209856342,0.2897294439171691,-4.22979675845956,False,False,False,False
hsa-miR-653-5p,0.24132,1.18207371019747,0.22811,0.07363,0.42222,1.92307668853882,0.0888098415733471,0.971715209856342,0.1391036505003172,-4.23039322524696,True,False,False,False
hsa-miR-4742-3p,-0.28377,1.21737192507079,0.0935499999999999,-0.46996,-0.4749,-1.92296468776486,0.0888254554404416,0.971715209856342,0.27146119366926497,-4.23053737332105,False,False,False,False
hsa-mir-30d,0.222146666666667,1.16646794874315,0.22563,0.20905,0.23176,1.92294420886976,0.0888283106565973,0.971715209856342,0.0009310765131886151,-4.23056372994456,True,False,False,False
hsa-mir-892a,0.240606666666667,1.1814893842455,0.42454,0.2129,0.0843799999999999,1.92225564704435,0.0889243624875821,0.971715209856342,0.13605083199037277,-4.23144986868861,True,False,False,False
hsa-mir-3972,0.238886666666667,1.18008163639884,0.29508,0.0501199999999999,0.37146,1.91490112198498,0.08995648099199,0.971715209856342,0.13264251232021357,-4.24090862885058,True,False,False,False
hsa-mir-8061,0.225956666666667,1.16955253440256,0.28737,0.26359,0.12691,1.91462806574766,0.089995019835177,0.971715209856342,0.04563403613551153,-4.24125959498632,True,False,False,False
hsa-miR-3201,0.222086666666667,1.16641943771373,0.25214,0.2406,0.17352,1.91301828732016,0.0902225416503027,0.971715209856342,0.011962481441402892,-4.24332836872864,True,False,False,False
hsa-miR-215-5p,-0.25295,1.19164127471889,-0.3573,0.0124000000000001,-0.41395,-1.90814465067427,0.0909147094211483,0.971715209856342,0.19899525097875234,-4.24958831894524,False,False,False,False
hsa-mir-518f,-0.222696666666667,1.16691272720286,-0.15889,-0.28417,-0.22503,-1.90642531037299,0.0911600977772846,0.971715209856342,0.025398677047426172,-4.25179553634542,True,False,False,False
hsa-miR-6840-3p,-0.24818,1.18770784297115,-0.46896,-0.0360100000000001,-0.23957,-1.90100030174244,0.091938501528983,0.971715209856342,0.18562215483721603,-4.25875582745842,True,False,False,False
hsa-miR-2276-5p,0.253206666666667,1.19185329582782,0.27273,0.00574,0.48115,1.89656644450575,0.0925793756367616,0.971715209856342,0.20707541651896397,-4.2644398000184,True,False,False,False
hsa-miR-323a-3p,-0.22618,1.16973359850614,-0.28362,-0.29103,-0.10389,-1.89654503085163,0.0925824810557595,0.971715209856342,0.06600933877888603,-4.2644672409395,True,False,False,False
hsa-mir-4724,-0.22547,1.16915807387799,-0.19767,-0.1405,-0.33824,-1.89520563649019,0.0927769173624723,0.971715209856342,0.06168122883088964,-4.26618343569595,True,False,False,False
hsa-miR-4662b,-0.234913333333333,1.17683603931145,-0.0509600000000001,-0.35171,-0.30207,-1.89360331009694,0.093010032025847,0.971715209856342,0.12764027336854952,-4.26823602097071,True,False,False,False
hsa-mir-622,0.219746666666667,1.16452908036794,0.26538,0.17792,0.21594,1.89219139060096,0.0932159059342142,0.971715209856342,0.013016958327286743,-4.27004423263733,True,False,False,False
hsa-mir-8071-1,0.219286666666667,1.16415783213449,0.20706,0.1783,0.2725,1.88598022592693,0.094126708969323,0.971715209856342,0.01577383713657082,-4.27799355444867,True,False,False,False
hsa-mir-8071-2,0.219286666666667,1.16415783213449,0.20706,0.1783,0.2725,1.88598022592693,0.094126708969323,0.971715209856342,0.01577383713657082,-4.27799355444867,True,False,False,False
hsa-miR-644a,-0.273466666666667,1.20870875959408,0.0864799999999999,-0.4375,-0.46938,-1.88544888797328,0.0942050147919745,0.971715209856342,0.26843481775687406,-4.2786731909283,False,False,False,False
hsa-miR-320e,-0.384316666666667,1.30524141231035,-0.96735,0.09795,-0.28355,-1.92400235308664,0.0951552233770989,0.971715209856342,0.34275575599771163,-4.2493769594189,False,False,False,False
hsa-miR-486-3p,-0.376513333333334,1.29820060473545,-0.54463,-0.80068,0.21577,-1.91682365803401,0.0957753896160764,0.971715209856342,0.3426683751058427,-4.25706186363711,False,False,False,False
hsa-mir-550a-1,-0.236026666666667,1.17774455873567,-0.0352200000000003,-0.29343,-0.37943,-1.87346986934552,0.0959868896091535,0.971715209856342,0.14998677920955955,-4.29397894884256,True,False,False,False
hsa-mir-550a-3,-0.236026666666667,1.17774455873567,-0.0352200000000003,-0.29343,-0.37943,-1.87346986934552,0.0959868896091535,0.971715209856342,0.14998677920955955,-4.29397894884256,True,False,False,False
hsa-mir-550a-2,-0.236026666666667,1.17774455873567,-0.0352200000000003,-0.29343,-0.37943,-1.87346986934552,0.0959868896091535,0.971715209856342,0.14998677920955955,-4.29397894884256,True,False,False,False
hsa-miR-4732-5p,-0.284273333333333,1.21779672085389,-0.22474,-0.66152,0.0334399999999997,-1.87077721920193,0.0963917898269733,0.971715209856342,0.2960562057350857,-4.29741495166214,False,False,False,False
hsa-miR-454-3p,-0.479383333333333,1.39414762345137,0.0451600000000001,-1.19767,-0.28564,-1.97650387394461,0.0968409941239109,0.971715209856342,0.3260906028526401,-4.21311846138308,False,False,False,False
hsa-miR-3118,-0.216966666666667,1.16228725267014,-0.20469,-0.17811,-0.2681,-1.86708055546952,0.0969502985305333,0.971715209856342,0.014800980444683783,-4.30212946101485,True,False,False,False
hsa-mir-6824,0.21714,1.1624269046555,0.18535,0.19042,0.27565,1.86618983338133,0.0970853296815369,0.971715209856342,0.017715155741930735,-4.30326496979305,True,False,False,False
hsa-miR-6801-3p,0.227276666666667,1.17062311118737,0.13065,0.3896,0.16158,1.86091920919629,0.0978879881929663,0.971715209856342,0.10846910983943873,-4.30998032884017,True,False,False,False
hsa-miR-758-5p,-0.215236666666667,1.16089433748174,-0.18136,-0.24339,-0.22096,-1.85846559811937,0.0982637816484115,0.971715209856342,0.0070234111872781385,-4.3131043129112,True,False,False,False
hsa-miR-6884-5p,-0.231896666666667,1.17437785314243,-0.0648499999999999,-0.22963,-0.40121,-1.85837300364387,0.0982779900066433,0.971715209856342,0.1395579786582752,-4.31322217859304,True,False,False,False
hsa-miR-215-3p,0.244326666666667,1.1845397945606,0.43848,0.29658,-0.0020799999999998,1.85582409473201,0.0986698754793692,0.971715209856342,0.20057971234596716,-4.31646596079395,False,False,False,False
hsa-miR-381-5p,-0.25324,1.19188083380433,-0.03429,-0.53861,-0.18682,-1.85569302280324,0.0986900671473291,0.971715209856342,0.23199254809044406,-4.31663272406034,True,False,False,False
hsa-miR-1268b,-0.240656666666667,1.18153033225685,-0.450159999999999,-0.02501,-0.2468,-1.85068666690233,0.0994642237843961,0.971715209856342,0.18902260487076247,-4.32299931393178,True,False,False,False
hsa-miR-4329,-0.254403333333333,1.19284230788324,-0.35859,0.0472000000000001,-0.45182,-1.85050990520161,0.0994916617490307,0.971715209856342,0.2386408306230753,-4.32322399431332,False,False,False,False
hsa-miR-369-5p,0.269233333333333,1.20516721616012,0.40955,-0.09168,0.48983,1.84973994765821,0.0996112622912402,0.971715209856342,0.27705321556269985,-4.32420259514902,False,False,False,False
hsa-mir-3164,0.279843333333333,1.2140630384181,-0.0722100000000001,0.62512,0.28662,1.84732093792564,0.0999878995795759,0.971715209856342,0.29903246005092976,-4.32727619640933,False,False,False,False
hsa-miR-548as-5p,-0.23274,1.17506454124121,-0.41669,-0.22977,-0.05176,-1.84184643205677,0.100845238396047,0.971715209856342,0.15779966467884404,-4.33422698191492,True,False,False,False
hsa-miR-3529-3p,-0.2321,1.17454338153549,-0.24153,-0.40992,-0.0448500000000001,-1.83639241328068,0.101706253552125,0.971715209856342,0.1587904488839013,-4.34114460870706,True,False,False,False
hsa-mir-26a-2,0.22095,1.16550080425477,0.32803,0.0897300000000001,0.24509,1.83540932387899,0.101862186486499,0.971715209856342,0.08706728704756836,-4.34239074970401,True,False,False,False
hsa-mir-4678,0.224526666666667,1.16839384772313,0.33654,0.0602,0.27684,1.83286101683131,0.102267435190415,0.971715209856342,0.11598101448086115,-4.34561983067006,True,False,False,False
hsa-miR-8060,0.270026666666667,1.20583011595798,0.11885,0.0471999999999999,0.64403,1.83180115671131,0.102436427557422,0.971715209856342,0.28769783067626414,-4.34696236397266,True,False,False,False
hsa-mir-3677,-0.22538,1.1690851402769,-0.39635,-0.17038,-0.10941,-1.83160081514279,0.102468401096039,0.971715209856342,0.12291597358017164,-4.34721610741628,True,False,False,False
hsa-mir-3661,0.211813333333333,1.15814294730978,0.23643,0.18434,0.21467,1.8305367957549,0.102638370834782,0.971715209856342,0.005046895356601327,-4.34856358108885,True,False,False,False
hsa-miR-4711-5p,-0.295476666666667,1.22729040721514,0.0256800000000001,-0.74386,-0.16825,-1.83035315123187,0.102923911813883,0.971715209856342,0.3293248668268446,-4.34941531032183,False,False,False,False
hsa-miR-106b-5p,-0.211349999999999,1.15777105993336,-0.22626,-0.17855,-0.229239999999999,-1.82586086072192,0.103388467532405,0.971715209856342,0.005983631563246075,-4.35448188943382,True,False,False,False
hsa-miR-134-5p,0.210556666666667,1.15713458038998,0.19882,0.21038,0.22247,1.82260913044109,0.10391313352132,0.971715209856342,0.0010498600403008496,-4.35859440783067,True,False,False,False
hsa-mir-632,-0.23253,1.17489351022775,-0.0527600000000001,-0.20816,-0.43667,-1.82226465630023,0.103968860696952,0.971715209856342,0.172337165570258,-4.3590299164853,True,False,False,False
hsa-miR-4717-5p,0.28782,1.22079418895786,-0.15135,0.54003,0.47478,1.82369702853685,0.103993804440883,0.971715209856342,0.32157365652076786,-4.35782484495953,False,False,False,False
hsa-mir-8083,-0.210363333333333,1.15697952496234,-0.20667,-0.19224,-0.23218,-1.81948564820274,0.104419461804263,0.971715209856342,0.003066859492474961,-4.36254225509323,True,False,False,False
hsa-mir-450b,0.24504,1.18512562914561,0.37211,0.40298,-0.0399700000000001,1.81785767364984,0.104684280471281,0.971715209856342,0.22826842481725104,-4.36459892724149,False,False,False,False
hsa-miR-496,-0.25418,1.192657666762,-0.48978,-0.32933,0.05657,-1.81700238987311,0.104823659994869,0.971715209856342,0.2574719565214836,-4.36567916848076,False,False,False,False
hsa-miR-4284,-0.22214,1.16646255852914,-0.22443,-0.0757299999999999,-0.36626,-1.81355779210736,0.105386767360136,0.971715209856342,0.11788586336268492,-4.3700279054834,True,False,False,False
hsa-mir-4456,0.225923333333333,1.16952551231334,0.0832900000000001,0.18531,0.40917,1.81281473359797,0.105508610943602,0.971715209856342,0.14342874161556896,-4.37096560992882,True,False,False,False
hsa-mir-6832,-0.227466666666667,1.17077729002038,-0.40413,-0.0544899999999999,-0.22378,-1.81239483934603,0.105577521865495,0.971715209856342,0.15300241682467555,-4.37149543473629,True,False,False,False
hsa-mir-1908,0.250913333333333,1.18996020997058,-0.01728,0.52587,0.24415,1.81231691050509,0.105590315798299,0.971715209856342,0.250751319047257,-4.37159376085509,False,False,False,False
hsa-mir-6816,0.226143333333333,1.16970386964058,0.26195,0.0403699999999998,0.37611,1.80835298939623,0.10624301272387,0.971715209856342,0.14870995472071316,-4.37659317544469,True,False,False,False
hsa-miR-6782-5p,-0.376003333333333,1.29774176535587,-0.83852,-0.52096,0.23147,-1.8509592493393,0.106651820059256,0.971715209856342,0.35770281086135314,-4.34052053485987,False,False,False,False
hsa-miR-3154,0.22407,1.16802406611943,0.0467200000000001,0.3646,0.26089,1.80488276657646,0.106817521739364,0.971715209856342,0.1389975511393373,-4.38096663560554,True,False,False,False
hsa-miR-6805-3p,-0.26019,1.19763642051183,-0.1774,-0.6004,-0.0027699999999999,-1.8040898573943,0.106949199054741,0.971715209856342,0.28016802604908786,-4.38196549208571,True,False,False,False
hsa-mir-1237,0.212963333333333,1.15906649339547,0.19634,0.13377,0.30878,1.80266195883013,0.10718671187833,0.971715209856342,0.05322787959850757,-4.38376386028189,True,False,False,False
hsa-miR-648,0.214226666666667,1.16008190455508,0.32778,0.13838,0.17652,1.80231269912794,0.107244881985427,0.971715209856342,0.06577359127024457,-4.38420365586874,True,False,False,False
hsa-mir-3978,-0.210286666666667,1.15691804321863,-0.16209,-0.28276,-0.18601,-1.79938280850316,0.107734028812163,0.971715209856342,0.02942124859071704,-4.38789179950086,True,False,False,False
hsa-mir-3668,-0.221703333333333,1.16610955375253,-0.04593,-0.33138,-0.2878,-1.79799577905359,0.107966322156929,0.971715209856342,0.12985249322885048,-4.38963701607565,True,False,False,False
hsa-mir-1275,-0.225353333333333,1.16906353119478,-0.39836,-0.22635,-0.0513499999999999,-1.79766646242067,0.108021543451769,0.971715209856342,0.15339277815257804,-4.39005130224606,True,False,False,False
hsa-miR-4776-5p,-0.216603333333333,1.1619945750648,-0.17018,-0.35539,-0.12424,-1.79763499116862,0.108026822077033,0.971715209856342,0.0919485629089496,-4.39009089216497,True,False,False,False
hsa-mir-448,0.22346,1.16753030683354,0.23839,0.37949,0.0525,1.79711815770674,0.108113544324461,0.971715209856342,0.14222591918044977,-4.39074101678677,True,False,False,False
hsa-mir-3922,-0.244686666666667,1.18483541319316,-0.5387,-0.0623800000000001,-0.13298,-1.79612325558438,0.108280667786089,0.971715209856342,0.24098224440264207,-4.39199230816234,True,False,False,False
hsa-mir-4479,0.246356666666667,1.18620772039556,-0.01257,0.5168,0.23484,1.79287455747941,0.10882806884305,0.971715209856342,0.24849111774811833,-4.39607640721074,False,False,False,False
hsa-miR-3655,0.236233333333333,1.17791328321983,0.12539,0.49601,0.0872999999999999,1.79269665674301,0.108858119523309,0.971715209856342,0.21163505788922385,-4.3962999753021,True,False,False,False
hsa-mir-1244-2,-0.236833333333333,1.17840326546444,0.0276299999999998,-0.37581,-0.36232,-1.79104136594662,0.109138100726897,0.971715209856342,0.2152964726009535,-4.39837978341468,False,False,False,False
hsa-mir-1244-1,-0.236833333333333,1.17840326546444,0.0276299999999998,-0.37581,-0.36232,-1.79104136594662,0.109138100726897,0.971715209856342,0.2152964726009535,-4.39837978341468,False,False,False,False
hsa-mir-1244-3,-0.236833333333333,1.17840326546444,0.0276299999999998,-0.37581,-0.36232,-1.79104136594662,0.109138100726897,0.971715209856342,0.2152964726009535,-4.39837978341468,False,False,False,False
hsa-miR-28-3p,-0.244893333333333,1.18500515351794,0.0402899999999999,-0.30464,-0.47033,-1.79085819971683,0.109169123409674,0.971715209856342,0.24500830176948177,-4.39860988039274,False,False,False,False
hsa-mir-5572,-0.25071,1.18979250888396,-0.04617,-0.13183,-0.57413,-1.78706240838512,0.109813871970159,0.971715209856342,0.2650887056473851,-4.40337623729778,True,False,False,False
hsa-mir-5696,-0.21125,1.15769081213997,-0.28175,-0.2451,-0.1069,-1.78493628463902,0.110176566444276,0.971715209856342,0.0580349956053715,-4.40604433584671,True,False,False,False
hsa-miR-3197,-0.207633333333333,1.15479225222292,-0.19979,-0.1618,-0.26131,-1.78475816622214,0.110207002351906,0.971715209856342,0.018945140130262692,-4.40626780435323,True,False,False,False
hsa-miR-6165,-0.260333333333333,1.19775541291359,-0.49594,-0.38579,0.10073,-1.78359790638654,0.110405453600866,0.971715209856342,0.2914072445585629,-4.4077232673035,False,False,False,False
hsa-miR-4743-3p,0.21067,1.15722548461199,0.15759,0.16065,0.31377,1.78269352462299,0.110560370870472,0.971715209856342,0.054998925833253144,-4.40885750093006,True,False,False,False
hsa-mir-4285,-0.25306,1.19173213628965,-0.40783,-0.43737,0.08602,-1.7818869484287,0.110698705694214,0.971715209856342,0.27451668797570233,-4.40986888732011,False,False,False,False
hsa-miR-4764-3p,0.305776666666667,1.23608389677429,-0.12713,0.76039,0.28407,1.78520209944057,0.111398946670009,0.971715209856342,0.3553904192848509,-4.40830935889527,False,False,False,False
hsa-miR-6741-3p,-0.216793333333333,1.16214761746233,-0.06023,-0.2588,-0.33135,-1.77649970212223,0.111626818553816,0.971715209856342,0.11592157342663809,-4.41661962438778,True,False,False,False
hsa-miR-4717-3p,-0.300636666666667,1.23168784183555,-0.36099,0.15936,-0.70028,-1.78186865690399,0.111738224753812,0.971715209856342,0.3521831933698796,-4.41199357580141,False,False,False,False
hsa-miR-4691-3p,-0.281743333333333,1.21566298804439,-0.3027,0.11476,-0.65729,-1.77493168020564,0.112156691121735,0.971715209856342,0.3339651064338021,-4.41909640386043,False,False,False,False
hsa-miR-8056,-0.212136666666667,1.15840253660231,-0.32508,-0.10254,-0.20879,-1.77308538060635,0.112218791481375,0.971715209856342,0.08080269586152226,-4.42089405094292,True,False,False,False
hsa-miR-95-3p,-0.226466666666667,1.16996605022951,-0.14759,-0.0839000000000001,-0.44791,-1.77259880049282,0.112303392474227,0.971715209856342,0.18111059786474537,-4.42150294899147,True,False,False,False
hsa-miR-29b-2-5p,-0.277476666666667,1.21207306340931,-0.08266,-0.03874,-0.71103,-1.77031822967475,0.112949676754775,0.971715209856342,0.3295768497862072,-4.42484227634218,True,False,False,False
hsa-miR-6806-3p,-0.24665,1.18644892843382,0.0021600000000001,-0.1954,-0.54671,-1.76881297206349,0.112963663687853,0.971715209856342,0.2641712225504217,-4.42623827098968,False,False,False,False
hsa-miR-6075,-0.26025,1.19768622984607,-0.0127599999999999,-0.62964,-0.13835,-1.76519702926919,0.113597683026369,0.971715209856342,0.30090660300932853,-4.43075744445,True,False,False,False
hsa-miR-1233-5p,-0.638663333333333,1.55688602550506,0.0451900000000001,-1.55128,-0.4099,-1.94821464490833,0.113601827311187,0.971715209856342,0.31084799012879755,-4.27984730907138,False,False,False,False
hsa-miR-302d-3p,-0.243646666666667,1.18398160503466,-0.0954600000000001,-0.55464,-0.08084,-1.76418780552001,0.113775231253611,0.971715209856342,0.25777390519362525,-4.43201812286356,True,False,False,False
hsa-miR-6798-5p,-0.286273333333334,1.21948611631014,-0.35154,-0.65465,0.14737,-1.76309379277219,0.114226730402263,0.971715209856342,0.3454592542190731,-4.43387626461274,False,False,False,False
hsa-miR-320c,-0.214106666666667,1.15998541566783,-0.324540000000001,-0.25413,-0.0636499999999991,-1.76142922740064,0.114261855281834,0.971715209856342,0.1108672061859243,-4.43546258641864,True,False,False,False
hsa-mir-384,0.206163333333333,1.1536162032175,0.27498,0.13899,0.20452,1.76133437441724,0.114278622138605,0.971715209856342,0.03441285511079834,-4.43558098601475,True,False,False,False
hsa-miR-4789-3p,-0.226096666666667,1.16966603399535,-0.02031,-0.42428,-0.2337,-1.75677769238693,0.11508679530933,0.971715209856342,0.19224003765218642,-4.44126589423559,True,False,False,False
hsa-mir-125a,-0.202453333333333,1.15065340259639,-0.20582,-0.21605,-0.18549,-1.75193567963469,0.115951400247502,0.971715209856342,0.00196212784640933,-4.44730043575611,True,False,False,False
hsa-miR-604,-0.227403333333333,1.17072589481991,-0.40079,-0.28887,0.0074499999999999,-1.75170836319715,0.115992138647643,0.971715209856342,0.20284400378954748,-4.44758357593699,False,False,False,False
hsa-mir-1825,-0.277683333333333,1.21224670581834,0.10755,-0.66334,-0.27726,-1.75150531273974,0.116287608946365,0.971715209856342,0.3383865062726189,-4.44830767353214,False,False,False,False
hsa-miR-4633-3p,-0.23407,1.17614831597877,-0.51137,-0.09479,-0.0960500000000002,-1.74980876222702,0.116333095230318,0.971715209856342,0.23342903157944964,-4.44994910712651,True,False,False,False
hsa-mir-24-2,-0.207793333333333,1.15492032988392,-0.1042,-0.30411,-0.21507,-1.74820654765276,0.116621398303982,0.971715209856342,0.0694648697751245,-4.45194351843234,True,False,False,False
hsa-mir-5589,0.243583333333333,1.18392963018644,0.0256799999999999,0.55573,0.14934,1.74818915037764,0.116624532416613,0.971715209856342,0.26756094969022914,-4.45196517030363,True,False,False,False
hsa-mir-370,0.264536666666667,1.20125019622704,0.66418,0.0266999999999999,0.10273,1.74739297934059,0.116768046102819,0.971715209856342,0.318784491123859,-4.4529559575627,True,False,False,False
hsa-miR-148a-3p,-0.28193,1.2158202897835,0.0824999999999998,-0.70874,-0.21955,-1.74845329011948,0.116836105950489,0.971715209856342,0.3458922765287276,-4.45210223718704,False,False,False,False
hsa-miR-4634,-0.276556666666667,1.21130037638057,-0.48426,-0.51402,0.16861,-1.74361610745064,0.117710355350794,0.971715209856342,0.3402549286303601,-4.45811093395279,False,False,False,False
hsa-mir-1539,0.226226666666667,1.16977143633691,0.46896,0.07738,0.13234,1.7408236573506,0.117958473885272,0.971715209856342,0.20581475305294078,-4.46112421244183,True,False,False,False
hsa-miR-6829-3p,-0.21973,1.16451562727817,-0.41508,-0.18863,-0.05548,-1.73995120085916,0.118117416637901,0.971715209856342,0.17137223051738135,-4.46220809298819,True,False,False,False
hsa-miR-509-3-5p,-0.253886666666667,1.19241519647168,0.04464,-0.21793,-0.58837,-1.73834461308217,0.118410622314812,0.971715209856342,0.3009045993611555,-4.46420343705679,False,False,False,False
hsa-miR-22-3p,-0.25597,1.19413835540738,0.0419599999999996,-0.206750000000001,-0.60312,-1.73752918759628,0.118559697399234,0.971715209856342,0.3061248840713061,-4.46521589248862,False,False,False,False
hsa-miR-21-5p,-0.595333333333333,1.51082161915455,0.32477,-0.9973,-1.11347,-1.89633030916449,0.118604611457193,0.971715209856342,0.32590308786885086,-4.33058316629511,False,False,False,False
hsa-miR-4322,-0.220683333333333,1.16528539387115,-0.0719399999999999,-0.15603,-0.43408,-1.73520960980944,0.118984712212267,0.971715209856342,0.18124202936241204,-4.46809489858622,True,False,False,False
hsa-miR-6506-3p,-0.24632,1.18617757283897,-0.5826,-0.0389199999999998,-0.11744,-1.73475138388367,0.119068839615157,0.971715209856342,0.2836726393184912,-4.46866345424717,True,False,False,False
hsa-miR-548ao-3p,0.232916666666667,1.17520844375759,0.51353,0.0732900000000001,0.11193,1.73445963403927,0.119122431787177,0.971715209856342,0.23978752760364125,-4.46902541877273,True,False,False,False
hsa-mir-580,-0.204676666666667,1.15242803846146,-0.20876,-0.29115,-0.11412,-1.73260140580548,0.119464298978307,0.971715209856342,0.05714133976697014,-4.47133028355603,True,False,False,False
hsa-mir-8081,0.21152,1.15790749394836,0.32919,0.054,0.25137,1.73134282546588,0.119696362372584,0.971715209856342,0.12289212025007815,-4.47289080238317,True,False,False,False
hsa-mir-3185,-0.252616666666667,1.19136597892693,-0.49214,-0.37409,0.10838,-1.72939964495356,0.120055476283458,0.971715209856342,0.3028368626478143,-4.47529925475414,False,False,False,False
hsa-mir-92b,-0.258833333333334,1.19651072890643,0.0193199999999996,-0.15962,-0.6362,-1.72897709755055,0.120133698132648,0.971715209856342,0.31680813420232,-4.47582283050447,False,False,False,False
hsa-miR-147a,-0.224296666666667,1.16820759272296,-0.25372,-0.41859,-0.00058,-1.72845132354677,0.120231095178177,0.971715209856342,0.20631621945612932,-4.47647424088533,True,False,False,False
hsa-miR-485-3p,-0.44683,1.36304198373879,0.0393000000000001,-1.18482,-0.19497,-1.82146321671658,0.120311687480838,0.971715209856342,0.3558067251847888,-4.39441199318909,False,False,False,False
hsa-miR-151a-5p,-0.208953333333333,1.15584931784429,-0.0704499999999992,-0.323980000000001,-0.232429999999999,-1.72706632593099,0.120488009355612,0.971715209856342,0.10617131175780622,-4.47818980394659,True,False,False,False
hsa-miR-4709-3p,-0.20767,1.15482160209899,-0.06975,-0.27084,-0.28242,-1.72666650846489,0.120562269175408,0.971715209856342,0.09503298068575475,-4.478684943747,True,False,False,False
hsa-miR-4489,0.26584,1.20233589818571,0.31422,-0.11812,0.60142,1.72659767421296,0.120575058333009,0.971715209856342,0.33148366842816535,-4.47877018436624,False,False,False,False
hsa-miR-650,0.267766666666667,1.20394264661229,0.52541,-0.15429,0.43218,1.72597504527189,0.120690797645836,0.971715209856342,0.3351664014605266,-4.4795411513094,False,False,False,False
hsa-miR-5739,0.2283,1.17145375285307,-0.0142399999999998,0.44229,0.25685,1.72566951302449,0.120747630071163,0.971715209856342,0.22716684486751496,-4.47991943338588,False,False,False,False
hsa-mir-1228,0.210446666666667,1.15704635665047,0.14604,0.37122,0.11408,1.72476026776532,0.120916906500597,0.971715209856342,0.12147537820238186,-4.48104501553753,True,False,False,False
hsa-miR-934,0.202893333333333,1.15100438786744,0.16029,0.15174,0.29665,1.72355180919942,0.121142228217879,0.971715209856342,0.049583965160492044,-4.4825406266986,True,False,False,False
hsa-miR-5682,0.238483333333333,1.17975176784039,0.53428,0.18117,0.0,1.72239407098884,0.121358457349111,0.971715209856342,0.26782387394075713,-4.48397306200187,False,False,False,False
hsa-miR-514b-5p,0.209216666666667,1.15606031283993,0.22787,0.06531,0.33447,1.72048451050092,0.121715883703405,0.971715209856342,0.11605687858275092,-4.4863348403343,True,False,False,False
hsa-miR-3127-5p,-0.220736666666667,1.16532847276263,-0.39967,-0.0055500000000001,-0.25699,-1.71933250592106,0.121931983499408,0.971715209856342,0.19543195432045732,-4.48775913832991,True,False,False,False
hsa-mir-4662a,0.237906666666667,1.1792802977441,0.20706,-0.01668,0.52334,1.71896781896248,0.122000467539716,0.971715209856342,0.26816632959343506,-4.48820994250249,False,False,False,False
hsa-miR-521,-0.311963333333333,1.24139594055498,-0.83936,-0.18372,0.0871899999999999,-1.73312577908903,0.12227950177761,0.971715209856342,0.3743526660736497,-4.47552650099819,False,False,False,False
hsa-mir-548i-4,0.201306666666667,1.14973921653385,0.11869,0.24625,0.23898,1.71733180381955,0.122308130408215,0.971715209856342,0.03971801820696183,-4.49023180051047,True,False,False,False
hsa-mir-1273f,-0.21236,1.15858187452062,-0.19692,-0.0631499999999998,-0.37701,-1.71705708436395,0.122359863410022,0.971715209856342,0.1446130908023575,-4.49057123263096,True,False,False,False
hsa-miR-4429,-0.33251,1.25920222919771,-0.88705,0.120710000000001,-0.23119,-1.74418179373685,0.122374678317059,0.971715209856342,0.3771070513757419,-4.46557517842328,False,False,False,False
hsa-miR-3149,-0.206543333333333,1.15392010104958,-0.0755599999999998,-0.31131,-0.23276,-1.71678277261734,0.122411539819806,0.971715209856342,0.09656240210717837,-4.4909101385916,True,False,False,False
hsa-miR-548l,0.20901,1.15589471857868,0.14694,0.36815,0.11194,1.71453875682982,0.122835038487606,0.971715209856342,0.12109358701028775,-4.49368172716135,True,False,False,False
hsa-miR-4659b-3p,0.207286666666667,1.1545147993478,0.34877,0.17139,0.1017,1.7144736280381,0.122847350022743,0.971715209856342,0.10620724186869039,-4.49376214542355,True,False,False,False
hsa-miR-4778-5p,-0.22903,1.17204665544616,-0.46107,0.0205300000000002,-0.24655,-1.71008195760229,0.123680158909841,0.971715209856342,0.24187451858960549,-4.49918186184275,False,False,False,False
hsa-miR-1285-3p,0.35678,1.28056457010125,0.3088,-0.16999,0.93153,1.74918537399878,0.123853066000009,0.971715209856342,0.37955281994378437,-4.4634985284427,False,False,False,False
hsa-mir-30b,-0.20108,1.14955859133104,-0.28462,-0.11758,-0.20104,-1.70637420989365,0.124387328812777,0.971715209856342,0.052978646925607165,-4.50375303871613,True,False,False,False
hsa-miR-518a-5p,0.24259,1.18311474418524,-0.0214999999999999,0.56115,0.18812,1.70600575218586,0.124457807369587,0.971715209856342,0.2905195458002513,-4.50420707281801,False,False,False,False
hsa-miR-527,0.24259,1.18311474418524,-0.0214999999999999,0.56115,0.18812,1.70600575218586,0.124457807369587,0.971715209856342,0.2905195458002513,-4.50420707281801,False,False,False,False
hsa-miR-1304-3p,-0.199553333333333,1.14834276644102,-0.12279,-0.23229,-0.24358,-1.70571914167652,0.124512655681972,0.971715209856342,0.03529949827854199,-4.50456022180971,True,False,False,False
hsa-miR-5195-3p,-0.240696666666667,1.18156309168773,-0.57169,-0.0408300000000001,-0.10957,-1.70522653893995,0.124606976597386,0.971715209856342,0.28555173345765933,-4.50516712728602,True,False,False,False
hsa-miR-581,-0.198056666666667,1.14715208157103,-0.15157,-0.24176,-0.20084,-1.70484302311276,0.124680455780159,0.971715209856342,0.016892026316404556,-4.505639582552,True,False,False,False
hsa-miR-223-3p,-0.392896666666667,1.31302707621774,0.29041,-0.6428,-0.8263,-1.76585914638299,0.12495273635926,0.971715209856342,0.37361335100363646,-4.45048808370314,False,False,False,False
hsa-miR-675-5p,-0.31048,1.2401202325127,-0.12954,-0.85336,0.0514600000000001,-1.71874881991289,0.125052612076741,0.971715209856342,0.3780657160070662,-4.49320625703973,False,False,False,False
hsa-miR-6848-5p,-0.622793333333333,1.53985374797996,-0.40381,-1.54127,0.0767,-1.87358534560536,0.125276120111815,0.971715209856342,0.3237506101579806,-4.36183969202247,False,False,False,False
hsa-miR-6758-5p,-0.19912,1.14799789766461,-0.13606,-0.27161,-0.18969,-1.70098964494075,0.125420960036698,0.971715209856342,0.03701682452040398,-4.5103840984968,True,False,False,False
hsa-mir-550b-2,0.2056,1.15316583527359,0.0613300000000001,0.2537,0.30177,1.70070375753533,0.125476060363163,0.971715209856342,0.10746432370183567,-4.51073592031101,True,False,False,False
hsa-mir-550b-1,0.2056,1.15316583527359,0.0613300000000001,0.2537,0.30177,1.70070375753533,0.125476060363163,0.971715209856342,0.10746432370183567,-4.51073592031101,True,False,False,False
hsa-miR-3937,-0.408636666666667,1.32743081149347,-0.03928,-1.12159,-0.06504,-1.77240902237281,0.125516665819121,0.971715209856342,0.3703929720420001,-4.44569376205907,True,False,False,False
hsa-mir-3916,0.205703333333333,1.1532484339752,0.32866,0.21662,0.0718300000000001,1.69975859153512,0.125658385232734,0.971715209856342,0.10955990910323685,-4.51189889281574,True,False,False,False
hsa-miR-200c-3p,-0.685936666666667,1.60874611747074,-1.68583,-0.351310000000001,-0.02067,-1.89941805808994,0.125677032180019,0.971715209856342,0.31012774077980243,-4.34281558366831,True,False,False,False
hsa-miR-1258,0.231366666666667,1.17394650352946,0.47017,-0.0395399999999999,0.26347,1.69963306376519,0.125682618215834,0.971715209856342,0.2584499234763681,-4.51205332698053,False,False,False,False
hsa-miR-6129,0.199676666666667,1.14844094033859,0.2315,0.25615,0.11138,1.69919485971333,0.125767246747176,0.971715209856342,0.046671560377300095,-4.51259240237195,True,False,False,False
hsa-mir-3974,-0.242266666666667,1.18284961707293,-0.07819,-0.0628200000000001,-0.58579,-1.69885782146614,0.125832373280245,0.971715209856342,0.29394615073710106,-4.51300698433557,True,False,False,False
hsa-mir-6860,0.200783333333333,1.14932222768941,0.20514,0.10826,0.28895,1.69806225693013,0.125986225012094,0.971715209856342,0.06144155343749285,-4.51398544947608,True,False,False,False
hsa-mir-4422,0.246353333333333,1.18620497967693,0.07592,0.0553100000000002,0.60783,1.69634691818703,0.126318539014438,0.971715209856342,0.30623533188663943,-4.5160944843663,True,False,False,False
hsa-mir-512-1,-0.214666666666667,1.16043576581408,-0.01593,-0.38006,-0.24801,-1.69596023394993,0.126393563142205,0.971715209856342,0.18121073714112948,-4.51656979355916,True,False,False,False
hsa-mir-512-2,-0.214666666666667,1.16043576581408,-0.01593,-0.38006,-0.24801,-1.69596023394993,0.126393563142205,0.971715209856342,0.18121073714112948,-4.51656979355916,True,False,False,False
hsa-mir-1250,0.210816666666667,1.15734313597088,0.39917,0.13261,0.10067,1.69558928874982,0.126465572173165,0.971715209856342,0.15573436985477454,-4.51702571320583,True,False,False,False
hsa-miR-6722-3p,0.20226,1.15049921564318,0.15547,0.12714,0.32417,1.69542039447474,0.126498370972514,0.971715209856342,0.08133739698715677,-4.51723328297944,True,False,False,False
hsa-mir-4533,0.241046666666667,1.18184977545526,-0.08684,0.3237,0.48628,1.69467261563341,0.126643681716986,0.971715209856342,0.2930657038310729,-4.51815219185803,False,False,False,False
hsa-miR-4267,-0.196886666666667,1.14622213878523,-0.17924,-0.24927,-0.16215,-1.69431706534806,0.126712827288765,0.971715209856342,0.017835844222387952,-4.51858904975346,True,False,False,False
hsa-miR-3140-5p,0.20585,1.15336568100026,0.07412,0.34276,0.20067,1.69420672874017,0.126734292047365,0.971715209856342,0.1175514946057903,-4.51872461032221,True,False,False,False
hsa-mir-548z,-0.25244,1.19122009794453,-0.47535,0.13342,-0.41539,-1.69298514989164,0.12697216048327,0.971715209856342,0.32234016040555824,-4.52022520209225,False,False,False,False
hsa-mir-649,0.251306666666667,1.19028468244236,0.61137,0.18529,-0.04274,1.69241290433201,0.127083730700348,0.971715209856342,0.3201571551051423,-4.52092799190988,False,False,False,False
hsa-miR-6797-3p,0.20608,1.15354956965708,0.11017,0.14449,0.36358,1.69231065031637,0.127103676579927,0.971715209856342,0.12181784179044107,-4.52105356208503,True,False,False,False
hsa-miR-6774-5p,-0.289186666666667,1.22195119662385,0.0393000000000001,-0.78941,-0.11745,-1.69799572242519,0.127120536800952,0.971715209856342,0.37316099367094524,-4.51569916791422,False,False,False,False
hsa-miR-193a-5p,-0.833053333333333,1.78145165643305,-0.58139,-1.95816,0.0403900000000004,-1.92782881104809,0.127694165325726,0.971715209856342,0.29375510012144196,-4.32579489837173,False,False,False,False
hsa-miR-4654,0.197653333333333,1.14683141782049,0.22379,0.25247,0.1167,1.68622191588521,0.128296564889504,0.971715209856342,0.041022190665403156,-4.5285248093622,True,False,False,False
hsa-mir-548f-1,-0.202026666666667,1.15031315545598,-0.29949,-0.0768199999999999,-0.22977,-1.6858703394825,0.128365758330492,0.971715209856342,0.09162062745031242,-4.52895586225415,True,False,False,False
hsa-mir-623,-0.195606666666667,1.14520562896604,-0.15754,-0.24339,-0.18589,-1.68437548361577,0.128660342939144,0.971715209856342,0.01626346432253881,-4.53078820978016,True,False,False,False
hsa-miR-3144-5p,0.241086666666667,1.18188254374311,0.54317,0.23877,-0.0586800000000001,1.68406700008896,0.128721211742614,0.971715209856342,0.2996400815369351,-4.53116625211555,False,False,False,False
hsa-mir-1283-1,-0.201876666666667,1.15019356122525,-0.11327,-0.15815,-0.33421,-1.68154406751704,0.12922002178481,0.971715209856342,0.09578605267305419,-4.53425695026363,True,False,False,False
hsa-mir-320d-1,-0.224873333333333,1.16867463600969,-0.48581,-0.17688,-0.01193,-1.68033019808257,0.129460648868137,0.971715209856342,0.2468435005648407,-4.5357432777982,True,False,False,False
hsa-miR-8054,0.197803333333333,1.14695066246401,0.11193,0.19864,0.28284,1.67700571196825,0.13012177572982,0.971715209856342,0.05695473886601404,-4.53981157722257,True,False,False,False
hsa-miR-6856-5p,0.244636666666667,1.18479435063842,0.60759,0.0122399999999998,0.11408,1.67423782365831,0.130674578040139,0.971715209856342,0.31472770223855956,-4.54319607502873,True,False,False,False
hsa-miR-296-5p,0.21542,1.16104186980563,0.19651,0.0232400000000001,0.42651,1.67348598816336,0.130825106407515,0.971715209856342,0.2064311112471308,-4.54411497806852,True,False,False,False
hsa-miR-181a-2-3p,-0.231633333333333,1.17416351497404,0.07992,-0.35757,-0.41725,-1.67339713561298,0.130842906487539,0.971715209856342,0.2774864536352578,-4.54422356290287,False,False,False,False
hsa-miR-4724-5p,0.255236666666667,1.19353151965171,0.0071599999999998,0.66206,0.0964900000000002,1.67191317744802,0.131140520689768,0.971715209856342,0.3392800721134466,-4.5460367047551,True,False,False,False
hsa-mir-663a,-0.25541,1.19367492572102,-0.47959,0.15537,-0.44201,-1.67082741897472,0.131358667560985,0.971715209856342,0.3401816649572472,-4.54736286943868,False,False,False,False
hsa-mir-124-1,0.193363333333333,1.14342626360042,0.20093,0.21824,0.16092,1.67020121509129,0.131484633607074,0.971715209856342,0.0076177830870184276,-4.54812755450006,True,False,False,False
hsa-miR-4517,-0.20262,1.15078633896858,-0.0619699999999999,-0.2213,-0.32459,-1.67011977530866,0.131501024026513,0.971715209856342,0.11757610842892059,-4.54822699496797,True,False,False,False
hsa-miR-4421,-0.20879,1.1557184668812,-0.36601,-0.0259699999999998,-0.23439,-1.66850631684211,0.131826132235865,0.971715209856342,0.16942635226072156,-4.5501966387981,True,False,False,False
hsa-mir-5705,-0.2196,1.16441069851167,0.0284599999999999,-0.27691,-0.41035,-1.66789143354655,0.131950223664448,0.971715209856342,0.23293056213820867,-4.55094704317978,False,False,False,False
hsa-miR-5698,-0.19946,1.14826847825929,-0.08056,-0.30185,-0.21597,-1.66686709027456,0.132157187267491,0.971715209856342,0.09037165470771676,-4.5521968831331,True,False,False,False
hsa-mir-4470,0.223306666666667,1.16740622530865,0.30438,0.41409,-0.0485500000000001,1.66652643455371,0.132226081019241,0.971715209856342,0.2507370955051065,-4.55261245523375,False,False,False,False
hsa-mir-548am,-0.22473,1.16855853267147,-0.46624,0.0299,-0.23785,-1.66535142019839,0.132463967007232,0.971715209856342,0.25753381929806063,-4.55404558964138,False,False,False,False
hsa-mir-3657,-0.207556666666667,1.1547308867106,-0.39173,-0.06629,-0.16465,-1.66513499682903,0.132507825468482,0.971715209856342,0.16408396353734248,-4.55430950702625,True,False,False,False
hsa-miR-378a-5p,-0.35603,1.27989902831968,-0.0492300000000001,-1.00991,-0.00895,-1.70595937970513,0.132602470642137,0.971715209856342,0.39013719179708845,-4.51600164983368,True,False,False,False
hsa-miR-3196,-0.227343333333334,1.17067720671117,-0.17706,-0.509060000000001,0.0040899999999997,-1.6629874059243,0.13294375909752,0.971715209856342,0.26942801627470264,-4.55692756564788,False,False,False,False
hsa-mir-516a-2,0.21131,1.15773896014852,0.04808,0.16809,0.41776,1.66294968029957,0.132951428649024,0.971715209856342,0.1918180980464993,-4.5569735424021,True,False,False,False
hsa-mir-516a-1,0.21131,1.15773896014852,0.04808,0.16809,0.41776,1.66294968029957,0.132951428649024,0.971715209856342,0.1918180980464993,-4.5569735424021,True,False,False,False
hsa-miR-6820-3p,-0.261606666666667,1.19881302737681,-0.0340199999999999,-0.05183,-0.69897,-1.66339011876124,0.133122288572749,0.971715209856342,0.35427263623833233,-4.55676283018161,True,False,False,False
hsa-mir-1246,-0.20538,1.15298999967829,-0.36328,-0.20481,-0.0480499999999999,-1.66046125066739,0.133458217814329,0.971715209856342,0.15261464367255964,-4.56000520773039,True,False,False,False
hsa-miR-6736-5p,0.275383333333333,1.21031563513252,0.35654,-0.18108,0.65069,1.66151550038363,0.133503674852781,0.971715209856342,0.37547585461546823,-4.55904428352254,False,False,False,False
hsa-miR-1296-3p,-0.208473333333333,1.15546481843737,-0.0865,-0.12717,-0.41175,-1.65760240993284,0.134042627244323,0.971715209856342,0.1784840826544687,-4.56348566138348,True,False,False,False
hsa-mir-6815,0.245343333333333,1.18537483351104,0.51751,0.33935,-0.12083,1.65741972903643,0.134080050710123,0.971715209856342,0.32605352928544645,-4.56370797297566,False,False,False,False
hsa-miR-373-3p,0.216933333333333,1.16226039844263,0.10098,0.47036,0.0794599999999999,1.65641312671855,0.134286431820346,0.971715209856342,0.22940316860471274,-4.56493275149996,True,False,False,False
hsa-mir-642a,0.194503333333333,1.14433014213778,0.28313,0.14502,0.15536,1.65555690877189,0.134462208736508,0.971715209856342,0.04838794249155558,-4.56597428974473,True,False,False,False
hsa-mir-4664,-0.210903333333333,1.1574126628506,-0.0053499999999999,-0.23998,-0.38738,-1.65347106037386,0.134891303445093,0.971715209856342,0.19842467077097392,-4.5685105948554,True,False,False,False
hsa-miR-3620-3p,-0.301626666666667,1.23253333544321,0.21645,-0.7299,-0.39143,-1.6681758138057,0.134909527560178,0.971715209856342,0.3897172484855112,-4.5543985186639,False,False,False,False
hsa-miR-4291,0.23572,1.17749423790979,-0.10297,0.35197,0.45816,1.65202904358673,0.135188682729004,0.971715209856342,0.30429066742032673,-4.57026319206285,False,False,False,False
hsa-miR-1587,-0.380206666666667,1.30152828655864,0.23496,-0.4154,-0.96018,-1.70987288222113,0.135234854019597,0.971715209856342,0.38583312289429333,-4.51599375146829,False,False,False,False
hsa-miR-452-5p,0.313806666666667,1.2429830874995,0.89387,0.02279,0.0247599999999999,1.67192607596807,0.135544440493951,0.971715209856342,0.3923676566529938,-4.55161879686645,True,False,False,False
hsa-miR-4528,-0.216896666666667,1.162230859509,0.0230900000000001,-0.41898,-0.2548,-1.64987383457087,0.135634257237701,0.971715209856342,0.23474778084793013,-4.57288131156106,False,False,False,False
hsa-miR-199b-3p,-0.493073333333333,1.40743991479449,-0.30878,-1.28566,0.11522,-1.76838231699422,0.135757903890168,0.971715209856342,0.35653401269939117,-4.46528475881162,False,False,False,False
hsa-miR-199a-3p,-0.493073333333333,1.40743991479449,-0.30878,-1.28566,0.11522,-1.76838231699422,0.135757903890168,0.971715209856342,0.35653401269939117,-4.46528475881162,False,False,False,False
hsa-mir-3934,0.20722,1.15446145066855,0.3743,0.2242,0.0231600000000001,1.64913565495168,0.135787179090563,0.971715209856342,0.17853990498777214,-4.57377768994278,True,False,False,False
hsa-miR-148a-5p,-0.231946666666667,1.17441855468262,-0.21781,0.0470600000000001,-0.52509,-1.6476882100933,0.136087490295013,0.971715209856342,0.2957020240583378,-4.57553481247568,False,False,False,False
hsa-miR-4742-5p,-0.225813333333333,1.1694363438485,0.00339,-0.51397,-0.16686,-1.64556054107738,0.136530033788802,0.971715209856342,0.27622309804412737,-4.57811643085662,False,False,False,False
hsa-mir-3192,-0.206996666666667,1.15428275055431,-0.0220400000000001,-0.22093,-0.37802,-1.64413045692352,0.136828221595094,0.971715209856342,0.1821889078606061,-4.57985078557343,True,False,False,False
hsa-miR-6883-3p,-0.211813333333333,1.15814294730978,-0.20561,-0.41897,-0.0108600000000001,-1.64256121371463,0.137156109646206,0.971715209856342,0.21412017902552039,-4.58175312334031,True,False,False,False
hsa-miR-188-5p,0.228823333333333,1.17187877129867,-0.0648599999999999,0.2653,0.48603,1.64236329996483,0.13719751394613,0.971715209856342,0.28909887355924113,-4.58199298879064,False,False,False,False
hsa-miR-1199-5p,0.20442,1.15222303078851,0.0143199999999999,0.31309,0.28585,1.64235219567091,0.137199837344083,0.971715209856342,0.16532118779066493,-4.58200644646982,True,False,False,False
hsa-let-7g-5p,-0.30507,1.23547858146734,0.240900000000001,-0.44538,-0.71073,-1.6587547025886,0.137231217422126,0.971715209856342,0.394497858214726,-4.56619840760273,False,False,False,False
hsa-mir-576,-0.19231,1.14259173558724,-0.27415,-0.13831,-0.16447,-1.64028904140649,0.137632143391246,0.971715209856342,0.04376724791929979,-4.58450613926601,True,False,False,False
hsa-miR-6876-5p,-0.211623333333333,1.15799043228442,-0.22495,-0.40992,0.0,-1.63923998250882,0.137852435793952,0.971715209856342,0.21609679725020395,-4.58577661968317,False,False,False,False
hsa-miR-196b-3p,-0.201326666666667,1.14975515541426,-0.25415,-0.3169,-0.0329300000000001,-1.63869440767832,0.137967128414306,0.971715209856342,0.14439322396952542,-4.5864372013196,True,False,False,False
hsa-miR-4644,-0.200846666666667,1.14937268326279,-0.11391,-0.3696,-0.11903,-1.63860080621149,0.137986814382079,0.971715209856342,0.14031859415381248,-4.58655052386835,True,False,False,False
hsa-miR-1266-5p,0.22164,1.16605836345802,0.01118,0.4995,0.15424,1.63764940180969,0.138187056187685,0.971715209856342,0.26582866208218625,-4.58770221453914,True,False,False,False
hsa-mir-607,0.19588,1.14542262044214,0.14912,0.11555,0.32297,1.63718041106011,0.138285862012298,0.971715209856342,0.09292193951435927,-4.58826982354539,True,False,False,False
hsa-miR-770-5p,-0.196846666666667,1.14619035920004,-0.08829,-0.17602,-0.32623,-1.63587534335336,0.138561149613206,0.971715209856342,0.10525529504010835,-4.58984892796596,True,False,False,False
hsa-miR-6509-5p,-0.196073333333333,1.14557612704309,-0.29732,-0.21987,-0.07103,-1.63504942678091,0.138735624351897,0.971715209856342,0.0980954992758792,-4.59084797290641,True,False,False,False
hsa-miR-338-5p,0.19542,1.14505746328844,0.15654,0.11054,0.31918,1.63504875069961,0.138735767255953,0.971715209856342,0.09082301082445,-4.59084879061334,True,False,False,False
hsa-mir-487a,0.20449,1.15227893835499,0.36991,0.0285499999999999,0.21501,1.63490176654098,0.138766838646731,0.971715209856342,0.17402283654449477,-4.59102656137648,True,False,False,False
hsa-mir-4791,0.23398,1.17607494631729,0.32615,0.47859,-0.1028,1.63343201930329,0.139077881571953,0.971715209856342,0.31101850294683564,-4.59280375338619,False,False,False,False
hsa-miR-4689,0.21522,1.16088092638193,0.0142199999999999,0.46089,0.17055,1.63175048768936,0.139434523583932,0.971715209856342,0.24177735463941766,-4.5948361344336,True,False,False,False
hsa-miR-1269a,-0.203746666666667,1.15168539176373,-0.21133,-0.36908,-0.03083,-1.63130266856646,0.139529643515585,0.971715209856342,0.17240608174122612,-4.59537722877496,True,False,False,False
hsa-miR-548ah-5p,0.22398,1.16795120325922,0.0854199999999999,0.0578100000000001,0.52871,1.63112620680761,0.139567141465695,0.971715209856342,0.2798192810069221,-4.59559042665054,True,False,False,False
hsa-miR-548aq-3p,-0.193373333333333,1.14343418925479,-0.30239,-0.12224,-0.15549,-1.63072906938847,0.13965156635254,0.971715209856342,0.07305701508400801,-4.5960702021453,True,False,False,False
hsa-miR-143-5p,-0.190533333333333,1.14118550964278,-0.19994,-0.12189,-0.24977,-1.63001600075994,0.139803269759564,0.971715209856342,0.03609548235051551,-4.59693151466064,True,False,False,False
hsa-miR-663b,-0.195553333333333,1.14516329395908,-0.0586500000000001,-0.25683,-0.27118,-1.62677472019161,0.14049473633323,0.971715209856342,0.10412201454564488,-4.60084446082083,True,False,False,False
hsa-mir-1270-2,-0.278906666666667,1.21327506641181,-0.59632,-0.46745,0.22705,-1.63098529802811,0.140866329132017,0.971715209856342,0.38926787870629204,-4.59710787313924,False,False,False,False
hsa-mir-1270-1,-0.278906666666667,1.21327506641181,-0.59632,-0.46745,0.22705,-1.63098529802811,0.140866329132017,0.971715209856342,0.38926787870629204,-4.59710787313924,False,False,False,False
hsa-mir-4636,0.188316666666667,1.1394334515526,0.21365,0.2129,0.1384,1.62181244957601,0.1415593752049,0.971715209856342,0.017116816691992297,-4.60682806213057,True,False,False,False
hsa-mir-4722,0.207023333333333,1.15430408642707,0.38366,0.23741,0.0,1.62159329880397,0.141606562021761,0.971715209856342,0.20524128405102932,-4.60709212333964,False,False,False,False
hsa-miR-6893-3p,-0.227933333333333,1.17115606106693,-0.2492,-0.50214,0.0675400000000002,-1.62084686857805,0.14176738822749,0.971715209856342,0.300794827287723,-4.60799139493585,False,False,False,False
hsa-miR-761,0.210066666666667,1.15674163548384,0.31366,-0.0319400000000001,0.34848,1.61918838751037,0.142125319821519,0.971715209856342,0.2257559963401178,-4.60998878393422,False,False,False,False
hsa-miR-3065-5p,0.19995,1.14865854483559,0.2152,0.0366300000000002,0.34802,1.61834861187696,0.142306872354165,0.971715209856342,0.1569885221270651,-4.61099980400786,True,False,False,False
hsa-mir-6088,-0.194716666666667,1.14449936834782,-0.21753,-0.0625900000000001,-0.30403,-1.61603829297363,0.142807431984497,0.971715209856342,0.11022720914234892,-4.61377997606215,True,False,False,False
hsa-miR-1181,-0.186803333333333,1.13823885497808,-0.20986,-0.17937,-0.17118,-1.61567846141528,0.14288553780712,0.971715209856342,0.003945298191466199,-4.61421282050986,True,False,False,False
hsa-miR-3620-5p,0.200303333333334,1.14893989955366,0.227069999999999,0.345750000000001,0.0280900000000006,1.61557511621154,0.142907977313078,0.971715209856342,0.16320352826343548,-4.61433712702425,True,False,False,False
hsa-mir-4704,-0.18813,1.13928603267413,-0.17404,-0.14251,-0.24784,-1.61522338446287,0.142984373363896,0.971715209856342,0.02643769313568367,-4.61476017204778,True,False,False,False
hsa-miR-190b,0.207223333333333,1.15446411804396,-0.0089399999999999,0.24773,0.38288,1.61487828512036,0.143059364902502,0.971715209856342,0.2131021196222149,-4.61517519816162,False,False,False,False
hsa-miR-4255,-0.192243333333333,1.1425389378578,-0.07612,-0.22114,-0.27947,-1.61317426794492,0.143430178816351,0.971715209856342,0.08628271666830453,-4.61722388935053,True,False,False,False
hsa-miR-4482-3p,0.203446666666667,1.15144593041723,0.40119,0.0474299999999999,0.16172,1.612854392308,0.143499884667403,0.971715209856342,0.1902121889495999,-4.61760835393274,True,False,False,False
hsa-miR-4491,-0.211233333333333,1.15767743804852,-0.31999,0.0425599999999999,-0.35627,-1.61158067668604,0.143777752115793,0.971715209856342,0.23898739340204248,-4.6191389027435,False,False,False,False
hsa-mir-200a,-0.190233333333333,1.14094823145839,-0.20382,-0.27002,-0.09686,-1.61130942570302,0.14383698991142,0.971715209856342,0.0636782790082241,-4.61946477584977,True,False,False,False
hsa-mir-4742,-0.198126666666667,1.14720774308755,-0.35455,-0.0547199999999999,-0.18511,-1.61117576600972,0.143866187648817,0.971715209856342,0.14992847968805845,-4.61962534129213,True,False,False,False
hsa-mir-1269a,-0.194246666666667,1.14412657501541,-0.33432,-0.10235,-0.14607,-1.61113068679225,0.143876036341631,0.971715209856342,0.11209917311676983,-4.61967949356554,True,False,False,False
hsa-miR-6723-5p,-0.196256666666667,1.14572171265132,-0.0364100000000001,-0.27692,-0.27544,-1.61050677439316,0.144012408597529,0.971715209856342,0.13344249360960658,-4.62042890730194,True,False,False,False
hsa-mir-548ag-1,0.2405,1.18140203323093,0.11684,-0.01749,0.62215,1.60951132875253,0.14423023194309,0.971715209856342,0.3422084332313372,-4.62162430691197,False,False,False,False
hsa-miR-367-5p,-0.19489,1.14463688307033,-0.3433,-0.15222,-0.08915,-1.60636299470341,0.144921118892733,0.971715209856342,0.12542791196048025,-4.62540275484416,True,False,False,False
hsa-mir-376b,-0.225896666666667,1.16950389509149,0.0829899999999999,-0.28008,-0.4806,-1.60592346474026,0.145017810009725,0.971715209856342,0.3043111960826423,-4.6259299760163,False,False,False,False
hsa-miR-5100,-0.213056666666666,1.15914148016375,0.0278100000000006,-0.43803,-0.22895,-1.60421133185763,0.145395015761213,0.971715209856342,0.25455095270297307,-4.6279830496179,False,False,False,False
hsa-miR-2276-3p,-0.196506666666667,1.14592026829806,-0.22577,-0.03728,-0.32647,-1.60241268066762,0.145792240174463,0.971715209856342,0.1462807138025532,-4.63013875521538,True,False,False,False
hsa-miR-4527,-0.19578,1.1453432285477,-0.28287,-0.0319499999999999,-0.27252,-1.60236458966717,0.145802874349556,0.971715209856342,0.13952455028855257,-4.63019637716483,True,False,False,False
hsa-mir-1206,-0.211283333333333,1.1577175607864,-0.0719299999999998,-0.47277,-0.0891499999999998,-1.601974491227,0.145889161266146,0.971715209856342,0.2477051269664748,-4.63066375727769,True,False,False,False
hsa-mir-5580,-0.210246666666667,1.15688596708411,0.01433,-0.42959,-0.21548,-1.60166161851553,0.145958399843885,0.971715209856342,0.242626081443048,-4.63103857366446,False,False,False,False
hsa-miR-5192,-0.19717,1.14644726940714,-0.20696,-0.0405300000000002,-0.34402,-1.60131779626808,0.146034521866164,0.971715209856342,0.1536673869475319,-4.63145042708086,True,False,False,False
hsa-mir-802,-0.187883333333333,1.13909125840982,-0.09984,-0.2006,-0.26321,-1.59521270148641,0.147392185730311,0.971715209856342,0.05857237395397419,-4.63875652156188,True,False,False,False
hsa-miR-411-5p,-0.222903333333333,1.1670798999115,0.0149600000000001,-0.5317,-0.15197,-1.59463721096176,0.147520751839245,0.971715209856342,0.30208947152570415,-4.63944453739454,False,False,False,False
hsa-miR-4500,0.19306,1.1431858781895,0.0674600000000001,0.32661,0.18511,1.5941781561778,0.147623378622664,0.971715209856342,0.1233315474561587,-4.63999326588945,True,False,False,False
hsa-mir-4284,0.21163,1.15799578334881,0.37172,-0.0559400000000001,0.31911,1.59366189463296,0.147738871760796,0.971715209856342,0.256616330360384,-4.64061028598352,False,False,False,False
hsa-miR-3183,-0.210476666666667,1.15707041700323,-0.10035,-0.47305,-0.05803,-1.59296246490907,0.147895471904652,0.971715209856342,0.25149533350213266,-4.64144607071766,True,False,False,False
hsa-miR-8053,-0.205223333333333,1.15286479976609,-0.35536,0.0260600000000001,-0.28637,-1.5928149337853,0.147928522830709,0.971715209856342,0.22241503266692866,-4.64162234087465,False,False,False,False
hsa-miR-4268,0.196676666666667,1.14605530579251,0.04678,0.35857,0.18468,1.59187217953049,0.148139882805921,0.971715209856342,0.16103098903161006,-4.64274855897202,True,False,False,False
hsa-miR-149-3p,-0.184606666666667,1.13650707610073,-0.163600000000001,-0.229089999999999,-0.16113,-1.59165089582477,0.148189532865522,0.971715209856342,0.014221450996296533,-4.64301285913095,True,False,False,False
hsa-miR-6892-3p,-0.229436666666667,1.1723770783532,-0.25372,-0.52363,0.08904,-1.5913007887794,0.148268118119572,0.971715209856342,0.32488479677713905,-4.64343098929177,False,False,False,False
hsa-miR-4459,-0.565766666666667,1.4801738836905,-1.49073,-0.27162,0.0650499999999998,-1.73333386040703,0.1483376905616,0.971715209856342,0.35388894281307864,-4.5120053734608,False,False,False,False
hsa-miR-6879-3p,-0.227023333333333,1.1704175709931,0.10194,-0.29867,-0.48434,-1.58821782983871,0.148961749086383,0.971715209856342,0.3197940963465222,-4.64711103796984,False,False,False,False
hsa-mir-6077-1,0.1872,1.1385518549366,0.19945,0.0973299999999999,0.26482,1.58790923002396,0.149031341759531,0.971715209856342,0.061584631518051526,-4.64747921685184,True,False,False,False
hsa-mir-6077-2,0.1872,1.1385518549366,0.19945,0.0973299999999999,0.26482,1.58790923002396,0.149031341759531,0.971715209856342,0.061584631518051526,-4.64747921685184,True,False,False,False
hsa-miR-136-5p,0.213663333333333,1.15962901242279,0.3978,-0.06534,0.30853,1.58780638020719,0.149054542056692,0.971715209856342,0.2709970683991297,-4.64760191547177,False,False,False,False
hsa-miR-4501,-0.19223,1.14252837860468,-0.3433,-0.1165,-0.11689,-1.58612984989101,0.149433184899272,0.971715209856342,0.12589735139548822,-4.64960145694387,True,False,False,False
hsa-miR-4485,-0.24038,1.18130377105898,-0.343579999999999,-0.52656,0.149,-1.58549906733999,0.149575871333297,0.971715209856342,0.3556473501491534,-4.65035350665617,False,False,False,False
hsa-let-7d-5p,-0.18682,1.13825200450492,-0.282720000000001,-0.10731,-0.17043,-1.58123651245037,0.150543312882026,0.971715209856342,0.06781065906151618,-4.65543174481284,True,False,False,False
hsa-miR-3150b-5p,-0.19787,1.14700366406313,-0.39023,-0.06003,-0.14335,-1.58088600878815,0.150623114905671,0.971715209856342,0.1840725157286077,-4.65584902658971,True,False,False,False
hsa-miR-139-3p,0.209183333333333,1.15603360248362,0.45108,-0.00662,0.18309,1.58057578854327,0.150693777111882,0.971715209856342,0.2558202308368867,-4.6562183127376,False,False,False,False
hsa-miR-504-3p,-0.269,1.20497231499479,-0.26229,-0.70981,0.1651,-1.5848428561068,0.150843777899577,0.971715209856342,0.3984397059046106,-4.65205503008028,False,False,False,False
hsa-miR-384,0.197896666666667,1.14702486538856,0.13015,0.39424,0.0693000000000001,1.57969918990062,0.150893611101312,0.971715209856342,0.18565568165287413,-4.65726162572158,True,False,False,False
hsa-mir-181b-1,-0.18737,1.13868602412275,-0.11217,-0.152,-0.29794,-1.57843500529398,0.151182222129481,0.971715209856342,0.08006818387223764,-4.65876574232072,True,False,False,False
hsa-miR-149-5p,-0.201623333333333,1.14999160808955,-0.39504,-0.0059499999999999,-0.20388,-1.57791742177667,0.15130052906154,0.971715209856342,0.2145056661708478,-4.65938139021606,True,False,False,False
hsa-mir-548h-3,0.205156666666667,1.15281152733126,0.34892,-0.03952,0.30607,1.57716059388694,0.151473671682976,0.971715209856342,0.2371650842343314,-4.66028143438413,False,False,False,False
hsa-miR-4740-3p,-0.209243333333333,1.15608168156933,-0.45932,-0.16841,0.0,-1.57707913673681,0.151492317613501,0.971715209856342,0.2591888235346387,-4.6603782933381,False,False,False,False
hsa-miR-139-5p,-0.924,1.89736863028091,0.26279,-2.08359,-0.9512,-1.81093511385926,0.151528102322771,0.971715209856342,0.30581805877391605,-4.45293647883976,False,False,False,False
hsa-miR-6895-5p,-0.189116666666667,1.14006546283464,-0.27038,-0.24149,-0.0554800000000002,-1.57540969979029,0.151874915722992,0.971715209856342,0.1068425886388484,-4.66236284854148,True,False,False,False
hsa-miR-4300,0.218776666666667,1.16374636917917,-0.09275,0.42637,0.32271,1.57473312061377,0.152030220575962,0.971715209856342,0.3017793813912696,-4.66316684523112,False,False,False,False
hsa-miR-6864-3p,-0.181983333333333,1.13444237926797,-0.14705,-0.17797,-0.22093,-1.56953547124859,0.153228090518173,0.971715209856342,0.013574485595762914,-4.66933771727978,True,False,False,False
hsa-mir-1299,0.199693333333333,1.14845420772522,0.0901799999999999,0.41975,0.0891500000000001,1.56864412265092,0.153434365632033,0.971715209856342,0.21119766944738225,-4.67039496055667,True,False,False,False
hsa-miR-7108-5p,0.187016666666666,1.13840718039437,0.0707499999999994,0.27741,0.21289,1.56837702577246,0.153496225608787,0.971715209856342,0.09206659904850287,-4.67071171116674,True,False,False,False
hsa-miR-4259,0.2376,1.17902965050834,0.63281,-0.0319499999999999,0.11194,1.5665263656628,0.15392545770108,0.971715209856342,0.36040219390974826,-4.67290568379884,False,False,False,False
hsa-miR-4271,-0.207736666666667,1.15487496742115,-0.25861,-0.41087,0.04627,-1.56505195322809,0.154268197492078,0.971715209856342,0.2622034303815591,-4.67465269945842,False,False,False,False
hsa-mir-6727,0.20152,1.14990924265042,0.11247,0.0579,0.43419,1.56393391630997,0.154528552168133,0.971715209856342,0.22819454133665382,-4.67597690908851,True,False,False,False
hsa-miR-1270,-0.216853333333333,1.16219595082806,-0.0208899999999996,-0.52944,-0.10023,-1.56286345038708,0.15477819927011,0.971715209856342,0.30347353212000233,-4.67724433778061,True,False,False,False
hsa-mir-518c,0.254253333333333,1.19271829203806,-0.0013699999999999,0.04115,0.72298,1.56299701940854,0.155006173247713,0.971715209856342,0.3918679452038882,-4.67727250739359,False,False,False,False
hsa-miR-5579-3p,-0.272746666666667,1.20810568468412,-0.0696599999999998,0.04477,-0.79335,-1.56835165674057,0.155204949939443,0.971715209856342,0.4077536456126841,-4.67199798895712,False,False,False,False
hsa-miR-711,0.196793333333333,1.14614798779039,0.40135,0.12659,0.06244,1.56081100496059,0.155257871468739,0.971715209856342,0.19882940980536795,-4.67967322800081,True,False,False,False
hsa-mir-6741,0.225116666666667,1.16887176809265,-0.0927499999999999,0.52395,0.24415,1.55817756618894,0.155875282628872,0.971715209856342,0.333977650387379,-4.68278735782667,False,False,False,False
hsa-miR-455-3p,0.806733333333333,1.74924617058083,1.64787,-0.40671,1.17904,1.76133473062975,0.156013718122474,0.971715209856342,0.3238786821573526,-4.49787832698959,False,False,False,False
hsa-miR-4763-3p,0.229026666666667,1.1720439474465,0.45976,0.369809999999999,-0.14249,1.55550953421031,0.156503052143661,0.971715209856342,0.3464752211824242,-4.68593973244239,False,False,False,False
hsa-mir-4513,0.216313333333333,1.16176102289263,0.0392999999999999,0.53389,0.07575,1.55540931530694,0.156526677130976,0.971715209856342,0.30703093690542405,-4.68605809228156,True,False,False,False
hsa-miR-3605-3p,-0.217713333333333,1.16288895000627,0.08243,-0.47819,-0.25738,-1.55351954348407,0.15697275997757,0.971715209856342,0.31347791619941046,-4.68828922637415,False,False,False,False
hsa-mir-4803,-0.19765,1.14682876808034,-0.0947,-0.0804199999999999,-0.41783,-1.55224706205748,0.15727377305286,0.971715209856342,0.21465444756939328,-4.68979080260015,True,False,False,False
hsa-miR-6870-3p,0.199973333333333,1.14867712273923,0.06403,0.1017,0.43419,1.55136990895017,0.157481570254939,0.971715209856342,0.23118200228858876,-4.69082551867445,True,False,False,False
hsa-miR-6802-5p,-0.57085,1.48539847266733,-0.77969,-1.28669,0.35383,-1.69187928969608,0.157667759579044,0.971715209856342,0.36026023835846366,-4.55810025741319,False,False,False,False
hsa-mir-934,-0.186913333333333,1.13832564466258,-0.32914,-0.10733,-0.12427,-1.55009629736392,0.157783726657568,0.971715209856342,0.11984615670237625,-4.69232738847845,True,False,False,False
hsa-miR-660-3p,-0.248863333333333,1.18827053472109,-0.50658,0.20629,-0.4463,-1.55088595955119,0.157855112033818,0.971715209856342,0.38941118939158403,-4.69156749987268,False,False,False,False
hsa-mir-4259,-0.223033333333333,1.16718506920826,0.12981,-0.40887,-0.39004,-1.54930952011976,0.15797064431721,0.971715209856342,0.3337156132287452,-4.69325486442116,False,False,False,False
hsa-mir-373,-0.192883333333333,1.14304589678839,-0.37896,-0.0621,-0.13759,-1.54925295010303,0.157984091518427,0.971715209856342,0.18100519123704648,-4.69332154171823,True,False,False,False
hsa-miR-6811-3p,-0.203316666666667,1.15134217929673,-0.10903,-0.0437000000000001,-0.45722,-1.54840570827465,0.158185611326697,0.971715209856342,0.254015399724829,-4.69432001301189,True,False,False,False
hsa-miR-574-5p,-0.219033333333333,1.163953427126,-0.33429,-0.4366,0.11379,-1.5445776352089,0.15909900854226,0.971715209856342,0.3243888892903041,-4.69882796379426,False,False,False,False
hsa-miR-4716-5p,-0.25642,1.19451088463873,0.22924,-0.44908,-0.54942,-1.54371257724082,0.15956462633331,0.971715209856342,0.4044181151109422,-4.70000836211298,False,False,False,False
hsa-miR-6741-5p,-0.29621,1.22791440724314,0.29107,-0.59133,-0.58837,-1.56236690906634,0.159615602424011,0.971715209856342,0.4192973449112165,-4.68111532653164,False,False,False,False
hsa-miR-6133,-0.238966666666667,1.18014707583392,-0.15807,-0.64072,0.08189,-1.54115152712504,0.15992049791662,0.971715209856342,0.37758277440459814,-4.7028577943933,False,False,False,False
hsa-mir-4784,-0.20067,1.14923194429665,0.0393000000000001,-0.26566,-0.37565,-1.53959836132785,0.160294154870124,0.971715209856342,0.24730985845345713,-4.70468315860497,False,False,False,False
hsa-mir-3976,0.188346666666667,1.13945714565148,0.13147,0.08175,0.35182,1.53947461612372,0.16032395877338,0.971715209856342,0.15128367084819336,-4.70482855061043,True,False,False,False
hsa-miR-1914-5p,0.21949,1.16432192001703,0.55359,0.12271,-0.01783,1.5388716367824,0.160469256671292,0.971715209856342,0.32987315626379843,-4.70553692476232,False,False,False,False
hsa-miR-6886-3p,0.186156666666667,1.13772877061114,0.17007,0.32177,0.06663,1.53870497829095,0.160509436580685,0.971715209856342,0.12855774212410326,-4.70573268872571,True,False,False,False
hsa-mir-619,0.221296666666667,1.16578089728543,0.26376,0.5035,-0.10337,1.5373550925671,0.160835214061196,0.971715209856342,0.3365413843523386,-4.70731792451164,False,False,False,False
hsa-miR-1185-2-3p,-0.36104,1.28435141827835,0.32728,-0.83874,-0.57166,-1.58915027368207,0.161048626403018,0.971715209856342,0.41364472543093994,-4.65566973379127,False,False,False,False
hsa-miR-7157-5p,0.208266666666667,1.15529930947483,0.34559,-0.0841699999999999,0.36338,1.53487606747993,0.161435035186826,0.971715209856342,0.29058887837681974,-4.71022732423726,False,False,False,False
hsa-mir-1257,-0.19214,1.14245710619862,-0.14927,-0.04505,-0.3821,-1.53397741555917,0.161652964998759,0.971715209856342,0.1935889013244552,-4.71128139864736,True,False,False,False
hsa-mir-4705,0.1839,1.13595052396747,0.05063,0.25673,0.24434,1.53297798575851,0.161895642976382,0.971715209856342,0.11030845243653208,-4.71245331156991,True,False,False,False
hsa-miR-96-5p,-0.182463333333333,1.13481988312188,-0.15376,-0.29691,-0.0967200000000001,-1.5325032503711,0.162011030530006,0.971715209856342,0.09203283794628157,-4.71300984125124,True,False,False,False
hsa-mir-7849,0.18237,1.13474646975771,0.19827,0.0696100000000001,0.27923,1.52942748739505,0.162760396452562,0.971715209856342,0.09612147246374231,-4.71661341065258,True,False,False,False
hsa-mir-6726,-0.225956666666667,1.16955253440256,0.13893,-0.32132,-0.49548,-1.52937392599073,0.162773473302676,0.971715209856342,0.3548907780784061,-4.71667613053629,False,False,False,False
hsa-miR-3146,0.183266666666667,1.13545195883697,0.11452,0.31575,0.11953,1.52849179942766,0.162988976741054,0.971715209856342,0.1096294295757525,-4.71770893058629,True,False,False,False
hsa-miR-580-3p,-0.177276666666667,1.13074739057491,-0.20744,-0.19049,-0.1339,-1.52846452092557,0.162995644934816,0.971715209856342,0.0153676737071777,-4.71774086359211,True,False,False,False
hsa-miR-222-5p,0.2167,1.16207243622209,0.49209,0.24856,-0.0905500000000001,1.5283239120222,0.163030020458394,0.971715209856342,0.32818601755945187,-4.71790545982779,False,False,False,False
hsa-miR-6735-5p,0.18256,1.13489592339893,0.25935,0.0569,0.23143,1.5273610919047,0.163265580936217,0.971715209856342,0.10225999084596818,-4.71903232505004,True,False,False,False
hsa-miR-107,-0.193806666666667,1.14377768705262,-0.383520000000001,-0.005139999999999,-0.19276,-1.52435703842941,0.164002496420875,0.971715209856342,0.21800942699727716,-4.72254586829223,True,False,False,False
hsa-mir-518a-2,-0.19154,1.14198207043313,-0.25704,-0.32569,0.0081099999999999,-1.52422525637287,0.164034891317597,0.971715209856342,0.20054909703554763,-4.7226999193836,False,False,False,False
hsa-miR-148b-5p,-0.247903333333333,1.18748009722118,-0.00916,-0.0178400000000001,-0.71671,-1.52482595820251,0.164145142601528,0.971715209856342,0.40113409997179167,-4.72213774637147,True,False,False,False
hsa-mir-483,0.176663333333333,1.13026677779937,0.22195,0.17378,0.13426,1.52118580774049,0.164783639160801,0.971715209856342,0.019983000200772778,-4.72625108414125,True,False,False,False
hsa-mir-4649,-0.182503333333333,1.13485134744617,-0.21224,-0.2811,-0.05417,-1.52059030705125,0.16493069320569,0.971715209856342,0.11297882941192144,-4.72694641452615,True,False,False,False
hsa-miR-6766-5p,-0.17983,1.13275039976452,-0.25599,-0.0786099999999998,-0.20489,-1.52016652112814,0.165035414908096,0.971715209856342,0.07623603055471272,-4.7274411583848,True,False,False,False
hsa-miR-6722-5p,-0.18205,1.13449480284832,-0.29488,-0.18231,-0.0689600000000001,-1.52005957575691,0.165061851531134,0.971715209856342,0.10795033705406924,-4.72756599925103,True,False,False,False
hsa-miR-6865-3p,-0.203033333333333,1.15111608744953,-0.46482,-0.14867,0.0043900000000001,-1.51918778580722,0.165277496579407,0.971715209856342,0.2794309165846938,-4.72858349937868,False,False,False,False
hsa-miR-1273c,-0.182336666666667,1.13472025185005,-0.0633300000000001,-0.18564,-0.29804,-1.5181902387309,0.165524556677823,0.971715209856342,0.11484531126817649,-4.72974740570036,True,False,False,False
hsa-mir-3133,0.206593333333333,1.15396009356582,0.43854,-0.06843,0.24967,1.51789828485472,0.165596926400728,0.971715209856342,0.29733831086672646,-4.73008797349013,False,False,False,False
hsa-miR-382-3p,0.178343333333333,1.13158372570201,0.23993,0.20329,0.09181,1.51786028471212,0.165606347974169,0.971715209856342,0.057085073082126736,-4.73013229863345,True,False,False,False
hsa-mir-339,0.202856666666667,1.15097513500615,0.0229900000000001,0.47473,0.11085,1.51749605008955,0.165696678785856,0.971715209856342,0.2800657114506967,-4.73055712981759,True,False,False,False
hsa-miR-2052,-0.18101,1.13367727080323,-0.28007,-0.19557,-0.0673900000000001,-1.51678933419034,0.165872070722251,0.971715209856342,0.09954649626666769,-4.73138126933811,True,False,False,False
hsa-miR-512-3p,-0.201416666666667,1.14982688311052,-0.0849599999999999,-0.46996,-0.0493300000000001,-1.51669419025644,0.165895696056974,0.971715209856342,0.2733800306609807,-4.73149220663527,True,False,False,False
hsa-mir-499b,-0.240806666666667,1.18165318480614,-0.25791,0.15427,-0.61878,-1.51637630310202,0.166232179948844,0.971715209856342,0.39367671582775143,-4.73199320874638,False,False,False,False
hsa-mir-365b,-0.199343333333333,1.14817562479028,0.01539,-0.43181,-0.18161,-1.51531505627062,0.166238487555136,0.971715209856342,0.26333819851145135,-4.73309986437864,False,False,False,False
hsa-mir-3180-3,0.186103333333333,1.13768671200245,0.21033,0.32242,0.02556,1.51391564053825,0.16658696458257,0.971715209856342,0.16450240368848104,-4.73473038945251,True,False,False,False
hsa-mir-3180-1,0.186103333333333,1.13768671200245,0.21033,0.32242,0.02556,1.51391564053825,0.16658696458257,0.971715209856342,0.16450240368848104,-4.73473038945251,True,False,False,False
hsa-mir-3180-2,0.186103333333333,1.13768671200245,0.21033,0.32242,0.02556,1.51391564053825,0.16658696458257,0.971715209856342,0.16450240368848104,-4.73473038945251,True,False,False,False
hsa-miR-138-2-3p,0.181216666666667,1.13383968217784,0.20111,0.28354,0.0589999999999999,1.51251247357594,0.166937028296969,0.971715209856342,0.10980278412228583,-4.73636449991201,True,False,False,False
hsa-miR-5572,-0.19324,1.14332851837998,-0.0124500000000001,-0.16793,-0.39934,-1.5121264706009,0.167033443485667,0.971715209856342,0.2277150383187856,-4.73681389596975,True,False,False,False
hsa-miR-1260a,-0.336293333333333,1.26250870329308,0.21791,-0.9485,-0.27829,-1.55275044444843,0.167168994573218,0.971715209856342,0.42455283889759227,-4.69549440752388,False,False,False,False
hsa-miR-5706,-0.18466,1.13654909110002,-0.0560500000000002,-0.33751,-0.16042,-1.51099820775371,0.16731554318767,0.971715209856342,0.15358020737839118,-4.73812711077555,True,False,False,False
hsa-miR-4677-5p,-0.209306666666667,1.15613243388466,-0.04572,-0.0582199999999999,-0.52398,-1.51019008577506,0.167517858397095,0.971715209856342,0.31492583855813566,-4.73906739154714,True,False,False,False
hsa-miR-3934-3p,-0.18066,1.13340227234073,-0.30005,-0.07965,-0.16228,-1.5099630727534,0.16757473075903,0.971715209856342,0.1067262736841016,-4.73933148271833,True,False,False,False
hsa-miR-3134,-0.187993333333333,1.1391781130893,-0.0369000000000002,-0.36619,-0.16089,-1.50895353633451,0.167827852520886,0.971715209856342,0.18935832036573289,-4.74050565654651,True,False,False,False
hsa-miR-2114-3p,0.193733333333333,1.1437195494031,0.34904,0.26359,-0.0314300000000001,1.50888977284594,0.167843851391301,0.971715209856342,0.23479228561002163,-4.74057980497397,False,False,False,False
hsa-mir-4507,0.214536666666667,1.1603312046638,0.0205200000000001,0.55416,0.0689299999999999,1.50872638687983,0.167884852684488,0.971715209856342,0.3350331430057122,-4.74076979358666,True,False,False,False
hsa-mir-922,-0.238823333333333,1.18002983275285,0.19051,-0.54832,-0.35866,-1.50957678578371,0.16792877902206,0.971715209856342,0.3937699171759539,-4.73990349898994,False,False,False,False
hsa-miR-1229-3p,-0.18728,1.13861499140776,-0.32898,-0.0101100000000001,-0.22275,-1.50821306304014,0.168013727933503,0.971715209856342,0.18380206471683613,-4.7413666274115,True,False,False,False
hsa-let-7i,-0.178303333333333,1.13155235197418,-0.28105,-0.09806,-0.1558,-1.50550069329659,0.168696157141811,0.971715209856342,0.08079058684400238,-4.74451849648903,True,False,False,False
hsa-miR-4497,0.340903333333333,1.26654938671684,1.00907,-0.12509,0.138730000000001,1.54951345240056,0.168709320943731,0.971715209856342,0.4246212561849763,-4.69960932982445,False,False,False,False
hsa-miR-600,0.175136666666667,1.12907135679937,0.20082,0.11168,0.21291,1.50307962531518,0.169307373901241,0.971715209856342,0.03164877438723306,-4.74732935363709,True,False,False,False
hsa-miR-623,-0.20031,1.1489452087956,0.0711299999999999,-0.30537,-0.36669,-1.50232631895419,0.169497952440048,0.971715209856342,0.28088555827189926,-4.7482034574824,False,False,False,False
hsa-mir-2278,-0.19083,1.14142019992922,-0.21157,0.0083999999999999,-0.36932,-1.50022188364617,0.17003136172027,0.971715209856342,0.22358734209517875,-4.7506441324863,False,False,False,False
hsa-miR-516b-3p,-0.18679,1.13822833546599,-0.0113799999999999,-0.34329,-0.2057,-1.4987211605448,0.170412657968028,0.971715209856342,0.19190762298942143,-4.75238353658913,True,False,False,False
hsa-miR-516a-3p,-0.18679,1.13822833546599,-0.0113799999999999,-0.34329,-0.2057,-1.4987211605448,0.170412657968028,0.971715209856342,0.19190762298942143,-4.75238353658913,True,False,False,False
hsa-miR-6873-3p,-0.201953333333333,1.15025468561186,0.01806,-0.46928,-0.15464,-1.49856401385669,0.170452628855499,0.971715209856342,0.29253539112158555,-4.75256562348118,False,False,False,False
hsa-mir-4745,-0.185546666666667,1.13724781806778,-0.2902,-0.26374,-0.0026999999999999,-1.49853736022018,0.170459409139145,0.971715209856342,0.1804775302627351,-4.75259650622561,True,False,False,False
hsa-miR-556-5p,-0.2081,1.15516585177396,-0.01875,-0.0822399999999999,-0.52331,-1.49772171199152,0.170667013466798,0.971715209856342,0.3200076643432923,-4.75354143259442,True,False,False,False
hsa-miR-3141,-0.710696666666667,1.63659422546709,-1.74382,0.26026,-0.64853,-1.67478905449443,0.170856362254844,0.971715209856342,0.34475360474297717,-4.58501497042806,False,False,False,False
hsa-miR-7854-3p,-0.197816666666667,1.1469612625879,0.0302199999999999,-0.42695,-0.19672,-1.49682280898858,0.170896068068941,0.971715209856342,0.27264486337490906,-4.75458249507695,False,False,False,False
hsa-miR-519e-5p,0.173066666666667,1.12745251031027,0.14221,0.18016,0.19683,1.49524226224616,0.17129947723516,0.971715209856342,0.008607861988750265,-4.75641220133995,True,False,False,False
hsa-miR-3130-3p,0.173193333333333,1.12755150345625,0.16862,0.14217,0.20879,1.49483046928857,0.171404719286918,0.971715209856342,0.012274635680654207,-4.75688874212607,True,False,False,False
hsa-miR-548x-3p,0.184186666666667,1.13617626225292,0.33455,0.18925,0.0287600000000001,1.49471394970909,0.171434508631237,0.971715209856342,0.1723275262623904,-4.75702356993852,True,False,False,False
hsa-miR-4658,-0.18602,1.13762099853894,-0.3704,-0.05183,-0.13583,-1.49462969183051,0.171456052821876,0.971715209856342,0.1902787998493261,-4.75712106344091,True,False,False,False
hsa-mir-3529,-0.176703333333333,1.13029811588302,-0.17409,-0.0875599999999999,-0.26846,-1.49437148794396,0.171522088817215,0.971715209856342,0.07738502032616618,-4.75741980910173,True,False,False,False
hsa-miR-3682-3p,-0.207146666666667,1.15440276996865,-0.39573,-0.33173,0.10602,-1.4937587319205,0.171678892222804,0.971715209856342,0.3193807103907664,-4.75812866742798,False,False,False,False
hsa-mir-212,0.17472,1.12874531528904,0.21291,0.21369,0.0975599999999999,1.49339090134533,0.17177308054777,0.971715209856342,0.045459830453513206,-4.75855411321229,True,False,False,False
hsa-miR-499b-5p,-0.198073333333333,1.14716533406809,-0.13358,-0.00485,-0.45579,-1.49301750681455,0.171868740428974,0.971715209856342,0.2777195428104512,-4.7589859377044,True,False,False,False
hsa-mir-711,0.211053333333333,1.15753300770535,-0.10685,0.46257,0.27744,1.49221097178171,0.172075527584317,0.971715209856342,0.3352014829339041,-4.75991848660782,False,False,False,False
hsa-mir-23c,-0.207463333333333,1.15465618527086,-0.0927500000000001,-0.52178,-0.0078599999999999,-1.49200344122328,0.172128771888413,0.971715209856342,0.3220281753243295,-4.76015839874367,True,False,False,False
hsa-miR-4526,-0.480873333333333,1.39558822799057,-1.15639,-0.63224,0.34601,-1.60063276745117,0.172198102945857,0.971715209856342,0.38874582801178315,-4.65247713299425,False,False,False,False
hsa-miR-3150b-3p,-0.194816666666667,1.1445787017483,-0.0004699999999999,-0.42933,-0.15465,-1.49130510545601,0.172308044981763,0.971715209856342,0.2605590141609079,-4.76096556781843,True,False,False,False
hsa-miR-4719,0.192266666666667,1.14255741678558,0.17053,0.40627,0.0,1.49115563033035,0.172346438929753,0.971715209856342,0.24419142230776766,-4.76113831209349,False,False,False,False
hsa-miR-3132,0.190486666666667,1.14114859646226,0.41537,0.0806,0.0754900000000001,1.49045685941419,0.172526024645499,0.971715209856342,0.2323564154776666,-4.76194574041388,True,False,False,False
hsa-miR-6833-3p,-0.189273333333333,1.14018927275223,-0.37782,-0.19,0.0,-1.48908788118869,0.172878335484033,0.971715209856342,0.22481016032511275,-4.76352700900951,False,False,False,False
hsa-mir-6071,-0.176046666666667,1.12978375894567,-0.21644,-0.0720500000000002,-0.23965,-1.48856633309031,0.173012724962763,0.971715209856342,0.07840168734254505,-4.76412923143607,True,False,False,False
hsa-miR-891b,0.212386666666667,1.1586032898588,-0.10126,0.24616,0.49226,1.48829740514575,0.173082056874579,0.971715209856342,0.3426464390578824,-4.76443971394904,False,False,False,False
hsa-miR-6871-5p,0.17404,1.12821341774086,0.16171,0.11517,0.24524,1.48810232694208,0.173132365081386,0.971715209856342,0.04462472783964527,-4.76466491682439,True,False,False,False
hsa-mir-3607,0.185786666666667,1.13743702103329,0.17327,0.36171,0.0223800000000001,1.48653658059012,0.17353662024264,0.971715209856342,0.1989112792609658,-4.76647188175199,True,False,False,False
hsa-miR-6729-3p,0.191966666666667,1.14231985335078,0.0766800000000001,0.0696700000000001,0.42955,1.48625697331633,0.173608898988484,0.971715209856342,0.2475210766782438,-4.76679445858224,True,False,False,False
hsa-miR-668-3p,-0.200163333333333,1.14882841113991,-0.25399,0.06888,-0.41538,-1.48610355395929,0.173648569351898,0.971715209856342,0.2949487792430427,-4.76697144140956,False,False,False,False
hsa-mir-1302-8,-0.18153,1.13408596315867,-0.27888,-0.24713,-0.01858,-1.48569762604203,0.173753570716876,0.971715209856342,0.1572454510048005,-4.76743966823991,True,False,False,False
hsa-mir-6132,0.190503333333333,1.14116177960395,0.23966,0.36052,-0.0286700000000002,1.48433748545379,0.174105807679702,0.971715209856342,0.2394729167403351,-4.76900805580463,False,False,False,False
hsa-miR-4734,0.19802,1.14712292661638,0.0281799999999999,0.47215,0.0937299999999999,1.48109044461641,0.174949250831183,0.971715209856342,0.28869888332905047,-4.77274913520093,True,False,False,False
hsa-miR-659-3p,-0.20044,1.14904874391743,-0.27283,-0.40813,0.0796400000000002,-1.47976575126987,0.175294385558359,0.971715209856342,0.30194428587563765,-4.77427412062819,False,False,False,False
hsa-miR-579-5p,-0.22952,1.17244479946457,-0.25757,-0.58343,0.15244,-1.47897182682781,0.175501522238099,0.971715209856342,0.39373615531512934,-4.7751877346222,False,False,False,False
hsa-miR-629-5p,-0.523456666666667,1.4373950935773,0.214779999999999,-0.37683,-1.40832,-1.59859616456375,0.175528832031129,0.971715209856342,0.38473559029222143,-4.65652483213244,False,False,False,False
hsa-miR-6504-3p,0.182916666666667,1.13517652988469,0.28406,0.26359,0.0011000000000001,1.47863904813297,0.175588409227094,0.971715209856342,0.18243762620412837,-4.77557060368754,True,False,False,False
hsa-miR-6822-3p,-0.214796666666667,1.1605403363867,-0.45838,0.13894,-0.32495,-1.47851872688954,0.175619833900644,0.971715209856342,0.3572236416043198,-4.77570902448222,False,False,False,False
hsa-miR-197-3p,-0.60098,1.51674651865724,0.24737,-1.53949,-0.51082,-1.62642710979998,0.175627775053191,0.971715209856342,0.3655895352198866,-4.63118602528956,False,False,False,False
hsa-mir-3690-2,0.203176666666667,1.15123045777562,0.47633,0.18728,-0.0540799999999999,1.47749928372294,0.175886284397634,0.971715209856342,0.31624151114807636,-4.77688157639928,False,False,False,False
hsa-mir-3690-1,0.203176666666667,1.15123045777562,0.47633,0.18728,-0.0540799999999999,1.47749928372294,0.175886284397634,0.971715209856342,0.31624151114807636,-4.77688157639928,False,False,False,False
hsa-mir-4756,0.201323333333333,1.14975249891884,0.43813,0.23848,-0.07264,1.47725466085393,0.17595027422532,0.971715209856342,0.30825460900596596,-4.77716287415102,False,False,False,False
hsa-miR-526b-3p,-0.186886666666667,1.1383046041314,0.0224200000000001,-0.25698,-0.3261,-1.47623172430931,0.176218082441475,0.971715209856342,0.22149157071662817,-4.77833890211397,False,False,False,False
hsa-miR-6851-3p,-0.215223333333333,1.16088360858949,0.12052,-0.50879,-0.2574,-1.4758174804967,0.176326635170657,0.971715209856342,0.36035938990423405,-4.77881501639591,False,False,False,False
hsa-miR-3672,-0.171873333333333,1.12652031720019,-0.11797,-0.16383,-0.23382,-1.47358373452718,0.176913006672351,0.971715209856342,0.03632857531430105,-4.78138114802558,True,False,False,False
hsa-mir-6768,-0.22606,1.16963630684694,-0.48315,0.18507,-0.3801,-1.47256958989447,0.177179792936951,0.971715209856342,0.39011073556003195,-4.78254550700347,False,False,False,False
hsa-miR-1298-5p,-0.200063333333333,1.14874878318223,-0.42189,0.0790899999999999,-0.25739,-1.47129106188896,0.177516634849758,0.971715209856342,0.3076467749619873,-4.784012792353,False,False,False,False
hsa-mir-4679-1,-0.272116666666667,1.20757824097431,0.16512,-0.18183,-0.79964,-1.48406994201445,0.177539715496357,0.971715209856342,0.43656471761768534,-4.77053199782212,False,False,False,False
hsa-miR-29c-5p,0.272703333333333,1.20806939811029,0.79047,-0.18563,0.21327,1.48338126487487,0.177717886466206,0.971715209856342,0.4373703424657593,-4.77131631285793,False,False,False,False
hsa-miR-4704-3p,0.176653333333333,1.13025894341422,0.14264,0.0791599999999999,0.30816,1.47007348388776,0.177837943563564,0.971715209856342,0.12247354857421579,-4.78540948831326,True,False,False,False
hsa-miR-4656,-0.2425,1.18304093994891,-0.65766,-0.24858,0.17874,-1.46947796175542,0.178250493468441,0.971715209856342,0.4210066713394836,-4.78617210462235,False,False,False,False
hsa-miR-5708,0.184683333333333,1.13656747315062,0.34441,-0.0072999999999998,0.21694,1.4673420904798,0.178560600813021,0.971715209856342,0.2142545616184883,-4.78854041745344,False,False,False,False
hsa-miR-626,0.180346666666667,1.13315613983193,0.26524,0.006,0.2698,1.46581728544416,0.178965149590396,0.971715209856342,0.17448091766237492,-4.79028688921401,True,False,False,False
hsa-miR-591,0.18134,1.13393661618054,0.2477,0.29632,0.0,1.46454624333314,0.179302988630842,0.971715209856342,0.1867448173447563,-4.79174195304912,False,False,False,False
hsa-mir-103b-1,0.211986666666667,1.15828210134554,0.51311,-0.10725,0.2301,1.46423206851638,0.179386581810887,0.971715209856342,0.3586268429608934,-4.79210150827639,False,False,False,False
hsa-mir-6787,-0.213656666666667,1.1596236538113,-0.15156,0.06812,-0.55753,-1.46396069523244,0.179458814304507,0.971715209856342,0.3638939651431088,-4.79241204577311,False,False,False,False
hsa-mir-4788,0.18966,1.14049490371302,0.11343,0.0294599999999998,0.42609,1.46375667914902,0.179513134923849,0.971715209856342,0.25663900699103287,-4.79264548453057,True,False,False,False
hsa-mir-6784,0.169156666666667,1.12440101929456,0.15201,0.17139,0.18407,1.46372091455385,0.17952265897241,0.971715209856342,0.003023232075354372,-4.79268640517798,True,False,False,False
hsa-mir-3167,-0.187603333333333,1.13887020365143,-0.0341100000000001,-0.41083,-0.11787,-1.463685140476,0.179532185991097,0.971715209856342,0.24214975484123846,-4.79272733613031,True,False,False,False
hsa-miR-3144-3p,-0.177316666666667,1.13077874198416,-0.16384,-0.05324,-0.31487,-1.46255685827963,0.179832887984718,0.972152849227904,0.1443097511921453,-4.79401798174505,True,False,False,False
hsa-miR-4802-5p,0.216426666666667,1.16185229056688,-0.03427,0.59103,0.0925199999999999,1.46005351334276,0.180501644969314,0.972917148480692,0.37440477976324427,-4.79687962660503,False,False,False,False
hsa-mir-570,0.22489,1.16868813714649,0.5029,0.35777,-0.186,1.45893385505159,0.18080146371665,0.972917148480692,0.3957129591502376,-4.79815867279204,False,False,False,False
hsa-mir-6767,-0.169916666666667,1.12499350063925,-0.2212,-0.11277,-0.17578,-1.45866875165225,0.180872516388526,0.972917148480692,0.032569349852423234,-4.79846143614024,True,False,False,False
hsa-miR-3176,0.18248,1.13483299315098,0.37752,0.04451,0.12541,1.45543484894846,0.181741240613947,0.972917148480692,0.2104061294366822,-4.80215231207818,True,False,False,False
hsa-miR-577,-0.172293333333333,1.12684831958251,-0.27503,-0.16085,-0.081,-1.45165388895967,0.182761566874714,0.972917148480692,0.09225047630067822,-4.80646184207022,True,False,False,False
hsa-mir-4677,0.174343333333333,1.12845065479145,0.30673,0.07782,0.13848,1.4505061208592,0.183072295791775,0.972917148480692,0.1257881070637769,-4.80776884448849,True,False,False,False
hsa-miR-1262,0.23756,1.17899696131839,0.66994,0.19257,-0.14983,1.45103349054526,0.183183573094153,0.972917148480692,0.42289910856499846,-4.80722967901304,False,False,False,False
hsa-miR-4744,-0.1719,1.12654113990948,-0.0847600000000002,-0.1569,-0.27404,-1.44990558794741,0.183235059403152,0.972917148480692,0.08935715501902357,-4.80845246450247,True,False,False,False
hsa-miR-1247-3p,-0.215946666666667,1.16146579423924,-0.23784,-0.53994,0.12994,-1.44829583483678,0.183671980328735,0.972917148480692,0.3808895241407809,-4.81028416513708,False,False,False,False
hsa-miR-6769b-3p,0.17081,1.12569032524987,0.23386,0.0737399999999999,0.20483,1.44825702429864,0.183682525598255,0.972917148480692,0.0740312660048346,-4.81032831287129,True,False,False,False
hsa-miR-494-5p,-0.167703333333333,1.12326889738265,-0.13483,-0.1998,-0.16848,-1.44774268335574,0.183822328099837,0.972917148480692,0.012282536182680496,-4.81091332384302,True,False,False,False
hsa-miR-4653-3p,0.193926666666667,1.14387282776283,-0.07467,0.39553,0.26092,1.44662981040495,0.184125136368244,0.972917148480692,0.2997696201706372,-4.81217871132251,False,False,False,False
hsa-miR-5196-5p,-0.518653333333333,1.43261736391892,-0.35961,-1.41661,0.22026,-1.5619601225078,0.184436358079072,0.972917148480692,0.3922148628576802,-4.69582658744981,False,False,False,False
hsa-mir-4495,0.169946666666667,1.12501689446468,0.0865900000000002,0.18009,0.24316,1.44534616634518,0.184474953780203,0.972917148480692,0.06474369463137834,-4.81363760442563,True,False,False,False
hsa-mir-218-2,-0.167993333333333,1.12349471137171,-0.17088,-0.21467,-0.11843,-1.44486762597034,0.184605514107395,0.972917148480692,0.02634425518177929,-4.8141812937654,True,False,False,False
hsa-miR-4453,0.218,1.16312004154785,0.60887,0.09379,-0.04866,1.44392003195582,0.184864285425436,0.972917148480692,0.38898810807743306,-4.81525759964214,False,False,False,False
hsa-miR-4715-5p,0.176153333333333,1.12986729338595,0.01433,0.25127,0.26286,1.44357832178613,0.184957678418716,0.972917148480692,0.16160965924146295,-4.81564562827439,True,False,False,False
hsa-miR-4667-5p,-0.19072,1.14133317430567,0.0099099999999998,-0.4406,-0.14147,-1.44212278650316,0.185355954685149,0.972917148480692,0.2863155207195361,-4.81729788868035,False,False,False,False
hsa-miR-873-3p,0.200693333333333,1.14925053147421,0.41314,0.30088,-0.11194,1.44167389717248,0.18547893514576,0.972917148480692,0.3356127782122163,-4.81780726151155,False,False,False,False
hsa-miR-103a-2-5p,0.20486,1.15257449484525,0.0588000000000002,0.54433,0.01145,1.44096684702062,0.18567278781991,0.972917148480692,0.35205018280138567,-4.81860940103004,True,False,False,False
hsa-miR-331-3p,-0.568776666666667,1.48326530234152,0.2928,-0.53043,-1.4687,-1.57531876315582,0.185697851875935,0.972917148480692,0.37992629853868065,-4.68393120501086,False,False,False,False
hsa-miR-4445-5p,0.19575,1.14531941205243,0.0508900000000001,0.04663,0.48973,1.44076358069474,0.185728550377422,0.972917148480692,0.31445730507085085,-4.81883996361958,True,False,False,False
hsa-mir-6751,-0.16944,1.12462186400885,-0.20663,-0.22354,-0.0781500000000002,-1.44055871090525,0.185784767651745,0.972917148480692,0.06619472179096825,-4.8190723266873,True,False,False,False
hsa-mir-1281,-0.181413333333333,1.13399425654316,0.02647,-0.2869,-0.28381,-1.43881948811382,0.186262619167674,0.972917148480692,0.22305412391366228,-4.82104420994659,False,False,False,False
hsa-miR-4261,-0.179506666666667,1.13249655892285,-0.33331,-0.20521,0.0,-1.43859945124558,0.186323150885993,0.972917148480692,0.20566750296508687,-4.82129358715505,False,False,False,False
hsa-mir-4648,0.18209,1.13452625815934,0.25274,0.32254,-0.02901,1.43625740763718,0.186968509825135,0.972917148480692,0.23224373952653068,-4.82394660679922,False,False,False,False
hsa-miR-6812-5p,-0.655856666666666,1.57555123158111,-1.77428,-0.13615,-0.0571399999999995,-1.59720757717963,0.187013876291273,0.972917148480692,0.36195876278584355,-4.66456790771578,True,False,False,False
hsa-mir-134,0.179363333333333,1.13238404973769,0.1096,0.05505,0.37344,1.43481647716093,0.187366534293211,0.972917148480692,0.209630965710162,-4.82557766382528,True,False,False,False
hsa-miR-3669,-0.168373333333333,1.1237906742805,-0.23736,-0.17905,-0.0887100000000001,-1.43441171896804,0.187478472781414,0.972917148480692,0.06007618112301218,-4.8260356639528,True,False,False,False
hsa-miR-6882-5p,0.17437,1.12847151318128,0.21467,0.28605,0.0223899999999999,1.4330647675745,0.187851401916844,0.972917148480692,0.157180734879806,-4.82755927255347,True,False,False,False
hsa-miR-659-5p,0.23766,1.17907868599268,0.27441,-0.20222,0.64079,1.43229642566101,0.188317296699346,0.972917148480692,0.4328583681820276,-4.82847146987398,False,False,False,False
hsa-mir-219b,0.16636,1.12222347736895,0.11069,0.19509,0.1933,1.43080560960119,0.188478348266226,0.972917148480692,0.026880849653738662,-4.83011292515847,True,False,False,False
hsa-mir-6072,0.184323333333333,1.1362838974586,0.10734,0.4149,0.0307299999999999,1.43049125496431,0.188565730547829,0.972917148480692,0.2569544674826345,-4.83046807860558,True,False,False,False
hsa-miR-4468,-0.18997,1.14073999460046,-0.41438,0.0537299999999999,-0.20926,-1.42839808549437,0.189148478873131,0.972917148480692,0.2959040981960418,-4.83283179379737,False,False,False,False
hsa-miR-6830-5p,-0.180563333333333,1.13332633214126,-0.03148,-0.12515,-0.38506,-1.42802297955933,0.189253076098736,0.972917148480692,0.22989965527953282,-4.83325517713484,True,False,False,False
hsa-miR-155-5p,-0.55499,1.46915844981264,0.26101,-1.46831,-0.45767,-1.55904005392067,0.18928067365138,0.972917148480692,0.3837908828301818,-4.70086418808709,False,False,False,False
hsa-miR-5582-3p,0.17785,1.13119684384601,0.0060900000000001,0.33915,0.18831,1.42697219114154,0.189546354294438,0.972917148480692,0.20600691744085264,-4.83444087225835,True,False,False,False
hsa-miR-876-5p,0.19224,1.14253629803537,-0.08498,0.38974,0.27196,1.42632552394211,0.189727038111201,0.972917148480692,0.31031489502403387,-4.8351703181894,False,False,False,False
hsa-mir-4716,0.217336666666667,1.16258537626647,0.55201,-0.15357,0.25357,1.42529240117159,0.190016012401499,0.972917148480692,0.3992131739447953,-4.83633530238005,False,False,False,False
hsa-mir-4281,0.196503333333333,1.14591762066311,0.23175,0.44551,-0.0877500000000007,1.42451119269341,0.190234778694821,0.972917148480692,0.33236663409053907,-4.83721590326236,False,False,False,False
hsa-miR-200b-3p,0.178823333333333,1.1319602782932,0.21467,-0.0114300000000001,0.33323,1.42449889195312,0.190238225097538,0.972917148480692,0.21894596320489243,-4.8372297668347,False,False,False,False
hsa-mir-204,0.166173333333333,1.12207828510152,0.23412,0.12903,0.13537,1.4244292159663,0.190257747837357,0.972917148480692,0.03945489624279665,-4.83730829401024,True,False,False,False
hsa-mir-3190,0.166453333333333,1.12229608054775,0.10445,0.16265,0.23226,1.42425837297303,0.190305624281558,0.972917148480692,0.045897433441694016,-4.83750083061873,True,False,False,False
hsa-miR-212-5p,-0.164966666666667,1.1211401738909,-0.19869,-0.17514,-0.12107,-1.42190739487349,0.190965521805511,0.972917148480692,0.018852926875065294,-4.8401490098432,True,False,False,False
hsa-miR-4760-3p,-0.209926666666667,1.15662939002165,-0.09371,-0.57988,0.0438100000000001,-1.42103693192927,0.191210358044771,0.972917148480692,0.3827125150250892,-4.84112888532005,False,False,False,False
hsa-mir-493,0.186203333333333,1.13776557316921,0.24259,-0.0568299999999999,0.37285,1.4209327670164,0.191239674961294,0.972917148480692,0.2808067066743146,-4.84124612044333,False,False,False,False
hsa-mir-5583-2,0.175776666666667,1.12957233999446,0.22211,0.0,0.30522,1.42091365652757,0.191245053978831,0.972917148480692,0.19345898474111997,-4.84126762831399,False,False,False,False
hsa-miR-611,0.233226666666667,1.17546099454012,0.6244,-0.19985,0.27513,1.42110723716469,0.191442658005316,0.972917148480692,0.4318367474994823,-4.84108294530742,False,False,False,False
hsa-miR-4273,-0.168923333333333,1.12421917974066,-0.0515300000000001,-0.23339,-0.22185,-1.41984159763682,0.191547016921532,0.972917148480692,0.102789231094445,-4.84247391286498,True,False,False,False
hsa-miR-3124-3p,-0.201303333333333,1.14973656007526,-0.53756,-0.0657299999999998,-0.00062,-1.41908674689312,0.191759882087092,0.972917148480692,0.3561839446292811,-4.8433229639757,True,False,False,False
hsa-mir-2681,0.235766666666667,1.177532326777,0.16923,-0.1512,0.68927,1.41829045013708,0.192244301603066,0.972917148480692,0.4372631710044481,-4.84424995218717,False,False,False,False
hsa-miR-146b-5p,-0.650153333333333,1.56933497988145,0.16758,-1.73038,-0.38766,-1.5733944878994,0.192287065183253,0.972917148480692,0.36777706324046716,-4.68892941125281,False,False,False,False
hsa-miR-6798-3p,0.201503333333333,1.14989595845466,0.33764,-0.13712,0.40399,1.41705297731121,0.192334423242908,0.972917148480692,0.35851095786389336,-4.84560925896564,False,False,False,False
hsa-miR-6499-3p,-0.185703333333333,1.13737132199209,-0.15699,-0.41981,0.01969,-1.41591971526058,0.192655220178436,0.972917148480692,0.28305391728571516,-4.84688242536846,False,False,False,False
hsa-miR-4793-3p,0.297703333333333,1.22918607922793,-0.34704,0.66688,0.57327,1.44158710183161,0.193051632419095,0.972917148480692,0.45458995539926117,-4.81933377135298,False,False,False,False
hsa-miR-302a-5p,-0.169626666666667,1.12476738540483,-0.16779,-0.0551699999999999,-0.28592,-1.41417173680154,0.193150940264755,0.972917148480692,0.12578848641548177,-4.8488450599342,True,False,False,False
hsa-mir-5001,-0.172593333333333,1.12708266546779,-0.13702,-0.32749,-0.0532699999999999,-1.41412417576476,0.193164443888331,0.972917148480692,0.16723507800952161,-4.84889844228821,True,False,False,False
hsa-miR-6840-5p,0.20317,1.1512251379736,0.05138,0.55373,0.0044000000000001,1.41332824254069,0.193390548713507,0.972917148480692,0.36722840785011224,-4.84979164330947,True,False,False,False
hsa-mir-4438,-0.181483333333333,1.13404927962254,0.04596,-0.25879,-0.33162,-1.41255110797678,0.193611535358549,0.972917148480692,0.2571477583303103,-4.85066347166793,False,False,False,False
hsa-miR-8063,-0.425573333333333,1.34310615300851,-0.15377,0.13424,-1.25719,-1.49545526066504,0.193780853688139,0.972917148480692,0.4212595090822009,-4.76408860763293,False,False,False,False
hsa-mir-548y,-0.178243333333333,1.1315052930134,-0.36778,-0.16104,-0.0059099999999998,-1.41176438133233,0.193835473240291,0.972917148480692,0.23113563611287305,-4.85154578217165,True,False,False,False
hsa-mir-3156-3,0.19226,1.14255213706144,0.15578,0.46568,-0.0446799999999998,1.41117708087318,0.194002792198606,0.972917148480692,0.32463614051220896,-4.85220425410509,False,False,False,False
hsa-mir-144,-0.180506666666667,1.13328181783822,-0.39862,-0.12874,-0.01416,-1.40887395835052,0.194660152214625,0.972917148480692,0.2540630690015009,-4.85478496683906,True,False,False,False
hsa-miR-517b-3p,-0.170313333333333,1.12530285830834,-0.14986,-0.0545,-0.30658,-1.40877090527302,0.194689610929773,0.972917148480692,0.14636633914872058,-4.85490038430205,True,False,False,False
hsa-miR-517a-3p,-0.170313333333333,1.12530285830834,-0.14986,-0.0545,-0.30658,-1.40877090527302,0.194689610929773,0.972917148480692,0.14636633914872058,-4.85490038430205,True,False,False,False
hsa-miR-1228-3p,-0.23857,1.17982264090882,0.25935,-0.43887,-0.53619,-1.41183638326143,0.194886744309994,0.972917148480692,0.4414830561691162,-4.85156958395215,False,False,False,False
hsa-miR-31-5p,-0.229316666666667,1.17227956682467,-0.53432,-0.38655,0.23292,-1.40869380877509,0.194962814361983,0.972917148480692,0.43210751422700405,-4.85500889394946,False,False,False,False
hsa-mir-4789,0.173246666666667,1.12759318738115,0.0002699999999999,0.28716,0.23231,1.40667809085384,0.195288700494541,0.972917148480692,0.18759541384800296,-4.85724324956947,True,False,False,False
hsa-mir-6739,-0.18623,1.13778660373689,0.0341099999999999,-0.42672,-0.16608,-1.40551689290341,0.195621795295222,0.972917148480692,0.29751368355187646,-4.85854232654857,False,False,False,False
hsa-miR-4509,-0.16325,1.11980691959453,-0.19318,-0.18463,-0.11194,-1.40542393766557,0.195648481227185,0.972917148480692,0.024030408809203475,-4.85864629254185,True,False,False,False
hsa-mir-5088,0.164126666666667,1.12048758716511,0.20289,0.20035,0.08914,1.40384590050822,0.19610199228798,0.972917148480692,0.04844333292019862,-4.86041064894147,True,False,False,False
hsa-mir-34a,-0.176173333333333,1.1298829567811,-0.34964,-0.18067,0.0017899999999999,-1.40258174645739,0.196465954454076,0.972917148480692,0.22467296507520926,-4.86182323969411,False,False,False,False
hsa-miR-4793-5p,-0.163206666666667,1.11977328515593,-0.15282,-0.11787,-0.21893,-1.40241826672945,0.196513064609489,0.972917148480692,0.03141946843876672,-4.86200586170104,True,False,False,False
hsa-mir-6514,-0.291793333333333,1.22416101826257,-0.93123,0.0169699999999999,0.03888,-1.42693112338412,0.196838188315931,0.972917148480692,0.45783826050268533,-4.83549007030911,False,False,False,False
hsa-mir-6813,-0.1812,1.13382658362385,-0.40706,-0.13654,0.0,-1.40099556101306,0.196923461274634,0.972917148480692,0.26901606369354103,-4.86359463819226,False,False,False,False
hsa-mir-4715,-0.162086666666667,1.11890431468233,-0.17409,-0.13273,-0.17944,-1.40091614318064,0.196946392193458,0.972917148480692,0.008189917319479531,-4.86368329899307,True,False,False,False
hsa-miR-4798-3p,0.167343333333333,1.12298863970995,0.0422,0.21621,0.24362,1.40045707050154,0.197078989137795,0.972917148480692,0.1175258781680511,-4.86419574362067,True,False,False,False
hsa-miR-4769-3p,0.22143,1.16588864329656,0.0119499999999999,-0.0113099999999999,0.66365,1.40060243377597,0.197287528577717,0.972917148480692,0.42227048350058916,-4.8640486701333,False,False,False,False
hsa-mir-4665,0.190706666666667,1.14132262619612,0.15806,0.46278,-0.0487200000000001,1.39950008774918,0.197355649522203,0.972917148480692,0.3278778359756228,-4.86526367404784,False,False,False,False
hsa-miR-485-5p,-0.390866666666667,1.31118082977644,0.27001,-1.10908,-0.33353,-1.47071989461877,0.197729745398815,0.972951341720762,0.4307108480009409,-4.79000323955213,False,False,False,False
hsa-mir-5689,0.20301,1.15109747009977,0.47773,0.26931,-0.13801,1.3979563922095,0.197802635958156,0.972951341720762,0.3782175942851851,-4.86698544944585,False,False,False,False
hsa-miR-3667-3p,0.21042,1.15702497009027,0.12238,0.59079,-0.0819099999999999,1.39544017559088,0.198533101758317,0.973173318439274,0.40141578745810014,-4.86978958009739,False,False,False,False
hsa-mir-4707,0.18316,1.13536801150581,0.35166,0.26623,-0.0684100000000001,1.39530422601318,0.198572634789165,0.973173318439274,0.28924255238505864,-4.86994100221959,False,False,False,False
hsa-miR-3914,0.185343333333333,1.1370875457383,-0.0648599999999999,0.22296,0.39793,1.39503188266946,0.198651850520402,0.973173318439274,0.30321770555786187,-4.87024431549733,False,False,False,False
hsa-mir-4330,0.178383333333333,1.13161510029971,0.20787,0.35773,-0.0304500000000001,1.39444902578039,0.198821476375371,0.973173318439274,0.25524314491000827,-4.87089333754831,False,False,False,False
hsa-miR-3145-5p,0.171393333333333,1.12614557424091,0.34535,0.07144,0.0973899999999999,1.39282377044467,0.199295128460745,0.973173318439274,0.18859612420760888,-4.87270225893495,True,False,False,False
hsa-miR-425-3p,-0.67952,1.60160679489094,-0.0365,-0.11895,-1.88311,-1.54279650235989,0.199326523910559,0.973173318439274,0.37634955422817057,-4.72018785569843,True,False,False,False
hsa-mir-4457,0.18941,1.14029728812886,0.03159,0.05162,0.48502,1.39166864332071,0.199632363250573,0.973173318439274,0.3288043443399642,-4.87398717957674,True,False,False,False
hsa-miR-3973,-0.19042,1.14109586541847,-0.17064,0.0608599999999999,-0.46148,-1.390617016786,0.199939810605397,0.973173318439274,0.33473473683642396,-4.87515643122887,False,False,False,False
hsa-mir-15a,0.17177,1.12643963283696,0.31579,0.00597,0.19355,1.3904912149672,0.199976616694956,0.973173318439274,0.19684690465720153,-4.87529626964454,True,False,False,False
hsa-mir-2355,0.196303333333333,1.14575877376021,0.5087,-0.0628200000000001,0.14303,1.38951146949415,0.200263463333207,0.973173318439274,0.3610640836337017,-4.87638508033397,False,False,False,False
hsa-mir-8078,0.190393333333333,1.14107477368322,-0.05624,0.46712,0.1603,1.38851389432942,0.200555895512754,0.973173318439274,0.336545660609163,-4.87749324640638,False,False,False,False
hsa-mir-4500,0.213763333333333,1.15970939456663,0.10261,0.61853,-0.07985,1.38834298931067,0.200606032140275,0.973173318439274,0.41420718677929813,-4.87768305138944,False,False,False,False
hsa-miR-6757-3p,0.168386666666667,1.12380106035966,0.19227,0.0250999999999999,0.28779,1.38729447421862,0.200913861251104,0.973173318439274,0.15953914939089,-4.87884722108404,True,False,False,False
hsa-mir-3689c,-0.19226,1.14255213706144,-0.50636,-0.01325,-0.0571699999999999,-1.38670191502728,0.201088008648701,0.973173318439274,0.34672977082749984,-4.8795049145925,True,False,False,False
hsa-mir-28,-0.180433333333333,1.1332242136885,0.0608599999999999,-0.25774,-0.34442,-1.38649484638077,0.20114889485606,0.973173318439274,0.2806775999497151,-4.87973470564016,False,False,False,False
hsa-mir-4778,-0.16056,1.11772091113457,-0.15104,-0.12104,-0.2096,-1.38212038622474,0.202438881801414,0.976496203523585,0.025242332252582246,-4.88458450277421,True,False,False,False
hsa-mir-99a,0.16656,1.12237906136083,0.12148,0.07267,0.30553,1.38191582129501,0.202499380440706,0.976496203523585,0.14325831481616877,-4.8848110765724,True,False,False,False
hsa-miR-3911,-0.1792,1.13225585522201,-0.10607,-0.01535,-0.41618,-1.3814355509977,0.202641478315037,0.976496203523585,0.2777720605769335,-4.88534294127562,True,False,False,False
hsa-miR-1470,0.166226666666667,1.12211976668957,0.29132,0.15918,0.0481799999999999,1.38014043114389,0.203025095088418,0.976496203523585,0.1417118951289453,-4.88677665271384,True,False,False,False
hsa-mir-19a,-0.19221,1.14251253990798,-0.48799,0.06111,-0.14975,-1.37996156340219,0.203078125226113,0.976496203523585,0.35242038074856014,-4.88697459919892,False,False,False,False
hsa-miR-6750-3p,-0.186646666666667,1.13811525685083,-0.45954,0.03783,-0.13823,-1.37736497771644,0.203849298954808,0.976496203523585,0.328411611157698,-4.88984644949259,False,False,False,False
hsa-miR-5587-3p,0.192936666666667,1.14308815351829,0.17317,-0.0786600000000001,0.4843,1.37735969818658,0.203850869518374,0.976496203523585,0.3577356203707436,-4.88985228546747,False,False,False,False
hsa-miR-5703,-0.176636666666667,1.13024588622631,-0.3403,-0.23384,0.0442300000000002,-1.3771509587897,0.203912974028914,0.976496203523585,0.2632493019667048,-4.89008301476186,False,False,False,False
hsa-miR-5090,-0.162643333333333,1.11933612937511,-0.17409,-0.0692699999999999,-0.24457,-1.37704634099395,0.203944106232328,0.976496203523585,0.08563899714644142,-4.89019864590307,True,False,False,False
hsa-miR-372-5p,0.1936,1.14361385215662,0.0982399999999999,-0.03194,0.5145,1.37671080490876,0.204043982825824,0.976496203523585,0.36100333592618544,-4.89056946973498,False,False,False,False
hsa-miR-4303,-0.18045,1.1332373052836,0.0525299999999999,-0.38785,-0.20603,-1.37565640965338,0.204358111380909,0.97682156396788,0.2933671715170111,-4.89173440763637,False,False,False,False
hsa-mir-7106,0.181073333333333,1.13372703955854,0.36442,0.24998,-0.07118,1.37403595010243,0.204841695600787,0.97682156396788,0.29933373764014787,-4.89352373062195,False,False,False,False
hsa-miR-208a-3p,0.16014,1.11739556555322,0.17671,0.0949099999999998,0.2088,1.37280730741342,0.205209008758435,0.97682156396788,0.04202069345403175,-4.89487957736426,True,False,False,False
hsa-miR-4727-3p,-0.173326666666667,1.1276557161579,0.0363900000000001,-0.27815,-0.27822,-1.37273249038474,0.205231394248716,0.97682156396788,0.24015097425371637,-4.89496211723449,False,False,False,False
hsa-mir-6762,0.171896666666667,1.12653853704977,0.2052,0.3252,-0.01471,1.37257804820959,0.205277610481753,0.97682156396788,0.22628301300255813,-4.89513249299934,False,False,False,False
hsa-miR-6744-5p,0.168733333333333,1.12407113211226,0.23459,-0.0062900000000001,0.2779,1.36913685279369,0.206309700725137,0.97682156396788,0.19650927930196474,-4.89892577166155,False,False,False,False
hsa-miR-592,0.162093333333333,1.11890948513008,0.23239,0.0557200000000002,0.19817,1.36852358551187,0.206494100941653,0.97682156396788,0.09566432733795967,-4.89960119311555,True,False,False,False
hsa-mir-3686,0.202033333333333,1.15031847104373,0.50808,-0.14445,0.24247,1.3668673942759,0.206992800953623,0.97682156396788,0.39792299489932387,-4.90142434154917,False,False,False,False
hsa-miR-6831-3p,-0.168626666666667,1.12398802619937,-0.34614,-0.0628700000000001,-0.09687,-1.3665709059151,0.207082186501442,0.97682156396788,0.1995810090621792,-4.9017505800597,True,False,False,False
hsa-miR-4490,0.176963333333333,1.13050183460696,0.17636,-0.0319399999999999,0.38647,1.36550956017042,0.207402433836137,0.97682156396788,0.28050620887412064,-4.90291807858472,False,False,False,False
hsa-mir-1538,0.18308,1.13530505508046,-0.0842499999999999,0.24224,0.39125,1.36418207009649,0.207803585659958,0.97682156396788,0.3221658414087861,-4.90437758167659,False,False,False,False
hsa-miR-6892-5p,0.16257,1.11927923407778,0.17019,0.26359,0.0539299999999998,1.3639148153548,0.207884427432663,0.97682156396788,0.11552976192164326,-4.90467131164085,True,False,False,False
hsa-miR-4313,0.15866,1.11624986432994,0.11316,0.21875,0.14407,1.36210639683947,0.208432165195403,0.97682156396788,0.036877718677248,-4.90665797844411,True,False,False,False
hsa-mir-1269b,0.163486666666667,1.11999063320157,0.12235,0.29509,0.0730200000000001,1.36192048437329,0.208488544944007,0.97682156396788,0.13586384809646224,-4.90686212653526,True,False,False,False
hsa-mir-6800,0.211246666666667,1.15768813730932,-0.0647399999999987,0.63016,0.0683199999999999,1.36105250912027,0.208751940069037,0.97682156396788,0.4257399632005537,-4.90781501921517,False,False,False,False
hsa-miR-589-5p,0.1899,1.14068464689344,0.34797,0.35502,-0.13329,1.35889536874248,0.209407781291823,0.97682156396788,0.3609218006539355,-4.91018163123166,False,False,False,False
hsa-miR-3666,-0.186196666666667,1.13776031558803,-0.47247,-0.13077,0.0446500000000001,-1.35790320642514,0.209710024010743,0.97682156396788,0.3448574249044935,-4.91126938579995,False,False,False,False
hsa-miR-4428,-0.16926,1.12448155763644,0.02298,-0.25069,-0.28007,-1.35764081485336,0.209790018958798,0.97682156396788,0.22150234804248423,-4.91155697870134,False,False,False,False
hsa-mir-548aq,0.160246666666667,1.1174781840299,0.06273,0.23498,0.18303,1.35665450065203,0.210090949229323,0.97682156396788,0.08814573544748262,-4.91263772582103,True,False,False,False
hsa-miR-25-3p,-0.23639,1.17804120337115,0.285550000000001,-0.533060000000001,-0.46166,-1.36107194461191,0.210368881718635,0.97682156396788,0.46183268522166665,-4.90768078444215,False,False,False,False
hsa-miR-1273h-3p,-0.287246666666667,1.22030913638319,0.31709,-0.3789,-0.79993,-1.38075421600534,0.210609452167905,0.97682156396788,0.4708367579202935,-4.8859677130152,False,False,False,False
hsa-mir-4306,-0.17494,1.12891745347281,-0.12366,-0.40116,0.0,-1.35488823980999,0.21063077044473,0.97682156396788,0.27819357277446893,-4.91457191901399,False,False,False,False
hsa-miR-548x-5p,0.20177,1.1501085240037,0.00827,0.00879,0.58825,1.35446749250912,0.210759538330081,0.97682156396788,0.4060308327812818,-4.91503244738967,True,False,False,False
hsa-miR-548g-5p,0.20177,1.1501085240037,0.00827,0.00879,0.58825,1.35446749250912,0.210759538330081,0.97682156396788,0.4060308327812818,-4.91503244738967,True,False,False,False
hsa-miR-548aj-5p,0.20177,1.1501085240037,0.00827,0.00879,0.58825,1.35446749250912,0.210759538330081,0.97682156396788,0.4060308327812818,-4.91503244738967,True,False,False,False
hsa-miR-6124,0.190856666666667,1.14144129804936,-0.0908100000000001,0.17998,0.4834,1.35436671877942,0.210790389701992,0.97682156396788,0.368834387949433,-4.91514273640625,False,False,False,False
hsa-miR-599,-0.17452,1.12858884880815,-0.0465300000000001,-0.41047,-0.0665600000000002,-1.35275830136242,0.211283322482528,0.97682156396788,0.27758550366599344,-4.91690235788596,True,False,False,False
hsa-mir-3673,-0.186376666666667,1.13790227880786,0.05156,-0.47626,-0.13443,-1.3520860685245,0.21148963446255,0.97682156396788,0.3511897843392952,-4.91763741399779,False,False,False,False
hsa-miR-7107-5p,-0.748093333333333,1.67957164013933,-2.05927,-0.0953499999999998,-0.0896600000000003,-1.51357687148684,0.211618331604511,0.97682156396788,0.3720462098311144,-4.7513486397376,True,False,False,False
hsa-mir-4801,0.177923333333333,1.1312543449403,0.28586,0.32874,-0.0808300000000002,1.3511274312503,0.211784143896111,0.97682156396788,0.30447634216922936,-4.91868526058759,False,False,False,False
hsa-mir-6875,0.171713333333333,1.12639538902673,0.2932,0.26774,-0.0457999999999998,1.35107294484403,0.211800893571733,0.97682156396788,0.2558745936240568,-4.9187448039975,False,False,False,False
hsa-miR-5687,-0.162293333333333,1.11906460967323,-0.17619,-0.0373699999999999,-0.27332,-1.35025829047975,0.212051461849826,0.97682156396788,0.14122599717120843,-4.91963489600857,True,False,False,False
hsa-miR-4279,-0.195746666666667,1.14531676580575,0.0935199999999998,-0.52625,-0.15451,-1.34990649329067,0.212159744688346,0.97682156396788,0.3906262938837356,-4.92001917004087,False,False,False,False
hsa-miR-4638-5p,0.22389,1.16787834494429,0.68011,-0.15225,0.14381,1.35060671572456,0.212190453081283,0.97682156396788,0.45506617975745645,-4.91922966687255,False,False,False,False
hsa-mir-17,-0.182683333333333,1.1349929477016,-0.1074,0.0243,-0.46495,-1.3466985827979,0.213149320669299,0.97682156396788,0.33777887637559323,-4.92352044168431,False,False,False,False
hsa-miR-3187-3p,-0.18434,1.13629702440076,-0.0089799999999999,-0.4851,-0.05894,-1.3463197894908,0.213266430927758,0.97682156396788,0.3467289244364095,-4.92393354373225,True,False,False,False
hsa-miR-302c-5p,-0.157706666666667,1.11551248972669,-0.15889,-0.08501,-0.22922,-1.34512108429174,0.213637393092209,0.97682156396788,0.06316291593835205,-4.92524035778529,True,False,False,False
hsa-miR-1202,-0.249276666666667,1.18861102399396,0.29191,-0.37301,-0.66673,-1.3552772305134,0.213752256947206,0.97682156396788,0.47207869454746015,-4.91385628058317,False,False,False,False
hsa-mir-5002,-0.15748,1.11533724157755,-0.0719399999999999,-0.19094,-0.20956,-1.34174438307209,0.214685343020853,0.97682156396788,0.06743530720520297,-4.92891781206168,True,False,False,False
hsa-miR-5688,-0.170176666666667,1.12519626328848,0.01074,-0.36271,-0.15856,-1.34121136443134,0.214851164393344,0.97682156396788,0.25566813789823506,-4.92949779363559,False,False,False,False
hsa-miR-377-3p,0.15676,1.11478075358886,0.17763,0.0824400000000001,0.21021,1.34010301378732,0.215196320834299,0.97682156396788,0.05491362079131386,-4.93070335091844,True,False,False,False
hsa-miR-449c-3p,0.160406666666667,1.11760212319883,0.12596,0.0695500000000001,0.28571,1.34004198980924,0.215215338322251,0.97682156396788,0.13149066262438294,-4.93076970937674,True,False,False,False
hsa-miR-1324,0.19112,1.14164966292702,0.2052,0.48168,-0.11352,1.33981125468687,0.215287257486994,0.97682156396788,0.3820993333631184,-4.9310205978984,False,False,False,False
hsa-mir-3652,0.204423333333333,1.15222569299207,0.60739,0.0674599999999999,-0.06158,1.33945971272325,0.215396871060686,0.97682156396788,0.42354220994541175,-4.93140279464618,False,False,False,False
hsa-miR-1248,-0.17938,1.13239713162677,-0.12044,-0.4454,0.0277000000000001,-1.33834234815138,0.215745590463604,0.97682156396788,0.32783037127154196,-4.93261719002647,False,False,False,False
hsa-mir-4999,0.17183,1.12648648111847,0.05436,0.40231,0.0588199999999999,1.33830739214237,0.215756507683255,0.97682156396788,0.2744644903507703,-4.93265517164935,True,False,False,False
hsa-miR-19b-1-5p,-0.157626666666667,1.11545063429473,-0.17177,-0.06602,-0.23509,-1.33640819380542,0.216350360832826,0.97682156396788,0.08551577468515034,-4.9347178482817,True,False,False,False
hsa-mir-7851,0.182056666666667,1.13450004533959,-0.02675,0.47018,0.10274,1.33532363319031,0.216690112730837,0.97682156396788,0.34580843675731604,-4.93589496560214,False,False,False,False
hsa-mir-3605,-0.179616666666667,1.13258291076245,-0.41041,-0.2074,0.0789599999999999,-1.33457456592491,0.216925032636763,0.97682156396788,0.3332052065705103,-4.93670761863431,False,False,False,False
hsa-mir-3678,-0.1712,1.12599467132386,-0.0058,-0.3927,-0.1151,-1.33360026568087,0.217230914018384,0.97682156396788,0.2754580394795746,-4.93776420802848,True,False,False,False
hsa-mir-18a,0.154546666666667,1.11307180636654,0.14194,0.20056,0.12114,1.3316547936447,0.217842794005216,0.97682156396788,0.022861818235466177,-4.93987258532743,True,False,False,False
hsa-miR-3936,0.179,1.13209890211067,0.46499,0.0106900000000001,0.06132,1.32556319504401,0.219768189464236,0.97682156396788,0.3391340348450806,-4.94646208496269,True,False,False,False
hsa-mir-4257,-0.18254,1.13488019050979,-0.4889,0.00303,-0.06175,-1.32488911808416,0.219982134152458,0.97682156396788,0.35841576329235797,-4.94719011962149,False,False,False,False
hsa-miR-3161,0.158016666666667,1.11575221192551,0.1725,0.25733,0.04422,1.32395261094644,0.220279665080494,0.97682156396788,0.12540943579259592,-4.94820121357531,True,False,False,False
hsa-miR-4740-5p,0.170573333333333,1.12550567671449,0.0256799999999999,0.0823,0.40374,1.32304064991943,0.220569726152736,0.97682156396788,0.2843715357393917,-4.94918538410288,True,False,False,False
hsa-mir-32,0.15341,1.11219518774164,0.14876,0.19953,0.11194,1.32093785832235,0.221239782981871,0.97682156396788,0.026318654708893014,-4.95145308504958,True,False,False,False
hsa-miR-4524b-5p,-0.169163333333333,1.12440621514254,-0.37957,-0.1389,0.01098,-1.32079285617373,0.221286051701663,0.97682156396788,0.2753554286376677,-4.95160937697123,False,False,False,False
hsa-miR-3182,-0.163756666666667,1.12020025877105,-0.07303,-0.0680800000000001,-0.35016,-1.31978006830618,0.221609451161337,0.97682156396788,0.22103108063262317,-4.95270072493183,True,False,False,False
hsa-mir-1193,-0.152676666666667,1.11162999376379,-0.16246,-0.12116,-0.17441,-1.31909026756407,0.221829945189388,0.97682156396788,0.010980069507714284,-4.95344373667416,True,False,False,False
hsa-mir-6715a,-0.17127,1.12604930625153,-0.17149,0.0399999999999999,-0.38232,-1.31902985438805,0.221849265055289,0.97682156396788,0.2952456586186373,-4.95350879868876,False,False,False,False
hsa-miR-1237-5p,-0.183846666666667,1.13590853109552,-0.0832300000000004,-0.49796,0.0296500000000002,-1.31869282838543,0.221957070675986,0.97682156396788,0.37036168683167564,-4.953871725346,False,False,False,False
hsa-mir-6884,-0.159793333333333,1.11712709768663,-0.0839999999999999,-0.0828800000000001,-0.3125,-1.31716609461897,0.222445988856007,0.97682156396788,0.17144090508389231,-4.95551507217527,True,False,False,False
hsa-miR-595,-0.24539,1.18541317729496,0.07849,-0.81466,0.0,-1.32723239481861,0.222580570970616,0.97682156396788,0.48068044846462143,-4.94408338577452,False,False,False,False
hsa-mir-95,-0.159616666666667,1.11699030714422,-0.0115500000000002,-0.20174,-0.26556,-1.31581146905318,0.222880555820912,0.97682156396788,0.17151453587301685,-4.95697217989118,True,False,False,False
hsa-mir-4693,0.177936666666667,1.13126479999874,0.23647,0.3942,-0.09686,1.31520791188871,0.22307440997849,0.97682156396788,0.3439585991858276,-4.95762109957951,False,False,False,False
hsa-miR-144-5p,-0.197063333333333,1.14636250916006,0.11117,-0.56122,-0.14114,-1.31505408350116,0.223123840361553,0.97682156396788,0.42077526081865446,-4.95778646003049,False,False,False,False
hsa-mir-4430,0.152333333333333,1.11136547894243,0.13531,0.13134,0.19035,1.31493258258997,0.223162889369384,0.97682156396788,0.015269926972120646,-4.95791706104569,True,False,False,False
hsa-mir-575,-0.16638,1.12223903479758,0.00295,-0.36222,-0.13987,-1.31485453910433,0.223187974710783,0.97682156396788,0.25784238868426723,-4.95800094584619,False,False,False,False
hsa-mir-19b-2,0.18712,1.13848872196638,0.03278,0.0,0.52858,1.3143246110252,0.223358371505569,0.97682156396788,0.38802090403026335,-4.95857045587144,False,False,False,False
hsa-miR-6807-5p,0.215336666666667,1.16097480733428,0.4148,-0.25909,0.4903,1.31390339030427,0.223736388841913,0.97682156396788,0.4614230798582022,-4.95897291828669,False,False,False,False
hsa-miR-6832-3p,-0.156073333333333,1.11425028760586,-0.10903,-0.27344,-0.08575,-1.31147719883526,0.224275836665093,0.97682156396788,0.1183377999492756,-4.96162811305793,True,False,False,False
hsa-miR-3120-3p,-0.160793333333333,1.11790169961027,-0.32954,-0.0518299999999999,-0.10101,-1.30977339262669,0.224826344787597,0.97682156396788,0.20096540293691556,-4.96345575498268,True,False,False,False
hsa-mir-4651,-0.159586666666667,1.11696708022525,-0.15913,-0.29896,-0.02067,-1.30889948517421,0.225109151988901,0.97682156396788,0.18535344252173636,-4.96439260660892,True,False,False,False
hsa-mir-548t,0.180133333333333,1.13298859083695,0.05576,-0.00143,0.48607,1.30858220556674,0.225211902018914,0.97682156396788,0.36230197086184235,-4.96473264240555,False,False,False,False
hsa-mir-3691,0.17622,1.12991950554756,0.20625,0.40658,-0.08417,1.30809421208047,0.225370014653616,0.97682156396788,0.34163558743976924,-4.96525553604161,False,False,False,False
hsa-miR-381-3p,-0.313736666666667,1.24292277904702,0.35871,-0.42965,-0.87027,-1.34834330003817,0.22548606341668,0.97682156396788,0.47482530031740533,-4.92016644285158,False,False,False,False
hsa-mir-1208,-0.180896666666667,1.13358821637807,-0.28709,0.12723,-0.38283,-1.30737488092693,0.22560325319368,0.97682156396788,0.36720909333650337,-4.96602609068295,False,False,False,False
hsa-miR-4800-3p,-0.153573333333333,1.11232111097955,-0.23318,-0.15224,-0.0752999999999999,-1.30599443580717,0.226051425474604,0.97682156396788,0.07793289176276019,-4.96750409753655,True,False,False,False
hsa-miR-570-3p,0.171463333333333,1.12620021649061,0.25685,-0.08114,0.33868,1.30548046437993,0.226218482485053,0.97682156396788,0.31370686715046053,-4.96805414476643,False,False,False,False
hsa-miR-6768-3p,0.15684,1.11484257187371,0.04959,0.1371,0.28383,1.30507868880913,0.226349144941812,0.97682156396788,0.14864345728997758,-4.96848402703709,True,False,False,False
hsa-miR-1243,0.17531,1.12920701780419,0.22043,-0.0885199999999999,0.39402,1.30460290785227,0.226503957357651,0.97682156396788,0.340020346108635,-4.96899298505654,False,False,False,False
hsa-miR-6760-5p,-0.16151,1.1184571613579,0.0201500000000001,-0.2753,-0.22938,-1.30431593947471,0.226597376073028,0.97682156396788,0.22055932062345904,-4.96929990825657,False,False,False,False
hsa-miR-3910,-0.15466,1.11315924902733,-0.26452,-0.08497,-0.11449,-1.30396431566546,0.226711886879889,0.97682156396788,0.10854812063114562,-4.96967592534125,True,False,False,False
hsa-mir-4688,0.161993333333333,1.11883193092244,-0.0074100000000001,0.31845,0.17494,1.30354171098695,0.2268495782032,0.97682156396788,0.2279297681571075,-4.97012776369325,False,False,False,False
hsa-mir-4427,-0.15665,1.11469575904416,-0.1774,-0.26403,-0.0285199999999999,-1.30285666126573,0.227072928358276,0.97682156396788,0.1504293999249097,-4.97086000733924,True,False,False,False
hsa-miR-548a-3p,-0.362196666666667,1.285381547384,-1.16133,-0.0080699999999999,0.08281,-1.35913728726446,0.228719737216637,0.97682156396788,0.4611874581277413,-4.90802686936742,False,False,False,False
hsa-miR-514a-5p,0.153356666666667,1.11215407303715,0.16368,0.23808,0.0583100000000001,1.29702917236739,0.228980411173521,0.97682156396788,0.09880211092160726,-4.97707921303008,True,False,False,False
hsa-miR-6808-3p,-0.608583333333333,1.52476122134948,0.37707,-1.64389,-0.55893,-1.42346545509345,0.229189188723751,0.97682156396788,0.4067384246995841,-4.84112293598506,False,False,False,False
hsa-miR-376a-3p,-0.17661,1.1302249950394,-0.0376400000000001,-0.47581,-0.0163800000000001,-1.29317542756387,0.230249246460311,0.97682156396788,0.35948088241247306,-4.98118238549199,True,False,False,False
hsa-miR-4465,-0.1814,1.1339837762593,-0.30066,0.14286,-0.3864,-1.29195314254212,0.230652915649774,0.97682156396788,0.3839455878530258,-4.982482175654,False,False,False,False
hsa-miR-657,-0.15207,1.11116264129479,-0.11367,-0.09724,-0.2453,-1.29190520532556,0.230668759426144,0.97682156396788,0.08325324990546827,-4.98253313678739,True,False,False,False
hsa-mir-519d,0.15391,1.11258071202336,0.18662,0.03688,0.23823,1.29160123924674,0.230769244878676,0.97682156396788,0.12557107443769222,-4.98285624953945,True,False,False,False
hsa-miR-7855-5p,-0.18542,1.13714797363592,0.06949,-0.52148,-0.10427,-1.29101516921975,0.230963092595722,0.97682156396788,0.4011877319559921,-4.98347910049493,False,False,False,False
hsa-mir-494,-0.162053333333333,1.11887846280195,-0.0347700000000002,-0.36225,-0.08914,-1.29046744999438,0.231144379332024,0.97682156396788,0.2508547217853562,-4.9840610326093,True,False,False,False
hsa-miR-5095,0.17741,1.1308518986529,0.48096,-0.01186,0.0631300000000001,1.29015229386588,0.231248745484167,0.97682156396788,0.36672741523167024,-4.98439580411385,False,False,False,False
hsa-miR-5189-5p,-0.416826666666667,1.33498790085636,0.32117,-1.22217,-0.34948,-1.36821547879309,0.23138639684534,0.97682156396788,0.4493445278001001,-4.89802223436651,False,False,False,False
hsa-mir-641,0.15417,1.11278123745975,0.0255399999999999,0.21167,0.2253,1.28835129824956,0.231845918731322,0.97682156396788,0.1391339849455073,-4.98630790330112,True,False,False,False
hsa-miR-6848-3p,-0.176886666666667,1.13044175988432,-0.44851,0.0823,-0.16445,-1.2862309537524,0.232550643297214,0.97682156396788,0.36796397224611654,-4.98855688739454,False,False,False,False
hsa-miR-8064,-0.193393333333333,1.14345004072836,0.00258,0.0065099999999997,-0.58927,-1.28566181299586,0.232740111003537,0.97682156396788,0.43159599173195257,-4.98916015833054,False,False,False,False
hsa-miR-769-3p,-0.172746666666667,1.12720246107345,-0.33812,-0.28807,0.10795,-1.28558044430273,0.232767209344883,0.97682156396788,0.3454603537281895,-4.98924639271848,False,False,False,False
hsa-miR-4659b-5p,-0.151286666666667,1.11055948230944,-0.0570199999999998,-0.20625,-0.19059,-1.2847388786984,0.233047632779572,0.97682156396788,0.0855703044446556,-4.99013807953103,True,False,False,False
hsa-mir-6516,-0.149543333333333,1.10921830762137,-0.14135,-0.20737,-0.0999099999999999,-1.28387551108787,0.233335615898054,0.97682156396788,0.041100862640359954,-4.99105248217546,True,False,False,False
hsa-mir-3942,0.186756666666667,1.13820203711108,0.54971,0.02322,-0.0126599999999999,1.28352807040738,0.233451591813713,0.97682156396788,0.412238596009751,-4.99142035062128,False,False,False,False
hsa-miR-3170,0.157893333333333,1.11565683240749,0.20032,0.28299,-0.00963,1.2834762530358,0.233468892632494,0.97682156396788,0.21153201635381386,-4.9914752091815,False,False,False,False
hsa-mir-4799,0.15085,1.11022339539512,0.17921,0.21152,0.06182,1.28293453974517,0.233649824705506,0.97682156396788,0.08012961103834407,-4.99204863176707,True,False,False,False
hsa-mir-762,0.191646666666667,1.14206650679745,0.38089,-0.19777,0.39182,1.28254434747743,0.233780221737915,0.97682156396788,0.42880031651009026,-4.99246156882542,False,False,False,False
hsa-let-7f-1-3p,-0.15473,1.11321326116131,-0.28993,-0.0453299999999999,-0.12893,-1.28245179537886,0.233811160373956,0.97682156396788,0.16387467543050607,-4.99255950419993,True,False,False,False
hsa-mir-410,-0.203913333333333,1.15181844736287,0.18211,-0.59269,-0.20116,-1.28311790504796,0.233827642756688,0.97682156396788,0.4581771089519995,-4.99178531129038,False,False,False,False
hsa-miR-1205,-0.155623333333333,1.11390278905352,-0.0184300000000001,-0.28399,-0.16445,-1.28210748528313,0.233926287727907,0.97682156396788,0.17992128564091764,-4.99292380162731,True,False,False,False
hsa-mir-624,0.14991,1.10950025568123,0.2258,0.0902800000000001,0.13365,1.28013315188478,0.234587366888053,0.97682156396788,0.06427061971049476,-4.99501154564425,True,False,False,False
hsa-miR-606,0.170186666666667,1.12520406258169,0.26029,0.34628,-0.0960099999999999,1.2798367096161,0.234686761849723,0.97682156396788,0.3356654241028984,-4.99532483964763,False,False,False,False
hsa-miR-4511,0.16191,1.11876730652235,0.0349,0.37442,0.0764100000000001,1.27815199641814,0.235252305168556,0.97682156396788,0.2691784979426435,-4.99710444599212,True,False,False,False
hsa-miR-1976,-0.214226666666667,1.16008190455508,-0.27503,0.24214,-0.60979,-1.27839145938572,0.235750755171179,0.97682156396788,0.4784347579018293,-4.99667673178214,False,False,False,False
hsa-miR-3924,0.17201,1.12662703765376,0.44104,-0.0442,0.11919,1.27664375320252,0.235759578115687,0.97682156396788,0.35090747462964006,-4.99869637549321,False,False,False,False
hsa-miR-3662,0.155386666666667,1.11372007404394,0.14522,0.02312,0.29782,1.27587394522761,0.236018843631155,0.97682156396788,0.1896978615991642,-4.99950843496261,True,False,False,False
hsa-miR-4472,0.16923,1.12445817494292,0.43384,0.0781400000000001,-0.0042899999999999,1.27487162758809,0.23635677464218,0.97682156396788,0.33510156930688506,-5.00056529706454,False,False,False,False
hsa-miR-128-1-5p,-0.17762,1.1310165184628,0.10359,-0.18474,-0.45171,-1.27418140706508,0.236589717810568,0.97682156396788,0.38335022228962595,-5.00129276984691,False,False,False,False
hsa-mir-193a,-0.15587,1.11409325631823,-0.07636,-0.32234,-0.06891,-1.27356057120184,0.236799408508972,0.97682156396788,0.20209059311710983,-5.00194689812823,True,False,False,False
hsa-mir-3649,-0.189403333333333,1.1402920188487,-0.55163,-0.12104,0.10446,-1.27350886604073,0.236816879227223,0.97682156396788,0.42880475542829444,-5.00200136679495,False,False,False,False
hsa-miR-222-3p,-0.162273333333333,1.11904909625118,0.0583299999999998,-0.300269999999999,-0.244879999999999,-1.27176472650118,0.2374068410909,0.97682156396788,0.2826845198373477,-5.00383789742112,False,False,False,False
hsa-miR-3663-3p,-0.198283333333334,1.1473323286493,-0.16289,0.15536,-0.58732,-1.27172099356751,0.237421649717882,0.97682156396788,0.4539773630232894,-5.00388392629127,False,False,False,False
hsa-miR-193a-3p,-0.185006666666667,1.13682222645802,0.12894,-0.50084,-0.18312,-1.27141724778372,0.237524523925197,0.97682156396788,0.41592937935080493,-5.00420359047382,False,False,False,False
hsa-miR-455-5p,-0.150606666666667,1.1100361544535,-0.0555499999999999,-0.1525,-0.24377,-1.27125671666684,0.237578908506403,0.97682156396788,0.10926690893508698,-5.00437251479436,True,False,False,False
hsa-mir-1296,0.170106666666667,1.12514166974972,-0.00997,0.07606,0.44423,1.27014251350387,0.237956664392499,0.97682156396788,0.34642777023052573,-5.0055445963986,False,False,False,False
hsa-miR-197-5p,-0.336086666666667,1.26232786134762,-0.99802,-0.34407,0.33383,-1.3226258847174,0.237961969421301,0.97682156396788,0.47423750334304726,-4.9462171217175,False,False,False,False
hsa-miR-3612,0.15468,1.11317468079819,0.03003,0.30327,0.13074,1.26955628892567,0.238155617742799,0.97682156396788,0.19209047098535412,-5.00616100859456,True,False,False,False
hsa-miR-7150,-0.19931,1.14814909660684,-0.31808,-0.50259,0.22274,-1.27023019227478,0.238164476487954,0.97682156396788,0.45646188428970086,-5.00537575189882,False,False,False,False
hsa-mir-5683,0.17652,1.1301544901344,0.49246,-0.0174599999999998,0.0545600000000002,1.26878921238044,0.238416158871066,0.97682156396788,0.3833127992025106,-5.00696731011926,False,False,False,False
hsa-miR-4777-3p,0.148383333333333,1.1083267982894,0.13515,0.08751,0.22249,1.26747446925509,0.238863271784536,0.97682156396788,0.06419112013720682,-5.00834855618503,True,False,False,False
hsa-mir-4701,0.148293333333333,1.1082576594224,0.22324,0.0911200000000001,0.13052,1.2670177955969,0.239018739561708,0.97682156396788,0.06319930392645433,-5.00882811436012,True,False,False,False
hsa-miR-1238-3p,-0.171663333333333,1.12635635181379,-0.18325,-0.41813,0.0863900000000002,-1.266431295238,0.239218528945768,0.97682156396788,0.36006554606035973,-5.0094438421632,False,False,False,False
hsa-mir-8076,0.166953333333333,1.12268510613885,0.17418,0.3896,-0.0629200000000001,1.26621281617183,0.239292988771505,0.97682156396788,0.32965379826595725,-5.00967316200017,False,False,False,False
hsa-mir-4289,-0.152653333333333,1.1116120150346,-0.0103900000000001,-0.22189,-0.22568,-1.26618138149029,0.239303703615072,0.97682156396788,0.16502883216134284,-5.00970615435486,True,False,False,False
hsa-mir-6718,0.182256666666667,1.13465733134313,-0.0790300000000002,0.10732,0.51848,1.26604386778233,0.239350581328781,0.97682156396788,0.41031857358673185,-5.00985047604791,False,False,False,False
hsa-miR-4481,0.150646666666667,1.11006693161739,0.23179,0.0340400000000001,0.18611,1.26498491503306,0.239711829918285,0.97682156396788,0.12792338578951612,-5.01096151740326,True,False,False,False
hsa-mir-501,-0.160913333333333,1.11799468792684,-0.0495300000000003,-0.05307,-0.38014,-1.26485196477442,0.239757216408923,0.97682156396788,0.27983593006895524,-5.01110096507013,True,False,False,False
hsa-miR-3119,-0.158056666666667,1.11578314757436,-0.12729,-0.34124,-0.0056399999999999,-1.26477848247767,0.239782304836812,0.97682156396788,0.2484257805791153,-5.01117803447146,True,False,False,False
hsa-mir-7844,0.1595,1.11689998295015,0.22073,0.30199,-0.0442199999999999,1.26388040854291,0.240089103655999,0.97682156396788,0.26655386846788093,-5.01211971584587,False,False,False,False
hsa-mir-4482,-0.146263333333333,1.10669933911293,-0.17219,-0.15207,-0.11453,-1.26339813036393,0.240253994100482,0.97682156396788,0.013083517771774264,-5.01262523407986,True,False,False,False
hsa-miR-557,0.176516666666667,1.13015187892609,0.31371,-0.14582,0.36166,1.26274491333137,0.24047747909608,0.97682156396788,0.38910887966870383,-5.01330973020179,False,False,False,False
hsa-miR-4301,-0.21059,1.15716131618458,0.0809899999999999,-0.69946,-0.0132999999999999,-1.26360291797805,0.240486086003096,0.97682156396788,0.48207599080674424,-5.01230811224524,False,False,False,False
hsa-mir-7111,-0.18103,1.13369298701624,-0.30884,-0.39855,0.1643,-1.26238288807197,0.240601413426848,0.97682156396788,0.4087256338207723,-5.01368899267203,False,False,False,False
hsa-miR-5586-5p,0.158463333333333,1.1160977086966,-0.0190300000000001,0.16311,0.33131,1.26218742819425,0.24066834856273,0.97682156396788,0.2577465572173994,-5.01389372989471,False,False,False,False
hsa-mir-6089-1,0.153436666666667,1.11221574566387,0.102080000000001,0.306699999999999,0.0515299999999996,1.26217371015908,0.240673046880418,0.97682156396788,0.1880807619513945,-5.01390809827776,True,False,False,False
hsa-mir-6089-2,0.153436666666667,1.11221574566387,0.102080000000001,0.306699999999999,0.0515299999999996,1.26217371015908,0.240673046880418,0.97682156396788,0.1880807619513945,-5.01390809827776,True,False,False,False
hsa-miR-1271-3p,-0.163026666666667,1.11963358368596,-0.0944400000000001,-0.39464,0.0,-1.26184719551898,0.240784898134553,0.97682156396788,0.30413388178560624,-5.01425006268081,False,False,False,False
hsa-miR-6770-5p,-0.181786666666667,1.1342877438192,-0.13749,-0.50812,0.10025,-1.26149487066974,0.240905639613629,0.97682156396788,0.4124075782623083,-5.01461899455761,False,False,False,False
hsa-miR-662,-0.170523333333333,1.1254666703361,-0.39836,-0.21007,0.0968600000000001,-1.26142353898809,0.240930091078813,0.97682156396788,0.3588350820460059,-5.01469368040872,False,False,False,False
hsa-miR-4446-3p,-0.177493333333333,1.13091722110656,0.13893,-0.4207,-0.25071,-1.26004153417693,0.241404231032287,0.97682156396788,0.3960919700232598,-5.01614013211408,False,False,False,False
hsa-miR-4514,-0.179893333333333,1.13280012782993,0.13232,-0.20925,-0.46275,-1.25998588332202,0.241423340085579,0.97682156396788,0.4062977028073724,-5.01619835669013,False,False,False,False
hsa-miR-92a-2-5p,-0.163966666666667,1.12036332800573,0.04626,-0.15748,-0.38068,-1.25979683685175,0.241488263137588,0.97682156396788,0.31493413420574107,-5.01639613371187,False,False,False,False
hsa-mir-7153,-0.16101,1.11806960080692,-0.17123,0.03911,-0.35091,-1.25929563638777,0.241660457756669,0.97682156396788,0.2893246359622283,-5.01692038785391,False,False,False,False
hsa-miR-4641,0.195373333333333,1.14502042486437,0.34088,-0.2238,0.46904,1.25910486232261,0.241726027820784,0.97682156396788,0.4555318531874812,-5.01711990152385,False,False,False,False
hsa-mir-331,-0.1851,1.13689577411499,0.12539,-0.52114,-0.15955,-1.25843297127473,0.241957078474537,0.97682156396788,0.4267323315569968,-5.01782241719543,False,False,False,False
hsa-mir-520f,0.152226666666667,1.11128331239617,0.0721800000000001,0.30054,0.08396,1.25803376291109,0.24209444585742,0.97682156396788,0.17678636594689665,-5.01823970656116,True,False,False,False
hsa-mir-6834,-0.160123333333333,1.11738265696802,-0.34061,0.03958,-0.17934,-1.25752268500732,0.242270402351485,0.97682156396788,0.28329623199662707,-5.0187738072911,False,False,False,False
hsa-mir-3917,-0.184133333333333,1.13613426103606,0.16766,-0.46107,-0.25899,-1.25637230337838,0.242666851475947,0.97682156396788,0.425117584072621,-5.019975496985,False,False,False,False
hsa-miR-122-5p,-0.72832,1.65670875167848,-0.27503,0.18249,-2.09242,-1.39302980284461,0.242723858472603,0.97682156396788,0.4044793620673613,-4.87126383041296,False,False,False,False
hsa-mir-2113,0.175863333333333,1.12964019855583,0.19776,0.44642,-0.11659,1.25527063727546,0.243047018473626,0.97682156396788,0.3932054995844758,-5.02112563075568,False,False,False,False
hsa-miR-6827-3p,0.168253333333333,1.12369720388739,-0.08587,0.19343,0.3972,1.25462822132342,0.243268934575053,0.97682156396788,0.35248320299391417,-5.02179600791497,False,False,False,False
hsa-mir-885,0.17247,1.12698631737163,0.214309999999999,0.41454,-0.11144,1.25432264990598,0.243374550324632,0.97682156396788,0.37737011359373973,-5.02211480126951,False,False,False,False
hsa-miR-6869-3p,0.155526666666667,1.11382815535809,-0.01576,0.17933,0.30301,1.25421543134805,0.243411617706421,0.97682156396788,0.2356979356355801,-5.02222664719153,False,False,False,False
hsa-mir-8089,0.16249,1.11921716977896,0.31348,-0.0778400000000001,0.25183,1.25234947539158,0.244057465052761,0.97682156396788,0.31283706910055536,-5.0241721409316,False,False,False,False
hsa-mir-4305,-0.190786666666667,1.14138591631572,0.03918,-0.0126999999999999,-0.59884,-1.25094781954838,0.244543545357215,0.97682156396788,0.44948003132836406,-5.02563230601556,False,False,False,False
hsa-miR-365b-5p,-0.155293333333333,1.11364802566111,-0.08951,-0.34,-0.03637,-1.25083998471657,0.244580974735316,0.97682156396788,0.23902270875086817,-5.02574459816303,True,False,False,False
hsa-miR-190a-3p,-0.150123333333333,1.10966433116643,-0.01576,-0.22031,-0.2143,-1.25076503486137,0.244606992572273,0.97682156396788,0.1550862713285973,-5.02582264233721,True,False,False,False
hsa-miR-4789-5p,-0.152966666666667,1.11185346795045,-0.04432,-0.0979700000000001,-0.31661,-1.24981908354891,0.24493556474345,0.97682156396788,0.2076296344236231,-5.02680738597912,True,False,False,False
hsa-mir-4444-2,0.17011,1.12514426938197,0.0528,-0.00661,0.46414,1.24964179675757,0.244997185367354,0.97682156396788,0.3693245700712259,-5.02699188915553,False,False,False,False
hsa-mir-4444-1,0.17011,1.12514426938197,0.0528,-0.00661,0.46414,1.24964179675757,0.244997185367354,0.97682156396788,0.3693245700712259,-5.02699188915553,False,False,False,False
hsa-miR-4529-5p,0.154933333333333,1.11337016841374,0.22624,0.26744,-0.0288799999999998,1.24963511949174,0.244999506476128,0.97682156396788,0.23652140149433293,-5.02699883788387,False,False,False,False
hsa-miR-548ax,0.16253,1.11924820149817,-0.08352,0.30046,0.27065,1.2486810319905,0.245331348262575,0.97682156396788,0.31824573364259434,-5.02799146510746,False,False,False,False
hsa-mir-107,0.18559,1.13728197738593,0.12235,0.54635,-0.11193,1.24739202210435,0.245780272724493,0.97682156396788,0.4369992799150492,-5.02933175938182,False,False,False,False
hsa-mir-8053,0.158013333333333,1.11574963399349,0.35637,-0.01322,0.13089,1.24616423628901,0.246208508959433,0.97682156396788,0.27953753595743486,-5.0306075545473,False,False,False,False
hsa-mir-548k,0.15846,1.11609512996631,-0.05589,0.22747,0.3038,1.24597051795256,0.246276132036022,0.97682156396788,0.28454173048716935,-5.0308087728801,False,False,False,False
hsa-miR-186-5p,0.149203333333333,1.10895692889768,0.0377400000000001,0.14485,0.26502,1.24522314620743,0.24653716862871,0.97682156396788,0.1509436255384011,-5.03158488853439,True,False,False,False
hsa-miR-6730-5p,0.171643333333333,1.12634073730743,0.4725,0.08521,-0.04278,1.24440194007892,0.246824258350235,0.97682156396788,0.3832361394471194,-5.03243732763533,False,False,False,False
hsa-mir-549a,0.167153333333333,1.12284075413049,0.13196,0.42692,-0.05742,1.24434712870652,0.246843430016523,0.97682156396788,0.35737372876721096,-5.03249421057506,False,False,False,False
hsa-miR-767-3p,0.160726666666667,1.11785004277639,0.1925,-0.0592699999999999,0.34895,1.2441781685285,0.246902535896142,0.97682156396788,0.30905719169359475,-5.03266954621512,False,False,False,False
hsa-mir-4315-2,0.14466,1.10547009643537,0.17928,0.16595,0.0887500000000001,1.24393962981711,0.246986001827575,0.97682156396788,0.036008955362323,-5.03291705934611,True,False,False,False
hsa-mir-4315-1,0.14466,1.10547009643537,0.17928,0.16595,0.0887500000000001,1.24393962981711,0.246986001827575,0.97682156396788,0.036008955362323,-5.03291705934611,True,False,False,False
hsa-mir-4770,0.143913333333333,1.10489810853214,0.16473,0.15507,0.11194,1.24334275499717,0.247194954009471,0.97682156396788,0.012477931631988239,-5.03353625417114,True,False,False,False
hsa-miR-23a-5p,-0.180213333333333,1.13305141880668,-0.13204,0.10509,-0.51369,-1.24241526500452,0.247519937964793,0.97682156396788,0.42271320126386425,-5.03449804186417,False,False,False,False
hsa-miR-449a,0.199086666666667,1.1479713735875,0.62792,0.12594,-0.1566,1.23762792526692,0.249436507759251,0.97682156396788,0.47697315140660324,-5.03936115271188,False,False,False,False
hsa-mir-155,-0.15343,1.11221060614769,0.02054,-0.30131,-0.17952,-1.23547030213547,0.249964661278597,0.97682156396788,0.24360584132102933,-5.04168486938855,False,False,False,False
hsa-miR-656-3p,-0.14464,1.10545477147198,-0.19215,-0.0659399999999999,-0.17583,-1.23540806676695,0.249986659049151,0.97682156396788,0.06755576593577022,-5.04174915256896,True,False,False,False
hsa-miR-6794-5p,-0.389696666666666,1.31011791652099,-1.03537,-0.57646,0.442740000000001,-1.3062553680213,0.250020744911507,0.97682156396788,0.46643852864246893,-4.96129578297286,False,False,False,False
hsa-miR-548g-3p,0.14652,1.10689624704664,0.18957,0.0356400000000001,0.21435,1.23497198495361,0.250140841871335,0.97682156396788,0.11992680633334203,-5.04219952361233,True,False,False,False
hsa-miR-219a-2-3p,-0.171446666666667,1.12618720619068,0.0664200000000001,-0.47242,-0.10834,-1.23380128164978,0.250555149568787,0.97682156396788,0.3929964116366333,-5.04340807029469,False,False,False,False
hsa-miR-1236-5p,0.144103333333333,1.10504363094609,0.1145,0.21592,0.10189,1.23368734502421,0.250595501624329,0.97682156396788,0.05738456358016994,-5.04352564967563,True,False,False,False
hsa-miR-520d-5p,0.14495,1.10569233228009,0.23239,0.11988,0.0825800000000001,1.23319264591165,0.250770767729174,0.97682156396788,0.0844499211325793,-5.04403608227541,True,False,False,False
hsa-miR-551a,-0.14263,1.10391569571624,-0.11548,-0.15763,-0.15478,-1.23311126008415,0.250799611483534,0.97682156396788,0.008969664473334936,-5.04412004359564,True,False,False,False
hsa-mir-5702,0.148933333333333,1.10874940731756,0.0089700000000001,0.18133,0.2565,1.23223950548266,0.251108740026913,0.97682156396788,0.1791254846085017,-5.04501915629353,True,False,False,False
hsa-mir-6817,-0.15304,1.1119099857806,-0.30689,-0.17171,0.0194799999999999,-1.23080596458206,0.251617765631681,0.97682156396788,0.2473804662466445,-5.04649677424482,False,False,False,False
hsa-miR-196b-5p,0.19761,1.14679697167604,0.15227,-0.1732,0.61376,1.23131683642171,0.251668934753054,0.97682156396788,0.4779729220672606,-5.04587347633976,False,False,False,False
hsa-mir-6774,0.146016666666667,1.10651013592479,0.12532,0.0602500000000001,0.25248,1.23009045571176,0.251872149307231,0.97682156396788,0.12257222964719557,-5.04723385832463,True,False,False,False
hsa-mir-1261,-0.16556,1.12160135704184,-0.4432,0.0256800000000001,-0.0791600000000001,-1.22983350026449,0.251963556087179,0.97682156396788,0.36409562564167947,-5.0474984928751,False,False,False,False
hsa-miR-4709-5p,0.20904,1.15591875498355,-0.17546,0.11622,0.68636,1.23028676412926,0.252804507315657,0.97682156396788,0.4956583531876632,-5.04661187738878,False,False,False,False
hsa-miR-6861-3p,0.182583333333333,1.13491427871192,0.55818,-0.0786900000000001,0.06826,1.22746718122074,0.252806615556088,0.97682156396788,0.4430539106499228,-5.04993381219089,False,False,False,False
hsa-miR-6878-3p,-0.15615,1.11430950187001,-0.1774,0.04349,-0.33454,-1.22735916032644,0.252845156176805,0.97682156396788,0.2904206499993465,-5.05004490890143,False,False,False,False
hsa-miR-500b-3p,-0.3595,1.28298117311105,-0.32018,-1.09858,0.34026,-1.28649726238595,0.253276392933106,0.97682156396788,0.47841370870920524,-4.98215081492171,False,False,False,False
hsa-miR-522-5p,0.202046666666667,1.15032910229292,0.61495,0.2097,-0.21851,1.22651640466808,0.253378042884796,0.97682156396788,0.4894751452171955,-5.05081231347705,False,False,False,False
hsa-miR-523-5p,0.202046666666667,1.15032910229292,0.61495,0.2097,-0.21851,1.22651640466808,0.253378042884796,0.97682156396788,0.4894751452171955,-5.05081231347705,False,False,False,False
hsa-miR-519b-5p,0.202046666666667,1.15032910229292,0.61495,0.2097,-0.21851,1.22651640466808,0.253378042884796,0.97682156396788,0.4894751452171955,-5.05081231347705,False,False,False,False
hsa-miR-519c-5p,0.202046666666667,1.15032910229292,0.61495,0.2097,-0.21851,1.22651640466808,0.253378042884796,0.97682156396788,0.4894751452171955,-5.05081231347705,False,False,False,False
hsa-miR-519a-5p,0.202046666666667,1.15032910229292,0.61495,0.2097,-0.21851,1.22651640466808,0.253378042884796,0.97682156396788,0.4894751452171955,-5.05081231347705,False,False,False,False
hsa-miR-518e-5p,0.202046666666667,1.15032910229292,0.61495,0.2097,-0.21851,1.22651640466808,0.253378042884796,0.97682156396788,0.4894751452171955,-5.05081231347705,False,False,False,False
hsa-mir-6782,0.159523333333333,1.11691804720463,0.16778,0.36951,-0.0587200000000001,1.2248137557198,0.253754731700457,0.97682156396788,0.3261631817235171,-5.05266091897956,False,False,False,False
hsa-miR-6774-3p,0.165196666666667,1.12131892462371,-0.10902,0.37414,0.23047,1.22447868487721,0.25387466678788,0.97682156396788,0.36801977042122996,-5.05300501622401,False,False,False,False
hsa-mir-630,-0.143413333333333,1.10451524637656,-0.1008,-0.22544,-0.104,-1.22374220224884,0.254138447301268,0.97682156396788,0.0729814200822683,-5.05376111946119,True,False,False,False
hsa-miR-4518,-0.20071,1.14926380821366,-0.36794,-0.50363,0.26944,-1.22438812611651,0.254138840708522,0.97682156396788,0.48833360964572464,-5.05299788318139,False,False,False,False
hsa-mir-2467,-0.14334,1.10445910441732,-0.0902100000000001,-0.22257,-0.11724,-1.22367351044276,0.254163061652336,0.97682156396788,0.07099792097688083,-5.05383162590538,True,False,False,False
hsa-mir-22,-0.168033333333333,1.1235258616912,0.13695,-0.29893,-0.34212,-1.22269330932428,0.254514511513478,0.97682156396788,0.38664779970968693,-5.05483743506514,False,False,False,False
hsa-miR-891a-3p,0.174836666666667,1.12883659742035,0.52015,-0.0214700000000001,0.0258299999999998,1.22263356579583,0.2545359454242,0.97682156396788,0.41902027565656474,-5.05489872211974,False,False,False,False
hsa-mir-4526,0.145166666666667,1.10585839971318,0.04033,0.2353,0.15987,1.2225659378597,0.254560209782667,0.97682156396788,0.12488259572628917,-5.05496809488443,True,False,False,False
hsa-mir-1243,-0.159973333333333,1.11726648641163,0.0937600000000001,-0.29191,-0.28177,-1.2214153497926,0.254973323682391,0.97682156396788,0.3345923579891609,-5.05614797820003,False,False,False,False
hsa-miR-183-3p,0.150536666666667,1.10998229646996,0.0392999999999999,0.08701,0.3253,1.22138393295489,0.254984611510966,0.97682156396788,0.2309117652159521,-5.05618018459808,True,False,False,False
hsa-mir-3163,0.141433333333333,1.10300041469039,0.18012,0.13136,0.11282,1.22041124080119,0.25533429605823,0.97682156396788,0.01954850087414861,-5.05717704987837,True,False,False,False
hsa-miR-323b-3p,0.14252,1.10383152955923,0.12102,0.0931899999999999,0.21335,1.21996147354476,0.255496121668228,0.97682156396788,0.059217149500825024,-5.05763781617112,True,False,False,False
hsa-miR-4312,0.171143333333333,1.12595044499064,0.01433,0.0006899999999998,0.49841,1.21969191711993,0.255593148150583,0.97682156396788,0.4054970401926293,-5.05791391046313,True,False,False,False
hsa-miR-492,0.14143,1.10299786622124,0.16323,0.17051,0.0905499999999999,1.21771043467504,0.256307311607594,0.97682156396788,0.0310664528808958,-5.05994220599965,True,False,False,False
hsa-miR-889-5p,-0.167966666666667,1.12347394497185,0.0894100000000001,-0.14529,-0.44802,-1.21620093124832,0.256852466213594,0.97682156396788,0.3931451070288173,-5.06148589784969,False,False,False,False
hsa-mir-6509,0.154923333333333,1.11336245114656,-0.06155,0.22155,0.30477,1.21531115414652,0.257174254218609,0.97682156396788,0.2971511826248274,-5.06239522931097,False,False,False,False
hsa-miR-3159,-0.15717,1.11509760853616,-0.33951,0.06801,-0.20001,-1.21527525924379,0.257187242567753,0.97682156396788,0.3192134967544623,-5.06243190374995,False,False,False,False
hsa-miR-4258,0.165916666666667,1.12187867640543,0.0184800000000001,0.01393,0.46534,1.21489604366091,0.257324492335727,0.97682156396788,0.3832007102094325,-5.06281931067771,True,False,False,False
hsa-mir-616,0.182993333333333,1.13523685622577,0.38567,0.37799,-0.21468,1.21423446548225,0.25756408195257,0.97682156396788,0.4545851444018476,-5.06349498625962,False,False,False,False
hsa-mir-1200,-0.15344,1.11221831543086,-0.05332,-0.04226,-0.36474,-1.21363643934059,0.257780814036516,0.97682156396788,0.2837102882660156,-5.06410554413281,True,False,False,False
hsa-miR-3120-5p,0.144273333333333,1.10517385145733,0.15657,0.24126,0.0349900000000001,1.21136407679527,0.258605713243505,0.97682156396788,0.13751875904216437,-5.06642369127908,True,False,False,False
hsa-mir-5681b,-0.14943,1.1091311745357,0.01838,-0.17936,-0.28731,-1.21064933126061,0.258865623534126,0.97682156396788,0.23696243249882773,-5.06715223709967,False,False,False,False
hsa-mir-3131,-0.140856666666667,1.10255961712101,-0.12657,-0.1981,-0.0979000000000001,-1.21026491963329,0.259005499761773,0.97682156396788,0.041946434599220685,-5.06754395191687,True,False,False,False
hsa-mir-4282,0.15514,1.1135296705791,-0.0044600000000001,0.09324,0.37664,1.21024111681682,0.259014162954804,0.97682156396788,0.307510257132198,-5.06756820420977,False,False,False,False
hsa-miR-548n,-0.18023,1.13306450840556,-0.12323,0.12249,-0.53995,-1.20961620863276,0.259241687536143,0.97682156396788,0.44965089823087817,-5.06820479847129,False,False,False,False
hsa-miR-4694-5p,-0.16519,1.12131374304201,-0.05064,0.01895,-0.46388,-1.20733439667151,0.260073872002538,0.97682156396788,0.387355671993509,-5.07052741000934,False,False,False,False
hsa-mir-6740,0.145156666666667,1.10585073451343,0.18496,0.0106299999999999,0.23988,1.20681158652871,0.260264850794541,0.97682156396788,0.17049095573738338,-5.07105915400173,True,False,False,False
hsa-miR-450b-3p,-0.177783333333333,1.13114457266021,-0.08196,-0.54053,0.08914,-1.20644806372115,0.26039771082705,0.97682156396788,0.4440976987766329,-5.07142879763083,False,False,False,False
hsa-mir-3115,0.167036666666667,1.12274995684645,0.41941,0.20227,-0.12057,1.20639039935197,0.260418791064455,0.97682156396788,0.39850368241189293,-5.07148742605526,False,False,False,False
hsa-mir-4487,-0.14094,1.10262330530122,-0.06708,-0.17928,-0.17646,-1.20595778185833,0.260576986717701,0.97682156396788,0.0623370611245695,-5.07192721620668,True,False,False,False
hsa-miR-4443,-0.169136666666667,1.12438543189468,0.0952900000000003,-0.46808,-0.13462,-1.20571565661563,0.260665559261422,0.97682156396788,0.40971089841548175,-5.07217330957481,False,False,False,False
hsa-mir-4434,0.146583333333333,1.10694484010738,0.22338,0.22614,-0.00977,1.20553811410562,0.260730522286215,0.97682156396788,0.2016414763917728,-5.07235374069017,False,False,False,False
hsa-mir-4511,-0.14794,1.10798626705328,-0.25949,-0.20511,0.02078,-1.20467010029473,0.261048320648517,0.97682156396788,0.2268354220729488,-5.07323562002291,False,False,False,False
hsa-miR-5787,-0.148173333333333,1.10816548097541,-0.0493299999999994,-0.32271,-0.0724799999999997,-1.20375871367476,0.261382340202178,0.97682156396788,0.23254248294306723,-5.07416110545433,True,False,False,False
hsa-mir-3689a,-0.1395,1.10152329083351,-0.17409,-0.14101,-0.1034,-1.20357801845557,0.261448605845149,0.97682156396788,0.020762912165389467,-5.07434454000787,True,False,False,False
hsa-miR-6827-5p,-0.139,1.10114159809796,-0.14711,-0.13843,-0.13146,-1.20348362288009,0.261483228632251,0.97682156396788,0.0010588940373456204,-5.0744403592518,True,False,False,False
hsa-mir-300,0.157123333333333,1.11506153920391,0.25925,-0.0918300000000001,0.30395,1.20334402949873,0.26153443613396,0.97682156396788,0.3360898607640579,-5.07458204870583,False,False,False,False
hsa-miR-7853-5p,-0.140323333333333,1.1021520998695,-0.20699,-0.10655,-0.10743,-1.20333053909777,0.26153938529752,0.97682156396788,0.05206386082928435,-5.07459574108678,True,False,False,False
hsa-mir-4418,0.17989,1.13279751050891,0.0066700000000001,0.5693,-0.0363,1.20295521697001,0.261677108814768,0.97682156396788,0.4538452388213008,-5.07497664117515,False,False,False,False
hsa-mir-30a,-0.158506666666667,1.11613123273253,0.0873999999999999,-0.20467,-0.35825,-1.20210620109845,0.261988872177523,0.97682156396788,0.3490392307264312,-5.07583797985942,False,False,False,False
hsa-mir-4760,-0.15259,1.11156321709255,0.06211,-0.28866,-0.23122,-1.20133970613513,0.262270594513223,0.97682156396788,0.2952669318606488,-5.07661524815902,False,False,False,False
hsa-miR-6508-5p,0.201263333333333,1.14970468305098,0.62688,-0.23051,0.20742,1.2019148065284,0.262589589811441,0.97682156396788,0.5015629986958695,-5.07577676860475,False,False,False,False
hsa-miR-1229-5p,0.24645,1.18628446308803,0.54868,0.57541,-0.38474,1.21772634070781,0.262777525743059,0.97682156396788,0.5167248425847555,-5.05702085076544,False,False,False,False
hsa-mir-5003,0.19503,1.14474796471591,0.23359,-0.22876,0.58026,1.1998069471594,0.263063083240807,0.97682156396788,0.49281348012077664,-5.07805759486492,False,False,False,False
hsa-miR-3190-5p,0.144783333333333,1.10556460507093,0.21305,0.2213,0.0,1.19909230092269,0.263098049145963,0.97682156396788,0.18365066223247625,-5.0788923148932,False,False,False,False
hsa-miR-7978,0.139646666666667,1.10163527913116,0.18101,0.07733,0.1606,1.19863231866544,0.263267669392693,0.97682156396788,0.04789001328088041,-5.07935801345343,True,False,False,False
hsa-mir-4785,-0.14615,1.10661240390129,-0.14107,-0.28867,-0.00871,-1.19789125986653,0.263541125762736,0.97682156396788,0.21242010971686012,-5.0801080278462,True,False,False,False
hsa-miR-4466,-0.144096666666667,1.10503852457204,-0.0848800000000001,-0.0647000000000002,-0.282710000000002,-1.19739406832301,0.263724723368287,0.97682156396788,0.1740724401181569,-5.08061105229192,True,False,False,False
hsa-mir-6853,0.220136666666667,1.16484392704087,-0.1774,0.76186,0.07595,1.20498976735118,0.263908362551328,0.97682156396788,0.5148513560721196,-5.07149582431296,False,False,False,False
hsa-miR-6887-5p,0.162296666666667,1.11906719526448,0.13321,-0.0747199999999999,0.4284,1.19686315623611,0.263920888339102,0.97682156396788,0.3819299543413963,-5.08114803711412,False,False,False,False
hsa-miR-500a-5p,0.35326,1.27744395718791,1.18689,0.02149,-0.1486,1.25407082203998,0.26393659777527,0.97682156396788,0.48855717364421325,-5.01476761567501,False,False,False,False
hsa-mir-519b,-0.13886,1.10103474783528,-0.11041,-0.18489,-0.12128,-1.19676239403014,0.263958132096717,0.97682156396788,0.026859011417645844,-5.08124993369878,True,False,False,False
hsa-mir-214,-0.140153333333333,1.10202223540544,-0.16712,-0.0583799999999999,-0.19496,-1.19537409478607,0.264471713011206,0.97682156396788,0.07816945347188158,-5.08265327184397,True,False,False,False
hsa-miR-559,-0.162936666666667,1.11956373948697,-0.28484,0.13321,-0.33718,-1.1950625873023,0.264587062680386,0.97682156396788,0.38789009655267753,-5.08296800241896,False,False,False,False
hsa-miR-138-5p,-0.16853,1.12391271677306,0.0637299999999998,-0.49115,-0.0781699999999999,-1.19455604910641,0.264774718973328,0.97682156396788,0.4178232202321511,-5.08347966311735,False,False,False,False
hsa-miR-6769b-5p,-0.353646666666667,1.27778637965523,-0.15804,-1.16172,0.25882,-1.2505947333708,0.265103164395752,0.97682156396788,0.4898308804620761,-5.01824111462219,False,False,False,False
hsa-mir-325,-0.147106666666667,1.1073464538921,-0.0072399999999999,-0.31358,-0.1205,-1.19195442204371,0.265740252007508,0.97682156396788,0.2417084210484598,-5.08610528434616,True,False,False,False
hsa-mir-569,0.157896666666667,1.11565941012509,-0.0985200000000002,0.35117,0.22104,1.19127704218154,0.265992116533648,0.97682156396788,0.35873895365269715,-5.08678827472849,False,False,False,False
hsa-miR-1275,0.347883333333333,1.27269201211179,1.16719,-0.17563,0.0520899999999997,1.2473296418946,0.266203158770972,0.97682156396788,0.4900021114024006,-5.02149961906854,False,False,False,False
hsa-miR-132-3p,-0.3869,1.30758071080723,0.51762,-0.82212,-0.8562,-1.25603803409309,0.266365984344742,0.97682156396788,0.48250394440079075,-5.01163490256512,False,False,False,False
hsa-miR-6716-5p,0.704213333333333,1.6292560286962,2.02637,-0.42634,0.51261,1.31068502844745,0.266615910479129,0.97682156396788,0.4282248428281272,-4.9520455445908,False,False,False,False
hsa-miR-186-3p,-0.143716666666667,1.1047475002527,-0.28941,-0.08348,-0.05826,-1.18916172397093,0.266779891208141,0.97682156396788,0.1886208627206837,-5.08891941687492,True,False,False,False
hsa-miR-3152-5p,-0.1449,1.10565401256798,-0.0729299999999999,-0.30484,-0.0569300000000001,-1.1887959550343,0.266916301447385,0.97682156396788,0.212186711961983,-5.08928766110649,True,False,False,False
hsa-mir-548ad,-0.156436666666667,1.11453093960969,-0.295,0.1027,-0.27701,-1.1885833246381,0.266995626166954,0.97682156396788,0.35100406237973436,-5.08950169506545,False,False,False,False
hsa-mir-6791,0.158166666666667,1.11586822503145,0.27363,0.31357,-0.1127,1.18829888395919,0.267101770745637,0.97682156396788,0.3646179430736736,-5.08978797263072,False,False,False,False
hsa-miR-4635,-0.147093333333333,1.1073362198851,0.03477,-0.21866,-0.25739,-1.18818669646473,0.267143645148057,0.97682156396788,0.24959790520759256,-5.08990087181053,False,False,False,False
hsa-mir-187,-0.23579,1.17755137167263,0.15094,-0.83601,-0.0223,-1.20299826757897,0.26717632556155,0.97682156396788,0.5194269587864437,-5.07228542645149,False,False,False,False
hsa-mir-6746,-0.210203333333333,1.15685121894196,-0.08721,-0.72208,0.17868,-1.19312256722789,0.267197314405438,0.97682156396788,0.5138780266301248,-5.08398111695612,False,False,False,False
hsa-mir-130b,0.153493333333333,1.1122594325103,-0.03881,0.37503,0.12426,1.18527259134489,0.268233220636787,0.97682156396788,0.3303005520835643,-5.09283092182874,False,False,False,False
hsa-miR-585-5p,-0.168236666666667,1.12368422250323,0.13985,-0.44773,-0.19683,-1.18351129307501,0.268893517123137,0.97682156396788,0.4271632864426127,-5.09459948062535,False,False,False,False
hsa-miR-4458,0.179106666666667,1.13218260772901,0.01433,-0.0560099999999999,0.579,1.18320536772484,0.269008340745513,0.97682156396788,0.4668621655747347,-5.09490648426728,False,False,False,False
hsa-miR-4685-5p,0.542773333333333,1.45677021785214,-0.59847,1.24745,0.97934,1.28650556393732,0.269090913919639,0.97682156396788,0.44539889249648884,-4.97715173177768,False,False,False,False
hsa-miR-433-3p,0.207113333333333,1.15437609790927,0.72121,0.0555399999999997,-0.15541,1.18545605634599,0.2697728050048,0.97682156396788,0.5151315829845716,-5.09181690864102,False,False,False,False
hsa-mir-1272,-0.142733333333333,1.10399476673999,-0.13547,-0.0198500000000001,-0.27288,-1.18113175930858,0.269787684246433,0.97682156396788,0.19024129501683565,-5.09698597330076,True,False,False,False
hsa-miR-5006-5p,-0.139986666666667,1.10189493215801,-0.05481,-0.12104,-0.24411,-1.18039002185429,0.270066903609518,0.97682156396788,0.12760435490066294,-5.09772920923187,True,False,False,False
hsa-mir-3150b,-0.188903333333333,1.13989689222394,-0.63707,0.0984099999999999,-0.0280500000000001,-1.18022606037057,0.27035423858844,0.97682156396788,0.4929139674932164,-5.09777472503788,False,False,False,False
hsa-mir-2392,-0.14247,1.10379327433652,-0.01057,-0.26219,-0.15465,-1.17929166205942,0.270480801015573,0.97682156396788,0.18983080829609886,-5.09882920164979,True,False,False,False
hsa-miR-6784-5p,-0.30714,1.23725253659687,0.40388,-0.90392,-0.42138,-1.2218381316885,0.270576998786186,0.97682156396788,0.5055876319310617,-5.04874843014614,False,False,False,False
hsa-miR-4540,0.190353333333333,1.14104313681131,-0.09836,0.64682,0.0226,1.17962486537902,0.270580678768566,0.97682156396788,0.49636662141063054,-5.098376616013,False,False,False,False
hsa-miR-4678,0.16914,1.12438802977965,0.16255,-0.1307,0.47557,1.17840174158993,0.270816529501723,0.97682156396788,0.43585704037580913,-5.09971993116928,False,False,False,False
hsa-mir-891a,-0.14988,1.10947718451189,-0.21797,0.06446,-0.29613,-1.17831175088995,0.270850497931468,0.97682156396788,0.30459658731683636,-5.09980997806159,False,False,False,False
hsa-miR-3689b-3p,0.137156666666667,1.09973556647897,0.14282,0.19069,0.07796,1.17662817742589,0.271486627653687,0.97682156396788,0.052309763254516355,-5.10149373452907,True,False,False,False
hsa-miR-3689c,0.137156666666667,1.09973556647897,0.14282,0.19069,0.07796,1.17662817742589,0.271486627653687,0.97682156396788,0.052309763254516355,-5.10149373452907,True,False,False,False
hsa-miR-4498,-0.1929,1.14305910184868,0.12963,-0.65779,-0.05054,-1.17705251664079,0.271551296302388,0.97682156396788,0.5030627164341602,-5.10094957933769,False,False,False,False
hsa-miR-576-3p,0.165553333333333,1.12159617415503,0.49032,-0.04896,0.0553000000000001,1.17643749960003,0.271558750690298,0.97682156396788,0.42170853755018395,-5.10168432909704,False,False,False,False
hsa-mir-4273,0.22866,1.17174610567913,0.01664,-0.14763,0.81697,1.18899647898154,0.271621913062209,0.97682156396788,0.5230420703726971,-5.08665230533575,False,False,False,False
hsa-miR-6503-3p,0.148593333333333,1.1084881390866,0.23674,0.27118,-0.0621399999999999,1.17505008473361,0.272084002401339,0.97682156396788,0.2954570096416875,-5.10307050044469,False,False,False,False
hsa-mir-4459,0.149653333333333,1.10930288451534,0.10316,-0.0153500000000002,0.36115,1.17344971897165,0.272690896826568,0.97682156396788,0.310450749891552,-5.10466803773003,False,False,False,False
hsa-miR-6819-5p,-0.551283333333333,1.46538863652057,-0.03809,-1.72971,0.11395,-1.2750408456005,0.272724583712023,0.97682156396788,0.44929754732867844,-4.98835380184926,False,False,False,False
hsa-mir-137,-0.146146666666667,1.10660984708669,0.04312,-0.26756,-0.214,-1.17329084260224,0.27275120613111,0.97682156396788,0.26695296419509573,-5.10482655173059,False,False,False,False
hsa-mir-3674,0.144493333333333,1.10534239489842,0.03278,0.0823,0.3184,1.17290070813775,0.272899346640223,0.97682156396788,0.24274060472976566,-5.10521573381503,True,False,False,False
hsa-miR-4780,0.24185,1.18250804603464,0.75385,-0.33978,0.31148,1.18964807085396,0.272996517360073,0.97682156396788,0.5259240496342552,-5.08517989035518,False,False,False,False
hsa-miR-5006-3p,-0.141066666666667,1.10272011838099,-0.0759000000000001,-0.27966,-0.0676400000000001,-1.17250036244011,0.273051432311319,0.97682156396788,0.1788900673938402,-5.10561500975582,True,False,False,False
hsa-mir-4674,0.144126666666667,1.10506150344109,-0.01163,0.15582,0.28819,1.17212485439513,0.273194144927543,0.97682156396788,0.23851007230454324,-5.1059894292715,False,False,False,False
hsa-miR-4698,-0.204286666666667,1.1521165476898,-0.63073,0.27525,-0.25738,-1.1731167696914,0.274335742654157,0.97682156396788,0.5184147204381894,-5.10417926338802,False,False,False,False
hsa-miR-493-3p,-0.526586666666667,1.44051698039431,0.0325,-1.65845,0.04619,-1.26890033178391,0.274690254836237,0.97682156396788,0.4503624203521368,-4.99433996114193,False,False,False,False
hsa-miR-1307-3p,0.404993333333333,1.32408279181957,1.30816,0.201079999999999,-0.29426,1.23816375063228,0.274818779293878,0.97682156396788,0.48263177429164056,-5.02833240087291,False,False,False,False
hsa-miR-6502-5p,0.159726666666667,1.11707547664613,0.01569,0.0027600000000001,0.46073,1.16772088606762,0.274872395861597,0.97682156396788,0.39988829635222517,-5.11037447002952,True,False,False,False
hsa-miR-552-3p,-0.16082,1.11792236301221,-0.01274,-0.46972,0.0,-1.16684644544362,0.275206615761888,0.97682156396788,0.40720852258741697,-5.11124379897008,False,False,False,False
hsa-miR-1254,-0.31578,1.24468441602093,0.46864,-0.71495,-0.70103,-1.21302896405005,0.275293266311487,0.97682156396788,0.5052673730947301,-5.05674747281388,False,False,False,False
hsa-miR-6733-5p,-0.142316666666667,1.10367596658712,-0.20592,-0.23982,0.0187900000000001,-1.16603845185678,0.275515731027126,0.97682156396788,0.22154871505265178,-5.1120466699162,False,False,False,False
hsa-miR-676-3p,0.146016666666667,1.10651013592479,0.0257700000000001,0.06831,0.34397,1.16556160770272,0.275698289666002,0.97682156396788,0.28076049887983034,-5.11252031078067,True,False,False,False
hsa-miR-4529-3p,0.142876666666667,1.10410445527866,0.29509,0.1323,0.0012400000000001,1.16471709536031,0.276021849125762,0.97682156396788,0.23477081956316204,-5.113358821667,True,False,False,False
hsa-miR-4710,-0.258033333333333,1.19584742639933,0.12234,0.0387,-0.93514,-1.18762046193202,0.276109222282299,0.97682156396788,0.5265115520547714,-5.08598521110651,False,False,False,False
hsa-mir-4291,0.2907,1.22323365039647,-0.38429,0.36289,0.8935,1.20114484980231,0.276172421876942,0.97682156396788,0.5149855683693751,-5.07009819343756,False,False,False,False
hsa-miR-548ap-5p,-0.14909,1.10886981634425,-0.31373,-0.20337,0.0698300000000001,-1.16358758393205,0.276455080390258,0.97682156396788,0.3210594288139749,-5.11447964986497,False,False,False,False
hsa-miR-6749-5p,-0.13613,1.09895323883953,-0.21075,-0.0746500000000001,-0.12299,-1.16255953990272,0.276849870547535,0.97682156396788,0.07599384070340107,-5.11549913706139,True,False,False,False
hsa-mir-2276,0.146833333333333,1.10713667565192,0.19494,0.30125,-0.05569,1.16117738156999,0.277381365275299,0.97682156396788,0.29961354620605796,-5.11686880833888,False,False,False,False
hsa-mir-4503,-0.15024,1.10975407021015,-0.37034,0.04348,-0.12386,-1.16048730580102,0.277647034887335,0.97682156396788,0.3377137706725399,-5.11755222736435,False,False,False,False
hsa-miR-1911-5p,-0.1512,1.11049276994484,-0.2493,-0.30001,0.0957100000000002,-1.15963843075025,0.277974121618943,0.97682156396788,0.34796262176193976,-5.11839252770474,False,False,False,False
hsa-mir-6851,0.13919,1.10128662575456,0.07138,0.27408,0.0721099999999999,1.15936308302518,0.278080284764954,0.97682156396788,0.17509850505037677,-5.11866500252387,True,False,False,False
hsa-miR-6837-5p,-0.168023333333333,1.12351807403036,-0.11777,0.11553,-0.50183,-1.1589970842935,0.27822144996361,0.97682156396788,0.4490794471894468,-5.11902711306965,False,False,False,False
hsa-mir-6886,0.152776666666667,1.11170704875388,0.04521,0.0,0.41312,1.15839817002719,0.278452575020391,0.97682156396788,0.36326854887985893,-5.1196194937213,False,False,False,False
hsa-miR-6803-3p,-0.175523333333333,1.12937400757133,-0.35047,0.22658,-0.40268,-1.15798856917421,0.278610731883447,0.97682156396788,0.47577244081187786,-5.1200245038767,False,False,False,False
hsa-mir-3198-2,0.156723333333333,1.1147524213539,0.02929,0.44622,-0.0053400000000001,1.15765748850432,0.278738623114436,0.97682156396788,0.39301117961257814,-5.12035180123737,False,False,False,False
hsa-mir-3198-1,0.156723333333333,1.1147524213539,0.02929,0.44622,-0.0053400000000001,1.15765748850432,0.278738623114436,0.97682156396788,0.39301117961257814,-5.12035180123737,False,False,False,False
hsa-miR-5581-3p,-0.13663,1.09933417301612,-0.16209,-0.20794,-0.03986,-1.15756110559772,0.278775863200912,0.97682156396788,0.11249921543844678,-5.12044707055361,True,False,False,False
hsa-mir-631,0.15287,1.1117789715636,0.26999,-0.11008,0.2987,1.15721893624211,0.27890810177911,0.97682156396788,0.36566807643321797,-5.12078524207211,False,False,False,False
hsa-mir-665,0.140336666666667,1.10216228596484,0.195,0.2366,-0.0105900000000001,1.15670225282745,0.279107880811035,0.97682156396788,0.20768401145204735,-5.12129575710142,False,False,False,False
hsa-mir-548o,0.146913333333333,1.10719807004734,0.0093599999999998,0.06969,0.36169,1.15633637748828,0.279249418641436,0.97682156396788,0.3093952064028609,-5.1216571686964,True,False,False,False
hsa-mir-4671,0.165056666666667,1.12121011643605,-0.14588,0.45017,0.19088,1.15574255193449,0.279479261457455,0.97682156396788,0.439728008989849,-5.12224358037275,False,False,False,False
hsa-mir-765,0.140486666666667,1.1022768860245,0.14916,0.0,0.2723,1.15460588586672,0.279919638113489,0.97682156396788,0.21627041931225474,-5.12336547120307,False,False,False,False
hsa-miR-4648,-0.153393333333333,1.11218233923322,-0.42341,-0.0200800000000001,-0.0166899999999999,-1.15434635950142,0.280020264302641,0.97682156396788,0.37370090215031515,-5.12362151639736,True,False,False,False
hsa-mir-3158-2,-0.146423333333333,1.10682208280342,-0.07375,-0.35858,-0.0069399999999999,-1.15427008030433,0.280049845582761,0.97682156396788,0.3073557613432951,-5.12369676480569,True,False,False,False
hsa-miR-6505-3p,0.1589,1.1164355738835,0.45108,0.0985399999999998,-0.0729199999999999,1.15346422481028,0.280362512249093,0.97682156396788,0.41121303950614474,-5.12449151910967,False,False,False,False
hsa-mir-138-2,0.139323333333333,1.10138841095391,-0.0058900000000001,0.20056,0.2233,1.15322946887489,0.280453648851011,0.97682156396788,0.19616053450763699,-5.12472296846589,False,False,False,False
hsa-mir-6507,-0.13917,1.10127135878599,-0.22299,-0.20217,0.0076499999999999,-1.15092906289166,0.281347971009887,0.97682156396788,0.19941301514072038,-5.12698923638818,False,False,False,False
hsa-miR-4708-5p,-0.133843333333333,1.09721278141807,-0.13997,-0.0821400000000001,-0.17942,-1.1509092256982,0.281355693021809,0.97682156396788,0.04177460657739866,-5.12700876548212,True,False,False,False
hsa-miR-200a-5p,0.132903333333333,1.09649811611726,0.14002,0.12384,0.13485,1.15067449549589,0.281447079242007,0.97682156396788,0.0012862549092864,-5.12723983217435,True,False,False,False
hsa-miR-627-3p,-0.13402,1.09734714993546,-0.186,-0.13866,-0.0774000000000001,-1.15051116018494,0.281510683762949,0.97682156396788,0.05085807511832658,-5.12740059886633,True,False,False,False
hsa-miR-4647,0.159943333333333,1.11724325374973,0.0226600000000001,-0.0197299999999998,0.4769,1.15049722492573,0.281516110837314,0.97682156396788,0.4202520324149464,-5.1274143142421,False,False,False,False
hsa-miR-4652-5p,0.17549,1.12934791379248,0.57596,0.05264,-0.10213,1.14925124875641,0.282001695244205,0.97682156396788,0.48245678651204493,-5.1286401617728,False,False,False,False
hsa-miR-6727-3p,-0.147436666666667,1.10759977570713,0.0657999999999999,-0.33007,-0.17804,-1.14822237987399,0.282403175391989,0.97682156396788,0.3293113753573318,-5.12965171040742,False,False,False,False
hsa-mir-1912,-0.147366666666667,1.10754603593456,-0.0759299999999998,0.00651,-0.37268,-1.14797180920962,0.282501021349241,0.97682156396788,0.3289908657023488,-5.1298979670861,False,False,False,False
hsa-miR-451b,0.13542,1.0984125390982,0.0519800000000001,0.12846,0.22582,1.14717126476014,0.282813810424452,0.97682156396788,0.11472271391665373,-5.1306844772013,True,False,False,False
hsa-mir-3650,0.136153333333333,1.09897101283118,0.02083,0.19607,0.19156,1.14564857601912,0.283409523570195,0.97682156396788,0.1421589642375203,-5.13217941293489,True,False,False,False
hsa-miR-1225-3p,-0.14919,1.10894668000679,-0.16805,-0.35342,0.0739000000000001,-1.14541876866494,0.283499517254352,0.97682156396788,0.3511591337559917,-5.1324049111163,False,False,False,False
hsa-mir-6854,-0.13902,1.10115686326766,-0.26821,-0.14729,-0.00156,-1.14489697017029,0.283703941254405,0.97682156396788,0.2130945432823756,-5.13291680768922,True,False,False,False
hsa-miR-3064-3p,0.138706666666667,1.10091773325358,0.23716,0.19137,-0.01241,1.14285429520184,0.284505334052669,0.97682156396788,0.2122894864380198,-5.13491914830086,False,False,False,False
hsa-mir-3180-5,0.155243333333333,1.11360943023047,0.29913,0.30515,-0.13855,1.14281581031628,0.284520450047411,0.97682156396788,0.40141989331769196,-5.13495684922292,False,False,False,False
hsa-mir-3180-4,0.155243333333333,1.11360943023047,0.29913,0.30515,-0.13855,1.14281581031628,0.284520450047411,0.97682156396788,0.40141989331769196,-5.13495684922292,False,False,False,False
hsa-miR-7106-3p,-0.147323333333333,1.10751276976296,-0.23686,0.0863700000000001,-0.29148,-1.14235377009447,0.284701979298985,0.97682156396788,0.3378821926230319,-5.13540940788188,False,False,False,False
hsa-miR-5589-5p,-0.136233333333333,1.09903195441354,-0.26132,-0.07836,-0.0690200000000001,-1.14066274003849,0.285367153573919,0.97682156396788,0.1615004629461734,-5.13706464147481,True,False,False,False
hsa-mir-3176,0.131913333333333,1.09574593999242,0.11193,0.15958,0.12423,1.14026792731735,0.285522634099194,0.97682156396788,0.011519426799782954,-5.13745084882944,True,False,False,False
hsa-miR-3607-5p,0.151353333333333,1.11061080224011,0.27866,0.2933,-0.1179,1.13965296922597,0.285764944853163,0.97682156396788,0.37790081507758205,-5.1380522162455,False,False,False,False
hsa-miR-505-3p,-0.156173333333333,1.11432752422718,-0.41635,-0.16061,0.10844,-1.13964623266676,0.285767600158323,0.97682156396788,0.41098408943969594,-5.13805880266401,False,False,False,False
hsa-miR-3125,-0.150336666666667,1.1098284309155,0.0693899999999998,-0.38578,-0.13462,-1.13825547365726,0.286316209697741,0.97682156396788,0.3717104749564231,-5.13941797935555,False,False,False,False
hsa-miR-30b-3p,-0.29238,1.22465892009559,-0.48046,-0.83352,0.43684,-1.17599365502944,0.286543291834181,0.97682156396788,0.5207156990636237,-5.09418562561503,False,False,False,False
hsa-mir-548q,-0.14863,1.10851631211032,-0.10163,-0.38578,0.04152,-1.13745286924446,0.286633194698,0.97682156396788,0.35817337527174165,-5.14020182668028,False,False,False,False
hsa-mir-5090,0.134623333333333,1.09780615516661,0.22589,0.0389899999999999,0.13899,1.13670206517799,0.286929975553097,0.97682156396788,0.1301926745002549,-5.14093473213827,True,False,False,False
hsa-mir-3675,-0.144133333333333,1.10506660992132,-0.2062,-0.29146,0.0652600000000001,-1.13669879013275,0.286931270664495,0.97682156396788,0.3121576500527408,-5.14093792836293,False,False,False,False
hsa-miR-4703-3p,0.16488,1.1210728259341,0.5121,-0.0932899999999999,0.0758299999999998,1.13647244550222,0.287020789617157,0.97682156396788,0.45709439868549834,-5.14115880985016,False,False,False,False
hsa-mir-382,-0.13698,1.09960090550354,-0.0428200000000001,-0.0917600000000001,-0.27636,-1.13622192963715,0.287119894301514,0.97682156396788,0.19390190593835926,-5.14140324306693,True,False,False,False
hsa-miR-6510-5p,0.212796666666667,1.15893260051758,0.78704,-0.0468900000000001,-0.10176,1.14407727013564,0.287254499248114,0.97682156396788,0.5363696994460259,-5.1317965667908,False,False,False,False
hsa-mir-16-2,-0.132606666666667,1.09627266237379,-0.20194,-0.10879,-0.0870899999999999,-1.13587157082709,0.287258543002339,0.97682156396788,0.06388579093950594,-5.14174503136186,True,False,False,False
hsa-miR-6777-5p,-0.131376666666667,1.09533841037326,-0.10229,-0.14503,-0.14681,-1.1355504278641,0.287385677044657,0.97682156396788,0.012048383527072383,-5.14205825329217,True,False,False,False
hsa-mir-6866,-0.161683333333333,1.11859154703817,0.05476,-0.0398399999999999,-0.49997,-1.13488207847129,0.287650407386059,0.97682156396788,0.4449471826157325,-5.1427099177348,False,False,False,False
hsa-mir-4641,-0.15877,1.11633497737376,-0.32193,-0.32187,0.16749,-1.13273903043404,0.288500574403776,0.97682156396788,0.4330752998886342,-5.14479764178314,False,False,False,False
hsa-miR-634,0.15423,1.11282751769275,-0.0308700000000002,0.0464199999999999,0.44714,1.1327009205409,0.288515711099617,0.97682156396788,0.4071612334846738,-5.14483474266059,False,False,False,False
hsa-mir-4797,0.18879,1.13980734922516,-0.13767,0.0333100000000001,0.67073,1.13273116093191,0.288782329664124,0.97682156396788,0.5230006375314484,-5.14463354832772,False,False,False,False
hsa-miR-3173-5p,0.169533333333333,1.12469462235326,-0.18093,0.19322,0.49631,1.1319139945809,0.288828408466731,0.97682156396788,0.4779619916632157,-5.14560063668945,False,False,False,False
hsa-miR-6816-3p,0.14835,1.10830119079872,0.23656,-0.10304,0.31153,1.13138878846745,0.289037257904167,0.97682156396788,0.36478859962370513,-5.14611159668851,False,False,False,False
hsa-miR-548av-3p,-0.15583,1.11406236752247,0.15394,-0.2965,-0.32493,-1.12931364184584,0.289863624273714,0.97682156396788,0.42084807162824867,-5.14812881646045,False,False,False,False
hsa-mir-1295b,0.18345,1.1355962578147,-0.0343,0.65134,-0.0666900000000001,1.12906203013732,0.290181713516586,0.97682156396788,0.5153693636071892,-5.1482375766262,False,False,False,False
hsa-miR-3186-3p,0.13904,1.10117212864897,0.04776,0.3163,0.0530600000000001,1.12782037993559,0.290459437512626,0.97682156396788,0.2573022256129709,-5.14957877420353,True,False,False,False
hsa-miR-4256,-0.14503,1.10575364658188,-0.37324,0.0079,-0.0697500000000002,-1.12762505945518,0.290537442785654,0.97682156396788,0.3385724404475777,-5.14976833003743,False,False,False,False
hsa-miR-1306-3p,-0.16582,1.12180350830974,-0.24199,-0.44482,0.18935,-1.12755158344733,0.290566791271938,0.97682156396788,0.4687488179875795,-5.14983963147434,False,False,False,False
hsa-miR-943,-0.145076666666667,1.10578941482809,-0.12869,-0.35539,0.0488500000000001,-1.12667849419509,0.29091570981818,0.97682156396788,0.3406729606635284,-5.1506866292541,False,False,False,False
hsa-miR-8077,-0.139773333333333,1.10173200545977,-0.02562,-0.0692599999999999,-0.32444,-1.12652741204347,0.29097612167816,0.97682156396788,0.2724172186971159,-5.15083314929008,True,False,False,False
hsa-mir-1233-2,-0.182516666666667,1.13486183574812,-0.40707,0.28326,-0.42374,-1.12616211753244,0.291339530634406,0.97682156396788,0.5153653112975806,-5.15105089003776,False,False,False,False
hsa-mir-1233-1,-0.182516666666667,1.13486183574812,-0.40707,0.28326,-0.42374,-1.12616211753244,0.291339530634406,0.97682156396788,0.5153653112975806,-5.15105089003776,False,False,False,False
hsa-miR-365a-5p,0.190953333333333,1.14151778200407,0.6076,0.22657,-0.26131,1.12773520287349,0.291431069338036,0.97682156396788,0.5269308218501035,-5.1490752536369,False,False,False,False
hsa-miR-1292-3p,0.166766666666667,1.12253985414629,0.54245,-0.0809599999999999,0.03881,1.12468411005319,0.291713991547979,0.97682156396788,0.4746585715648862,-5.1526196689447,False,False,False,False
hsa-miR-6751-3p,0.135116666666667,1.09818161703705,0.14712,0.24815,0.0100800000000001,1.12349312682895,0.29219153158162,0.97682156396788,0.1892561698416271,-5.15377286079534,True,False,False,False
hsa-mir-484,-0.190993333333333,1.14154943203612,0.2762,-0.59314,-0.25604,-1.12412829451618,0.292871900972924,0.97682156396788,0.5291682359196864,-5.15256744883752,False,False,False,False
hsa-miR-6513-5p,-0.13421,1.09749167783805,-0.26366,-0.0661999999999998,-0.0727700000000001,-1.12117091242208,0.293124442647189,0.97682156396788,0.1739659118739148,-5.15601889318889,True,False,False,False
hsa-miR-635,0.133056666666667,1.09661466094574,0.22932,0.0319400000000001,0.13791,1.12028918271163,0.29347928290408,0.97682156396788,0.14483832012505557,-5.15687083190627,True,False,False,False
hsa-miR-548y,-0.14645,1.10684254140866,0.05789,-0.37734,-0.1199,-1.11926280346693,0.293892765490429,0.97682156396788,0.3660761934764523,-5.15786193234007,False,False,False,False
hsa-miR-4286,-0.257603333333333,1.19549105325411,0.03182,-0.95253,0.1479,-1.14363254684111,0.29451023996689,0.97682156396788,0.537380576888058,-5.1280071481832,False,False,False,False
hsa-mir-329-2,-0.134976666666667,1.09807505399878,-0.03594,-0.27804,-0.09095,-1.11675948411221,0.294903183197252,0.97682156396788,0.20679609050579226,-5.1602764942783,True,False,False,False
hsa-miR-6796-3p,0.13889,1.10105764344726,0.0676800000000002,0.0220500000000001,0.32694,1.11657286985693,0.294978616888028,0.97682156396788,0.28103648046344804,-5.16045633765567,True,False,False,False
hsa-miR-5704,0.13669,1.0993798939898,0.06888,0.0383,0.30289,1.11639804351596,0.29504929953595,0.97682156396788,0.2435382797463423,-5.16062480137633,True,False,False,False
hsa-mir-3606,-0.143476666666667,1.10456373491069,-0.37592,-0.0399999999999998,-0.0145099999999999,-1.11523429383279,0.295520148609231,0.97682156396788,0.34312603014500337,-5.16174571814886,True,False,False,False
hsa-miR-6089,0.13097,1.09502970005435,0.16929,0.181039999999999,0.0425799999999992,1.1148547483609,0.295673840276553,0.97682156396788,0.09799221645225623,-5.1621111137082,True,False,False,False
hsa-mir-4675,0.15707,1.11502031853852,0.38814,0.24772,-0.16465,1.11452098733765,0.295809044567373,0.97682156396788,0.4436614848341706,-5.16243235836266,False,False,False,False
hsa-miR-1972,0.156616666666667,1.11467000440094,0.0124799999999998,0.48489,-0.02752,1.11426803152728,0.295911547893444,0.97682156396788,0.441640768580133,-5.16267578233724,False,False,False,False
hsa-miR-6866-5p,0.14761,1.10773285684289,0.34114,0.20968,-0.10799,1.11423591923908,0.29592456252284,0.97682156396788,0.38353690677111096,-5.16270668175397,False,False,False,False
hsa-mir-3165,-0.163113333333333,1.11970084518092,0.16172,-0.47826,-0.1728,-1.11410629521421,0.295977101814156,0.97682156396788,0.47055432251881696,-5.16283140345488,False,False,False,False
hsa-mir-4256,0.129706666666667,1.09407122861093,0.08887,0.18916,0.11109,1.11410019226566,0.295979575647474,0.97682156396788,0.05081703107619685,-5.16283727533719,True,False,False,False
hsa-mir-3654,0.14824,1.10821669027717,-0.0216699999999999,0.0493800000000001,0.41701,1.1136839036737,0.296148357157654,0.97682156396788,0.3893696621704532,-5.16323774843306,False,False,False,False
hsa-miR-2114-5p,-0.133563333333333,1.09699985369651,-0.21876,-0.18193,0.0,-1.11227738212247,0.296719186855815,0.97682156396788,0.18693085628737663,-5.16459004285389,False,False,False,False
hsa-miR-8083,0.133626666666667,1.09704801230276,0.14014,0.0114400000000001,0.2493,1.11141130504542,0.297071113530275,0.97682156396788,0.19135623059234158,-5.16542212137075,True,False,False,False
hsa-miR-1295a,-0.211766666666667,1.15810548561813,0.30956,-0.2421,-0.70276,-1.12049865002331,0.297213569476767,0.97682156396788,0.5444601319204367,-5.1542343931726,False,False,False,False
hsa-miR-4718,0.14509,1.10579963453952,-0.0842800000000001,0.17139,0.34816,1.11044693932377,0.297463368461112,0.97682156396788,0.36716301809766216,-5.16634808453638,False,False,False,False
hsa-miR-181d-5p,0.158353333333333,1.11601261374292,0.45107,-0.14391,0.1679,1.11042114402294,0.297473866308945,0.97682156396788,0.4540239620860624,-5.16637284472912,False,False,False,False
hsa-mir-4695,-0.168573333333333,1.12394647554706,0.23309,-0.41257,-0.32624,-1.11038756107038,0.29748753391727,0.97682156396788,0.49248337592210767,-5.16640507945558,False,False,False,False
hsa-miR-216a-3p,0.135633333333333,1.09857497490602,0.29735,0.0295099999999999,0.0800399999999999,1.1098124849383,0.297721655905033,0.97682156396788,0.2405763658567687,-5.16695696019851,True,False,False,False
hsa-mir-374c,0.13964,1.10163018850701,0.17025,0.30087,-0.0522,1.1090166051742,0.298045910980719,0.97682156396788,0.3082059265482227,-5.16772040084161,False,False,False,False
hsa-miR-6837-3p,-0.129913333333333,1.09422796599709,-0.04755,-0.17435,-0.16784,-1.10838902644552,0.298301794422593,0.97682156396788,0.08765660013891437,-5.16832212352283,True,False,False,False
hsa-mir-3125,-0.131323333333333,1.09529791881606,-0.04094,-0.12365,-0.22938,-1.10829382705609,0.298340625370293,0.97682156396788,0.13769983331326155,-5.16841337940674,True,False,False,False
hsa-miR-376a-2-5p,0.144796666666667,1.10557482270466,-0.10293,0.23112,0.3062,1.10777680950171,0.298551581895789,0.97682156396788,0.3685954670462729,-5.16890888209744,False,False,False,False
hsa-mir-2117,-0.13769,1.10014219022491,-0.1813,-0.27599,0.0442199999999999,-1.10687667349488,0.298919142259821,0.97682156396788,0.28416951818429637,-5.1697711647944,False,False,False,False
hsa-miR-3173-3p,-0.174486666666667,1.1285627731701,0.23148,-0.52431,-0.23063,-1.10656010513233,0.299262605810848,0.97682156396788,0.5108112146167995,-5.16993270948414,False,False,False,False
hsa-miR-4420,0.136063333333333,1.09890245759023,0.22581,-0.0411900000000001,0.22357,1.10369684848099,0.300220453682462,0.97682156396788,0.2645057497672394,-5.17281324037396,False,False,False,False
hsa-mir-1265,0.13377,1.09715701063948,0.15225,-0.0058099999999998,0.25487,1.10338417815353,0.300348652233195,0.97682156396788,0.21971602158421796,-5.17311202634593,False,False,False,False
hsa-mir-4458,-0.135636666666667,1.09857751315611,0.03386,-0.18243,-0.25834,-1.10189326212571,0.300960540265615,0.97682156396788,0.26138382388284714,-5.17453589983904,False,False,False,False
hsa-mir-552,-0.130353333333333,1.09456173974544,-0.02905,-0.20776,-0.15425,-1.10168728759508,0.301045151761579,0.97682156396788,0.1329100868844369,-5.17473250334349,True,False,False,False
hsa-mir-345,0.137353333333333,1.09988549149031,0.04252,0.33081,0.0387299999999999,1.10132493187249,0.30119404806709,0.97682156396788,0.29147591999047834,-5.17507830911175,True,False,False,False
hsa-miR-941,-0.507923333333333,1.42200184157589,-1.58704,-0.35124,0.41451,-1.18966323860684,0.301305270525044,0.97682156396788,0.47554806330459953,-5.07064877462023,False,False,False,False
hsa-miR-206,0.26144,1.19867454306448,0.16956,-0.30754,0.9223,1.12862590780519,0.301358586472115,0.97682156396788,0.5411611800376808,-5.14180811766929,False,False,False,False
hsa-miR-365a-3p,-0.136033333333333,1.09887960679361,-0.16572,0.0334500000000002,-0.27583,-1.10056859195155,0.301505024471352,0.97682156396788,0.27170577212840014,-5.17579984066442,False,False,False,False
hsa-miR-365b-3p,-0.136033333333333,1.09887960679361,-0.16572,0.0334500000000002,-0.27583,-1.10056859195155,0.301505024471352,0.97682156396788,0.27170577212840014,-5.17579984066442,False,False,False,False
hsa-miR-891a-5p,0.13057,1.09472613543959,0.24469,0.07687,0.0701499999999999,1.09928631185577,0.302032824985686,0.97682156396788,0.14948016013605894,-5.17702229165771,True,False,False,False
hsa-miR-519c-3p,-0.156093333333333,1.11426573450184,-0.49145,0.06026,-0.03709,-1.09853333530462,0.302343097797736,0.97682156396788,0.4554847331197907,-5.17773965686572,False,False,False,False
hsa-mir-1910,-0.161223333333333,1.11823494354686,-0.40385,-0.28479,0.20497,-1.0978557019043,0.302622539372509,0.97682156396788,0.4780319191672233,-5.17838493916324,False,False,False,False
hsa-miR-1469,-0.151276666666666,1.11055178452438,0.122190000000001,-0.41498,-0.16104,-1.09622594478657,0.303295450002549,0.97682156396788,0.43236562009314616,-5.17993571296059,False,False,False,False
hsa-miR-652-5p,-0.142433333333333,1.10376522134916,0.10295,-0.28867,-0.24158,-1.09406216233078,0.304190674895312,0.97682156396788,0.3678260177738104,-5.18199205987812,False,False,False,False
hsa-miR-129-1-3p,-0.196826666666667,1.14617446973786,0.30793,-0.26866,-0.62975,-1.09912085030589,0.30437532792518,0.97682156396788,0.5458856954877105,-5.17564906025511,False,False,False,False
hsa-miR-6762-3p,-0.1308,1.09490067480897,-0.2586,-0.08128,-0.0525199999999999,-1.09305324242321,0.304608807173624,0.97682156396788,0.17949639932733247,-5.18294988091758,True,False,False,False
hsa-mir-4475,0.17828,1.13153405103465,-0.01576,-0.09694,0.64754,1.09337758551956,0.304686252045138,0.97682156396788,0.528525730084594,-5.18249736961359,False,False,False,False
hsa-miR-6890-5p,-0.142036666666667,1.10346178460449,-0.2583,-0.27112,0.10331,-1.0923580733004,0.304897172994788,0.97682156396788,0.3666853995500317,-5.18360946966671,False,False,False,False
hsa-miR-2909,-0.14767,1.10777892711528,-0.42692,0.05921,-0.0752999999999999,-1.09113075439696,0.3054068060214,0.97682156396788,0.4154247615687073,-5.18477322981731,False,False,False,False
hsa-mir-6729,0.14335,1.104466759971,-0.0773899999999998,0.36943,0.13801,1.09042576442973,0.305699849376717,0.97682156396788,0.3821933625123784,-5.18544128214984,False,False,False,False
hsa-miR-6841-5p,0.13366,1.09707335978681,0.0149,0.0863799999999999,0.2997,1.08877335509951,0.30638757266837,0.97682156396788,0.25860142168606975,-5.18700588749676,True,False,False,False
hsa-miR-6860,0.12948,1.09389934890577,0.21019,0.16371,0.01454,1.08806985606735,0.306680733488529,0.97682156396788,0.15948189019628334,-5.18767148233511,True,False,False,False
hsa-mir-635,0.135543333333333,1.09850644437044,0.15066,0.29399,-0.0380200000000002,1.08776238490722,0.306808931449946,0.97682156396788,0.2939879240694408,-5.18796228904165,False,False,False,False
hsa-miR-4772-5p,-0.125816666666667,1.09112521134447,-0.15594,-0.10958,-0.11193,-1.08734302947743,0.30698384659285,0.97682156396788,0.014057761894167456,-5.18835881988001,True,False,False,False
hsa-miR-6800-5p,0.14882,1.1086623110657,-0.0499600000000004,0.44516,0.051260000000001,1.08699718969198,0.307128156896601,0.97682156396788,0.4283070512629816,-5.18868575283084,False,False,False,False
hsa-miR-4444,-0.15343,1.11221060614769,-0.41011,-0.20988,0.1597,-1.08652481101842,0.307325354735215,0.97682156396788,0.45497527307733804,-5.18913218481819,False,False,False,False
hsa-miR-520g-5p,-0.131276666666667,1.0952624899314,-0.15632,-0.24358,0.00607,-1.08630899158656,0.307415483151621,0.97682156396788,0.21455499095437688,-5.18933610286314,False,False,False,False
hsa-mir-6757,0.13491,1.0980243133293,0.23744,-0.05376,0.22105,1.08534821387638,0.307816965478909,0.97682156396788,0.28939268696509673,-5.19024354112338,False,False,False,False
hsa-miR-3922-5p,-0.127476666666667,1.09238140911577,-0.20421,-0.1281,-0.0501199999999999,-1.08498761818282,0.307967754503119,0.97682156396788,0.1032500404409288,-5.19058396699415,True,False,False,False
hsa-miR-627-5p,0.140066666666667,1.10195603588139,0.26031,-0.0988900000000001,0.25878,1.08320437277222,0.308714299499637,0.97682156396788,0.36180991651401656,-5.19226625725535,False,False,False,False
hsa-mir-4779,0.12583,1.09113529552925,0.09893,0.17952,0.09904,1.08273767533064,0.30890991355809,0.97682156396788,0.042626357617103906,-5.19270620094265,True,False,False,False
hsa-mir-551b,-0.1298,1.09414201045664,-0.00363,-0.15576,-0.23001,-1.08212777927558,0.309165695007051,0.97682156396788,0.19074410074037423,-5.19328092616939,True,False,False,False
hsa-mir-6840,-0.14035,1.10217247215433,-0.20918,-0.30758,0.09571,-1.08185134849159,0.3092816806398,0.97682156396788,0.3670863635095599,-5.19354133835472,False,False,False,False
hsa-mir-8088,-0.144603333333333,1.10542667625754,-0.16805,0.10577,-0.37153,-1.08172441415689,0.309334951533314,0.97682156396788,0.4054539924024782,-5.19366090086498,False,False,False,False
hsa-miR-4661-5p,0.135356666666667,1.09836432059147,-0.06236,0.24385,0.22458,1.08164089050686,0.309370008060794,0.97682156396788,0.30498770438187905,-5.19373956822867,False,False,False,False
hsa-miR-6752-3p,0.140533333333333,1.10231254180657,-0.03596,0.0819799999999999,0.37558,1.08149110939208,0.309432881948598,0.97682156396788,0.369567254910636,-5.19388062958649,False,False,False,False
hsa-miR-335-5p,-0.12557,1.09093867073551,-0.10473,-0.17687,-0.09511,-1.08102278025174,0.309629537869438,0.97682156396788,0.03971676957411092,-5.19432160231166,True,False,False,False
hsa-mir-1236,0.1665,1.12233238389855,0.57007,0.06473,-0.1353,1.0796616003085,0.310201665933474,0.97682156396788,0.5107706076259785,-5.1956024812829,False,False,False,False
hsa-miR-4671-3p,-0.153526666666667,1.11228513145685,-0.35013,-0.29673,0.18628,-1.07920940003966,0.310391916685734,0.97682156396788,0.46314090683165215,-5.19602774409128,False,False,False,False
hsa-mir-518b,-0.13052,1.09468819578033,-0.0074,-0.26672,-0.11744,-1.07745998848784,0.311128792918724,0.97682156396788,0.2245339448368943,-5.1976717187441,True,False,False,False
hsa-miR-223-5p,-0.14508,1.10579196974709,-0.03087,-0.42803,0.02366,-1.07716569957705,0.311252885750709,0.97682156396788,0.41533330715767997,-5.19794807947634,False,False,False,False
hsa-miR-23b-3p,-0.19445,1.14428783949508,0.3296,-0.31599,-0.59696,-1.08236711080987,0.311381084555588,0.97682156396788,0.5518709167804945,-5.19143563811619,False,False,False,False
hsa-miR-4694-3p,-0.12542,1.09082524947237,-0.06333,-0.16434,-0.14859,-1.07671867476803,0.311441456757428,0.97682156396788,0.05726169530431105,-5.19836776584572,True,False,False,False
hsa-miR-140-5p,-0.14175,1.10324254611167,-0.24633,-0.29549,0.11657,-1.07648946184693,0.311538181565543,0.97682156396788,0.38921544472171565,-5.19858291154508,False,False,False,False
hsa-miR-324-3p,0.161463333333333,1.11842098335639,0.54934,0.0244999999999997,-0.0894500000000003,1.07614257900751,0.311684606160217,0.97682156396788,0.49801529613888845,-5.19890844186144,False,False,False,False
hsa-mir-7855,-0.152846666666667,1.11176099042495,0.0619500000000002,-0.0319499999999999,-0.48854,-1.07567491840797,0.31188209802027,0.97682156396788,0.4635362001676991,-5.19934719398714,False,False,False,False
hsa-mir-5093,0.128123333333333,1.09287116264396,0.19057,0.0078,0.186,1.07542424628216,0.311987996446792,0.97682156396788,0.16700971840145745,-5.19958231338279,True,False,False,False
hsa-miR-4669,-0.197773333333333,1.14692681254345,0.0451900000000001,0.11933,-0.75784,-1.08189614076061,0.311991426784962,0.97682156396788,0.5542611951939798,-5.19158890473396,False,False,False,False
hsa-mir-498,0.15835,1.11601003520924,0.43289,0.24281,-0.20065,1.07518764025276,0.312087978305277,0.97682156396788,0.4876905512598984,-5.199804202629,False,False,False,False
hsa-miR-125a-3p,0.200443333333333,1.14905139878683,0.39463,0.56977,-0.36307,1.08194382495159,0.312177633826333,0.97682156396788,0.5562800600401052,-5.19139994883851,False,False,False,False
hsa-mir-548w,0.127906666666667,1.0927070455122,0.17982,0.0097,0.1942,1.07460018268136,0.312336326587493,0.97682156396788,0.16350806799912324,-5.20035496617017,True,False,False,False
hsa-miR-6851-5p,-0.12799,1.09277016456912,-0.22004,-0.14922,-0.01471,-1.0742613028336,0.312479658558929,0.97682156396788,0.16744730825626228,-5.20067257857281,True,False,False,False
hsa-miR-3653,-0.127386666666667,1.09231326494287,-0.18696,-0.18059,-0.01461,-1.07317640936061,0.312938868395924,0.97682156396788,0.15251300208776733,-5.20168889297916,True,False,False,False
hsa-miR-1273f,0.125036666666667,1.09053544870401,0.11982,0.18264,0.0726500000000001,1.07314188122575,0.312953491985293,0.97682156396788,0.059211631338227357,-5.2017212261491,True,False,False,False
hsa-mir-7108,0.126576666666667,1.0917001586465,0.136,0.20718,0.0365500000000001,1.07300703020116,0.313010610112609,0.97682156396788,0.12483782104265458,-5.20184749735016,True,False,False,False
hsa-miR-6841-3p,0.14833,1.10828582658831,0.12148,-0.10757,0.43108,1.07294326958683,0.313037619687498,0.97682156396788,0.44222474877700924,-5.20190719718265,False,False,False,False
hsa-miR-520d-3p,-0.131826666666667,1.0956801174914,0.0364099999999998,-0.18231,-0.24958,-1.07270133631398,0.313140121360447,0.97682156396788,0.26631809772897075,-5.20213369858553,False,False,False,False
hsa-miR-7109-3p,-0.17567,1.12948882736096,-0.12257,-0.61266,0.20822,-1.0713323006383,0.313928790117866,0.97682156396788,0.5379937270571348,-5.20326555216081,False,False,False,False
hsa-miR-26a-1-3p,0.12952,1.0939296786562,-0.0192600000000001,0.19903,0.20879,1.07011207569994,0.314238772991065,0.97682156396788,0.2240143723406199,-5.20455545645122,False,False,False,False
hsa-miR-4308,0.135293333333333,1.09831610420145,-0.02791,0.33354,0.10025,1.06992990927574,0.314316181204362,0.97682156396788,0.32931531597711006,-5.20472567664113,False,False,False,False
hsa-mir-548an,0.1347,1.09786449554523,0.26765,-0.0690999999999999,0.20555,1.0691235118254,0.314659023219385,0.97682156396788,0.3227139289414837,-5.20547893611328,False,False,False,False
hsa-miR-431-3p,0.125876666666667,1.09117059090993,0.17627,0.17089,0.03047,1.06862582981944,0.314870759400205,0.97682156396788,0.11870811962637615,-5.20594361500737,True,False,False,False
hsa-miR-548f-3p,-0.133506666666667,1.09695676620924,-0.30879,-0.12168,0.0299500000000001,-1.06853267757264,0.314910402859942,0.97682156396788,0.3061015583778225,-5.2060305723344,False,False,False,False
hsa-miR-6769a-3p,-0.165033333333333,1.12119198276464,-0.50152,-0.21634,0.22276,-1.06843863170521,0.314950430567973,0.97682156396788,0.5154087714392924,-5.20611835820525,False,False,False,False
hsa-miR-4327,-0.157486666666667,1.11534239554189,-0.52304,-0.05183,0.10241,-1.06839915900972,0.314967232077816,0.97682156396788,0.4906028715889472,-5.20615520177971,False,False,False,False
hsa-miR-4682,0.170766666666667,1.12565651409774,-0.26131,0.5035,0.27011,1.06857857173864,0.315098538146334,0.97682156396788,0.5292393641447817,-5.20583807471587,False,False,False,False
hsa-miR-6826-5p,-0.14474,1.10553139841345,-0.1357,-0.40153,0.10301,-1.06788566814943,0.315185862517058,0.97682156396788,0.4252424238846641,-5.20663439991475,False,False,False,False
hsa-miR-584-3p,0.153583333333333,1.1123288210287,0.20947,0.42702,-0.17574,1.06746319318044,0.315365829465254,0.97682156396788,0.475377804485203,-5.20702853359171,False,False,False,False
hsa-miR-141-3p,-0.147436666666667,1.10759977570713,-0.43582,0.09918,-0.10567,-1.06694938992478,0.315584808472348,0.97682156396788,0.44398730109702556,-5.20750771441095,False,False,False,False
hsa-miR-6503-5p,-0.128543333333333,1.09318936759725,-0.0246200000000001,-0.26336,-0.09765,-1.06683312811457,0.315634374782032,0.97682156396788,0.2103653575363654,-5.20761611843313,True,False,False,False
hsa-mir-3912,-0.138343333333333,1.10064050921528,-0.35906,0.06172,-0.11769,-1.06545805865133,0.316221072736252,0.97682156396788,0.3741431375383429,-5.2088975919655,False,False,False,False
hsa-mir-525,-0.14254,1.10384683201955,-0.41995,-0.0115099999999999,0.00384,-1.06532367360182,0.316278456000709,0.97682156396788,0.4123501971049517,-5.20902276469172,False,False,False,False
hsa-mir-4464,-0.13118,1.09518910517298,-0.27083,-0.15676,0.0340499999999999,-1.06363310182183,0.317001032829612,0.97682156396788,0.27817670141510065,-5.21059645194785,False,False,False,False
hsa-mir-3191,0.127746666666667,1.09258586714264,0.26593,0.05962,0.05769,1.06208248545334,0.317664918230129,0.97682156396788,0.20571694251756678,-5.21203824109863,True,False,False,False
hsa-mir-4265,0.129096666666667,1.09360873143796,-0.02657,0.19071,0.22315,1.06143823787246,0.317941065681503,0.97682156396788,0.2413608213498435,-5.2126368172905,False,False,False,False
hsa-miR-4298,-0.59921,1.51488680812824,-1.9668,-0.0634699999999997,0.23264,-1.15513312272128,0.318263295660719,0.97682156396788,0.47623131327015117,-5.10063648609598,False,False,False,False
hsa-miR-642b-3p,-0.13067,1.0948020187029,0.0020899999999999,-0.29795,-0.09615,-1.06040484817457,0.318384402602659,0.97682156396788,0.2771109394354184,-5.21359638928548,False,False,False,False
hsa-miR-597-5p,0.122806666666667,1.08885109030649,0.15215,0.13103,0.08524,1.05980397661862,0.318642404473332,0.97682156396788,0.02489689061879548,-5.21415402184472,True,False,False,False
hsa-miR-613,-0.123926666666667,1.08969672065684,-0.0860799999999999,-0.20067,-0.08503,-1.05938987622214,0.318820305080384,0.97682156396788,0.08397709612877857,-5.21453818754653,True,False,False,False
hsa-miR-130a-3p,-0.166556666666667,1.12237646811755,0.0175799999999997,0.0844399999999998,-0.60169,-1.05974607479494,0.318873395832108,0.97682156396788,0.5253941988272117,-5.21405655370866,False,False,False,False
hsa-miR-219a-1-3p,-0.154556666666667,1.11307952161913,-0.20783,-0.44185,0.18601,-1.05915094269453,0.318922987758259,0.97682156396788,0.48767258201550306,-5.21475979848297,False,False,False,False
hsa-miR-6077,0.127223333333333,1.09218960674581,0.19543,-0.0089399999999999,0.19518,1.0589373628452,0.319014796305435,0.97682156396788,0.202608553502618,-5.21495786261894,False,False,False,False
hsa-miR-483-3p,0.142633333333333,1.10391824630603,-0.0081799999999998,0.00763,0.42845,1.05775175128558,0.319524811209797,0.97682156396788,0.4235872948101841,-5.21605680757909,False,False,False,False
hsa-mir-611,0.150323333333333,1.10981817397026,0.46405,-0.12104,0.10796,1.05748874772897,0.319638033178158,0.97682156396788,0.47034262751867223,-5.21630046261104,False,False,False,False
hsa-miR-6720-5p,0.14743,1.10759465752121,0.30574,0.31159,-0.17504,1.05574010298467,0.320391608690066,0.97682156396788,0.4570626327284066,-5.21791932422965,False,False,False,False
hsa-miR-6849-5p,0.190773333333333,1.14137536771873,-0.26342,0.15021,0.68553,1.06098530446446,0.320410274172027,0.97682156396788,0.5591944721251182,-5.21139398038324,False,False,False,False
hsa-miR-1911-3p,0.131463333333333,1.09540421234637,0.07472,0.31967,0.0,1.05439424752809,0.320972539696285,0.97682156396788,0.3063948300178201,-5.21916394073899,False,False,False,False
hsa-mir-6795,0.13226,1.09600926954144,-0.0032599999999998,0.32908,0.0709599999999999,1.05418740270869,0.321061895381562,0.97682156396788,0.319546712935125,-5.21935512187767,False,False,False,False
hsa-mir-367,0.141973333333333,1.10341334444417,0.23535,-0.13769,0.32826,1.05403589228665,0.321127359168715,0.97682156396788,0.4237524245365537,-5.21949514128033,False,False,False,False
hsa-miR-5696,0.13412,1.09742321487995,-0.0823400000000001,0.21044,0.27426,1.05395833667489,0.321160872968121,0.97682156396788,0.34629619906589876,-5.21956680906471,False,False,False,False
hsa-mir-4287,0.146323333333333,1.10674536640163,0.4632,-0.01847,-0.0057599999999999,1.05348971139519,0.321363435768642,0.97682156396788,0.4533275970281326,-5.21999977434571,False,False,False,False
hsa-mir-2115,0.135846666666667,1.09873743473522,-0.09802,0.22657,0.27899,1.05335823997518,0.321420281916502,0.97682156396788,0.3683879769512969,-5.22012121582665,False,False,False,False
hsa-miR-6804-3p,-0.13259,1.09625999780852,-0.24884,0.0727800000000001,-0.22171,-1.0531588476314,0.32150651084213,0.97682156396788,0.3267999077220311,-5.22030537511316,False,False,False,False
hsa-miR-3646,0.160903333333333,1.11798693860504,-0.12811,0.55867,0.0521499999999999,1.05280440015497,0.321659838884735,0.97682156396788,0.5157700110947648,-5.22063267991626,False,False,False,False
hsa-mir-6861,-0.145986666666667,1.10648712693259,0.1668,-0.26251,-0.34225,-1.05188998944962,0.322055658910121,0.97682156396788,0.4532357624017214,-5.22147669013047,False,False,False,False
hsa-miR-497-3p,-0.12164,1.08797092316375,-0.09125,-0.13262,-0.14105,-1.05115869836214,0.32237248319196,0.97682156396788,0.015630439460796088,-5.22215128755455,True,False,False,False
hsa-miR-331-5p,0.218283333333333,1.16334849110353,-0.0856399999999999,-0.11969,0.86018,1.06437054505215,0.322650673605824,0.97682156396788,0.5667621197308681,-5.205582633772,False,False,False,False
hsa-miR-33a-5p,0.163153333333333,1.11973189031065,-0.20663,0.1632,0.53289,1.05001858238903,0.322866907304172,0.97682156396788,0.5245733067900997,-5.22320232082295,False,False,False,False
hsa-miR-1273g-5p,0.12338,1.08928389049543,0.03928,0.13937,0.19149,1.04997698293285,0.322884958453359,0.97682156396788,0.10985454060134923,-5.22324065390027,True,False,False,False
hsa-mir-614,0.12554,1.09091598553946,0.0897500000000001,0.03573,0.25114,1.04879421896925,0.323398518691535,0.97682156396788,0.19190115517374604,-5.22433007545609,True,False,False,False
hsa-mir-4308,-0.139363333333333,1.10141894834812,-0.25745,0.1306,-0.29124,-1.04815285909593,0.323677263124244,0.97682156396788,0.4113584657642556,-5.22492043834519,False,False,False,False
hsa-mir-3120,-0.127893333333333,1.09269694680143,-0.0165599999999999,-0.28633,-0.0807899999999999,-1.04757467075694,0.323928711277256,0.97682156396788,0.2565770239552906,-5.22545242257255,True,False,False,False
hsa-miR-4639-5p,-0.14699,1.10725690953764,0.15209,-0.41314,-0.17992,-1.04690548678845,0.324219920747901,0.97682156396788,0.4646788869208721,-5.22606785822061,False,False,False,False
hsa-mir-6721,-0.125296666666667,1.09073200082322,-0.25701,-0.0616099999999999,-0.0572700000000002,-1.04545004129385,0.324853986044489,0.97682156396788,0.19748530030339306,-5.22740539295746,True,False,False,False
hsa-miR-6770-3p,0.16997,1.12503508999855,-0.12402,0.0,0.63393,1.04478105047327,0.325349214507058,0.97682156396788,0.5442405701986934,-5.22786621372447,False,False,False,False
hsa-mir-4762,-0.17657,1.13019365898307,-0.56949,-0.2484,0.28818,-1.04609114623269,0.325392032625207,0.97682156396788,0.5534612863225855,-5.2262012403347,False,False,False,False
hsa-miR-378j,-0.130723333333333,1.0948424919274,0.0295100000000001,-0.10913,-0.31255,-1.04411716819974,0.325435491332737,0.97682156396788,0.31876635973229495,-5.22862906962555,False,False,False,False
hsa-mir-4254,0.130003333333333,1.09429622961897,0.09383,-0.01535,0.31153,1.04339582278396,0.325750534108535,0.97682156396788,0.30868401918339006,-5.22929083320545,False,False,False,False
hsa-mir-6837,-0.15039,1.10986945964442,-0.50271,-0.0097499999999999,0.0612900000000001,-1.04290855398366,0.325963478472487,0.97682156396788,0.4857460865050455,-5.22973766151421,False,False,False,False
hsa-miR-19a-3p,-0.15916,1.11663679409902,0.08507,-0.56764,0.00509,-1.04147873776491,0.326588950445825,0.97682156396788,0.5197345346449858,-5.23104791246927,False,False,False,False
hsa-miR-4696,0.127936666666667,1.09272976795268,0.28047,-0.02023,0.12357,1.04033873030719,0.327088307696534,0.97682156396788,0.27855601684462783,-5.23209162786704,False,False,False,False
hsa-mir-5692c-2,-0.141513333333333,1.10306157971643,-0.43316,-0.0366200000000001,0.04524,-1.04013211183591,0.3271788756257,0.97682156396788,0.4391794130536116,-5.23228070268791,False,False,False,False
hsa-miR-380-3p,-0.122326666666667,1.08848887821536,-0.0269200000000001,-0.18547,-0.15459,-1.03780504210805,0.328200242655998,0.97682156396788,0.1278819671914543,-5.23440824619707,True,False,False,False
hsa-mir-577,0.121,1.08748839085488,0.09352,0.0823,0.18718,1.03767688723386,0.328256561869517,0.97682156396788,0.0679027593922802,-5.23452530937372,True,False,False,False
hsa-mir-8074,0.126736666666667,1.0918212387824,0.0524800000000001,0.0357799999999999,0.29195,1.03622438127197,0.328895402593345,0.97682156396788,0.26529637853813026,-5.23585134598862,True,False,False,False
hsa-mir-4535,0.124926666666667,1.09045230270096,0.2652,0.07602,0.0335599999999999,1.03613118514503,0.32893642467693,0.97682156396788,0.22141703506322827,-5.23593638008487,True,False,False,False
hsa-mir-122,0.122103333333333,1.08832039005426,0.0652600000000001,0.0823,0.21875,1.03587256788977,0.329050280668521,0.97682156396788,0.12845357143020278,-5.23617231788508,True,False,False,False
hsa-mir-6876,0.153053333333333,1.11192026205838,0.35274,-0.22703,0.33345,1.03405970373968,0.329849242270642,0.97682156396788,0.5052979698038773,-5.23782496406922,False,False,False,False
hsa-mir-5706,-0.122766666666667,1.08882090136247,-0.0098199999999999,-0.17147,-0.18701,-1.03402578706789,0.329864204132983,0.97682156396788,0.16255086385886805,-5.23785586256761,True,False,False,False
hsa-mir-1537,0.144486666666667,1.10533728714379,0.37686,0.2228,-0.1662,1.03397259792999,0.329887668821468,0.97682156396788,0.46557938272178895,-5.23790431698586,False,False,False,False
hsa-miR-3921,0.285616666666667,1.21893117320698,0.68602,-0.51538,0.68621,1.07161052250232,0.329943502696779,0.97682156396788,0.5497349845441757,-5.1915047764567,False,False,False,False
hsa-miR-7156-5p,0.122196666666667,1.0883907998447,0.02657,0.20436,0.13566,1.03384407135971,0.329944374331727,0.97682156396788,0.14215460430276097,-5.23802139483658,True,False,False,False
hsa-miR-651-5p,-0.133776666666667,1.09716208059312,-0.15166,0.08229,-0.33196,-1.03379160969726,0.329967522398701,0.97682156396788,0.38066765393839447,-5.23806918025269,False,False,False,False
hsa-mir-1278,-0.123463333333333,1.08934681181745,-0.20981,-0.16027,-0.00031,-1.03307796095996,0.330282534981155,0.97682156396788,0.19004472819258528,-5.23871903626324,True,False,False,False
hsa-miR-302d-5p,-0.144713333333333,1.10551096404305,-0.40036,0.15794,-0.19172,-1.03297661207247,0.330327290226028,0.97682156396788,0.4680109031384963,-5.23881129832822,False,False,False,False
hsa-mir-1180,-0.121536666666667,1.08789299981004,-0.03346,-0.19175,-0.1394,-1.03275524908263,0.330425059375802,0.97682156396788,0.12074493289011841,-5.23901279056059,True,False,False,False
hsa-miR-3928-3p,0.120456666666667,1.087078908999,0.17943,0.0609299999999999,0.12101,1.03243383218663,0.330567058739339,0.97682156396788,0.07204578192181207,-5.23930529763897,True,False,False,False
hsa-mir-5009,0.123793333333333,1.08959601594918,0.14438,0.227,0.0,1.03238365478674,0.330589230928833,0.97682156396788,0.20298803155394715,-5.2393509556717,False,False,False,False
hsa-mir-3126,-0.148476666666667,1.10839850241102,0.20248,-0.34951,-0.2984,-1.03224863877082,0.330648896931796,0.97682156396788,0.4879079190918712,-5.23947380282616,False,False,False,False
hsa-miR-5586-3p,-0.12069,1.08725474120986,-0.10902,-0.19094,-0.0621099999999999,-1.03221620759296,0.330663230082054,0.97682156396788,0.08506107713650718,-5.23950330921782,True,False,False,False
hsa-miR-4745-5p,0.204903333333333,1.15260911452817,-0.0927300000000004,0.8152,-0.10776,1.04326916993151,0.330703948071918,0.97682156396788,0.5711160540650446,-5.22570746338394,False,False,False,False
hsa-miR-4480,0.124216666666667,1.08991578553429,0.16848,-0.01256,0.21673,1.03191403810817,0.330796798571325,0.97682156396788,0.2170691001307783,-5.23977819429029,False,False,False,False
hsa-mir-499a,0.14025,1.10209607802782,0.39939,-0.11027,0.13163,1.03189270476175,0.330806230150038,0.97682156396788,0.44122811494392417,-5.23979759905809,False,False,False,False
hsa-mir-150,-0.13957,1.10157673837358,-0.0651400000000002,-0.41897,0.0653999999999999,-1.03172588866618,0.330879987487419,0.97682156396788,0.4365213928899057,-5.23994932425064,False,False,False,False
hsa-miR-3150a-5p,-0.12289,1.08891398662827,-0.0337500000000002,-0.09765,-0.23727,-1.0315853391992,0.330942140885175,0.97682156396788,0.17750794526158817,-5.24007714471448,True,False,False,False
hsa-miR-101-3p,-0.130026666666667,1.09431392829018,0.0779700000000001,-0.23543,-0.23262,-1.03117367020318,0.331124239520678,0.97682156396788,0.3376629161887224,-5.24045145526954,False,False,False,False
hsa-miR-362-3p,0.138026666666667,1.1003989488696,-0.07467,0.39976,0.0889899999999999,1.03091298308537,0.331239592191208,0.97682156396788,0.4257239176408318,-5.24068842734787,False,False,False,False
hsa-miR-6823-3p,0.12736,1.09229307489321,0.3017,0.0,0.0803800000000001,1.03083355815113,0.331274743425805,0.97682156396788,0.29347525639598776,-5.24076061795173,False,False,False,False
hsa-miR-6821-5p,0.147536666666667,1.10767655133411,0.15803,0.44462,-0.16004,1.0287545590166,0.332195866857024,0.97682156396788,0.487143752943151,-5.24264876726749,False,False,False,False
hsa-miR-1252-5p,-0.131596666666667,1.09550545387017,0.0945900000000002,-0.26001,-0.22937,-1.02801075745428,0.332525892328285,0.97682156396788,0.365785240287769,-5.24332359258166,False,False,False,False
hsa-mir-1252,0.154963333333333,1.11339332053625,0.33691,0.3705,-0.24252,1.02796862976038,0.332544591935004,0.97682156396788,0.517615966438236,-5.24336180258918,False,False,False,False
hsa-miR-4741,-0.20094,1.14944704288199,-0.79161,0.19003,-0.0012400000000001,-1.03762942625512,0.332711169042837,0.97682156396788,0.5724872219872781,-5.23118572440061,False,False,False,False
hsa-miR-4520b-3p,-0.122063333333333,1.08829021582417,-0.07803,-0.05183,-0.23633,-1.0271340241478,0.332915221958367,0.97682156396788,0.16835267460548803,-5.24411855073895,True,False,False,False
hsa-mir-4447,0.118696666666667,1.08575354759519,0.14203,0.0976299999999999,0.11643,1.02637145864311,0.333254136827375,0.97682156396788,0.01154824323104513,-5.24480957468856,True,False,False,False
hsa-mir-6872,-0.13792,1.10031759311143,-0.41453,-0.04867,0.0494400000000002,-1.02623870636667,0.333313164258605,0.97682156396788,0.4316272297788756,-5.244929833065,False,False,False,False
hsa-mir-595,-0.173216666666667,1.12756973998378,0.07982,0.0737400000000001,-0.67321,-1.02661260203986,0.333950245389693,0.97682156396788,0.5600389360561417,-5.24396577291944,False,False,False,False
hsa-miR-10a-3p,0.14357,1.1046351955778,0.21952,-0.16874,0.37993,1.02480703511213,0.333950255752063,0.97682156396788,0.47104427070582766,-5.2462260188392,False,False,False,False
hsa-mir-1182,0.131276666666667,1.0952624899314,-0.0704499999999999,0.3253,0.13898,1.02404474009571,0.33428985544,0.97682156396788,0.36960663322347215,-5.24691561809253,False,False,False,False
hsa-miR-7852-3p,0.131443333333333,1.0953890269248,0.32881,0.13572,-0.0702,1.02382673816594,0.334387023029297,0.97682156396788,0.3720922948214344,-5.24711275927273,False,False,False,False
hsa-miR-6787-5p,-0.483626666666667,1.39825420275996,-1.68093,0.0131100000000002,0.21694,-1.0993083186926,0.334639753313285,0.97682156396788,0.5057790440946841,-5.15517968410084,False,False,False,False
hsa-miR-506-3p,0.124593333333333,1.09020038382517,-0.02763,0.23953,0.16188,1.02318433485447,0.334673479845631,0.97682156396788,0.2569287357106895,-5.24769350651105,False,False,False,False
hsa-mir-6843,0.123303333333333,1.08922600608906,-0.0157600000000002,0.22164,0.16403,1.02231855533414,0.335059839810929,0.97682156396788,0.22672432362864212,-5.24847575587929,False,False,False,False
hsa-mir-3173,-0.12979,1.09413442646843,-0.34614,-0.0112400000000001,-0.03199,-1.02229590380422,0.335069952779673,0.97682156396788,0.3536372677486671,-5.24849621528843,True,False,False,False
hsa-mir-3622b,-0.12193,1.08818964109915,-0.17024,-0.19555,0.0,-1.02216831556449,0.335126919991324,0.97682156396788,0.18545097074131658,-5.2486114496783,False,False,False,False
hsa-miR-940,-0.118543333333333,1.08563815705239,-0.0805100000000001,-0.11567,-0.15945,-1.02182719850832,0.33527926256581,0.97682156396788,0.035155857397000334,-5.24891948444427,True,False,False,False
hsa-mir-3193,-0.128483333333333,1.09314390407497,-0.1258,-0.30701,0.0473600000000001,-1.02160189579077,0.335379911547204,0.97682156396788,0.3359945772989376,-5.24912289424111,False,False,False,False
hsa-miR-6832-5p,0.131543333333333,1.09546495613784,-0.0878299999999999,0.31272,0.16974,1.02121125079515,0.335554478176483,0.97682156396788,0.378330134952893,-5.24947549954793,False,False,False,False
hsa-mir-6753,-0.141276666666667,1.10288064300537,-0.15309,-0.40626,0.13552,-1.02105886688303,0.335622592423257,0.97682156396788,0.46197317703935914,-5.24961301721867,False,False,False,False
hsa-miR-4707-5p,0.12972,1.09408134002282,0.26262,-0.0859299999999994,0.21247,1.02100791749077,0.335645368699881,0.97682156396788,0.3554074640117596,-5.24965899264224,False,False,False,False
hsa-miR-1304-5p,-0.1409,1.10259273451561,-0.29764,-0.29663,0.17157,-1.01887876812209,0.336598232575664,0.97682156396788,0.4623223336860084,-5.25157873230608,False,False,False,False
hsa-miR-8070,-0.119116666666667,1.08606968015383,-0.0677899999999999,-0.19412,-0.0954400000000002,-1.01829258654115,0.33686092974821,0.97682156396788,0.08986219982266767,-5.25210672884238,True,False,False,False
hsa-let-7g-3p,-0.148123333333333,1.10812707555199,0.21418,-0.35474,-0.30381,-1.01806282459882,0.336963940143339,0.97682156396788,0.5006896373600673,-5.25231362165413,False,False,False,False
hsa-mir-5047,-0.1407,1.10243989330095,-0.42757,0.11286,-0.10739,-1.01613135937862,0.337830833460022,0.97682156396788,0.46447561177885405,-5.25405144321048,False,False,False,False
hsa-miR-3155b,0.119273333333333,1.08618762618585,0.20126,0.05287,0.10369,1.01589202151758,0.337938372869908,0.97682156396788,0.1114204175357642,-5.25426661167326,True,False,False,False
hsa-miR-1250-5p,-0.13296,1.09654118558917,0.06337,-0.0929300000000001,-0.36932,-1.01587767021214,0.337944822034,0.97682156396788,0.4034908711936566,-5.25427951250018,False,False,False,False
hsa-mir-6736,-0.13248,1.09617641534705,-0.2653,-0.24842,0.11628,-1.01578998449492,0.337984228120902,0.97682156396788,0.39868231702652324,-5.25435833287171,False,False,False,False
hsa-mir-219a-2,-0.1354,1.09839731197266,0.11477,-0.35652,-0.16445,-1.01558737380112,0.338075295037385,0.97682156396788,0.42667330501651857,-5.25454043917174,False,False,False,False
hsa-miR-4537,0.12217,1.08837068229691,0.10302,0.25168,0.0118100000000001,1.01478279980687,0.338437109243768,0.97682156396788,0.22262687484936866,-5.25526331782768,True,False,False,False
hsa-mir-921,0.12904,1.09356577714572,0.28692,0.18209,-0.08189,1.01414578061963,0.338723783578004,0.97682156396788,0.3605971523323945,-5.2558353469375,False,False,False,False
hsa-miR-4433b-3p,-0.127056666666667,1.09206343934258,-0.32314,-0.0635000000000003,0.0054699999999998,-1.01374543539674,0.338904043308876,0.97682156396788,0.33184075373049965,-5.25619470870322,False,False,False,False
hsa-miR-5692a,0.12444,1.09008452068631,0.11193,-0.0188199999999998,0.28021,1.01229482959502,0.33955780529643,0.97682156396788,0.28706957593729854,-5.25749591391543,False,False,False,False
hsa-mir-6499,-0.123306666666667,1.08922852273842,-0.0625200000000001,-0.02522,-0.28218,-1.01156139981456,0.339888713616922,0.97682156396788,0.26384779815133114,-5.25815326811273,True,False,False,False
hsa-miR-3942-5p,-0.128846666666667,1.09341923990442,-0.3482,-0.0448299999999999,0.0064899999999998,-1.01107383489683,0.340108828368417,0.97682156396788,0.3644336056956092,-5.25859005978005,False,False,False,False
hsa-miR-6875-5p,-0.1179,1.08515415212082,-0.06924,-0.18243,-0.10203,-1.0108697297824,0.340201005267624,0.97682156396788,0.07259225759619153,-5.25877286263231,True,False,False,False
hsa-miR-4252,0.132656666666667,1.09631065694743,0.38051,-0.0483499999999999,0.0658099999999999,1.0104762328887,0.340378767864521,0.97682156396788,0.40960089022408475,-5.25912521148718,False,False,False,False
hsa-mir-6131,-0.135513333333333,1.09848360180859,-0.19227,0.13061,-0.34488,-1.01021767376944,0.340495610595078,0.97682156396788,0.435636920914592,-5.25935667628743,False,False,False,False
hsa-mir-514a-1,-0.117663333333333,1.08497615278978,-0.05396,-0.14643,-0.1526,-1.00983514554172,0.340668530763738,0.97682156396788,0.06628346779990756,-5.25969903695171,True,False,False,False
hsa-mir-514a-2,-0.117663333333333,1.08497615278978,-0.05396,-0.14643,-0.1526,-1.00983514554172,0.340668530763738,0.97682156396788,0.06628346779990756,-5.25969903695171,True,False,False,False
hsa-mir-514a-3,-0.117663333333333,1.08497615278978,-0.05396,-0.14643,-0.1526,-1.00983514554172,0.340668530763738,0.97682156396788,0.06628346779990756,-5.25969903695171,True,False,False,False
hsa-miR-6514-3p,0.125923333333333,1.09120588743233,0.12148,0.29599,-0.0397000000000001,1.00938453289679,0.340872313714279,0.97682156396788,0.3234996210243488,-5.26010220636136,False,False,False,False
hsa-miR-8082,-0.12716,1.09214166141559,-0.0506800000000001,0.0021199999999999,-0.33292,-1.00843735294367,0.341300963594381,0.97682156396788,0.34598457292915047,-5.26094921536541,False,False,False,False
hsa-mir-1279,0.128586666666667,1.09322220353927,-0.0648799999999998,0.12921,0.32143,1.00765177995635,0.341656787824001,0.97682156396788,0.3680866785244959,-5.26165124956987,False,False,False,False
hsa-mir-4766,0.130233333333333,1.09447070044565,-0.02884,0.36358,0.05596,1.00761114902212,0.34167519920202,0.97682156396788,0.3886807296376512,-5.26168754843859,False,False,False,False
hsa-mir-4277,-0.12299,1.08898946701016,-0.26746,0.0143800000000001,-0.11589,-1.00730928542801,0.341812008318602,0.97682156396788,0.2700692165828413,-5.26195719248906,False,False,False,False
hsa-mir-7112-1,0.135726666666667,1.09864604812533,0.39261,-0.1006,0.11517,1.00697041500364,0.341965638979371,0.97682156396788,0.44205231483692736,-5.26225982015901,False,False,False,False
hsa-mir-7112-2,0.135726666666667,1.09864604812533,0.39261,-0.1006,0.11517,1.00697041500364,0.341965638979371,0.97682156396788,0.44205231483692736,-5.26225982015901,False,False,False,False
hsa-miR-487a-5p,0.132573333333333,1.09624733338956,0.16884,-0.10845,0.33733,1.00676412622816,0.342059187917264,0.97682156396788,0.41497822661442274,-5.26244400804854,False,False,False,False
hsa-mir-3160-1,-0.118883333333333,1.08589403959254,-0.18283,-0.15524,-0.01858,-1.00667329489186,0.342100384750157,0.97682156396788,0.1440482275880174,-5.26252509899805,True,False,False,False
hsa-mir-6084,0.122296666666667,1.08846624396079,0.26403,-0.0042999999999999,0.10716,1.00624135905484,0.34229634206093,0.97682156396788,0.25670557460510385,-5.26291063953191,False,False,False,False
hsa-mir-3171,-0.116043333333333,1.08375851853624,-0.11165,-0.1243,-0.11218,-1.00475182155108,0.34297275652664,0.97682156396788,0.0012649709202385542,-5.26423921518303,True,False,False,False
hsa-mir-4301,0.12806,1.09282318739455,-0.09304,0.25183,0.22539,1.00467258756716,0.343008765849153,0.97682156396788,0.3672362702878943,-5.26430984499802,False,False,False,False
hsa-mir-3914-1,0.141066666666667,1.10272011838099,0.46262,-0.07741,0.03799,1.00433086930748,0.343164098725336,0.97682156396788,0.480788346555413,-5.26461440677508,False,False,False,False
hsa-mir-759,-0.123003333333333,1.08899953145638,-0.11161,0.01664,-0.27404,-1.00389831382352,0.343360799342208,0.97682156396788,0.281127115002725,-5.26499981536775,False,False,False,False
hsa-miR-764,0.119566666666667,1.08640849575363,0.02241,0.22935,0.10694,1.00370835619363,0.343447207797078,0.97682156396788,0.18481353315537224,-5.26516902833309,True,False,False,False
hsa-miR-4775,-0.120773333333333,1.08731754532024,-0.10598,-0.00855,-0.24779,-1.00369190846351,0.343454690360747,0.97682156396788,0.2241990687855568,-5.2651836787104,True,False,False,False
hsa-mir-4708,0.121043333333333,1.08752105555763,0.26214,0.0737399999999999,0.02725,1.00320502046193,0.343676246163073,0.97682156396788,0.23393123465964485,-5.26561727827519,True,False,False,False
hsa-miR-643,-0.13703,1.0996390154273,-0.39836,-0.1422,0.12947,-0.998260675683447,0.345932272759662,0.97682156396788,0.4634506020096864,-5.27001137691617,False,False,False,False
hsa-mir-3915,-0.122216666666667,1.08840588824957,0.0379400000000001,-0.16062,-0.24397,-0.998126290222845,0.345993746554483,0.97682156396788,0.28132536144917564,-5.27013057520725,False,False,False,False
hsa-mir-1249,-0.1263,1.091490822594,-0.0301799999999999,-0.33912,-0.0096,-0.997594582859644,0.346237053681067,0.97682156396788,0.35771920374996785,-5.27060207285536,True,False,False,False
hsa-mir-6755,0.1161,1.08380108760808,0.06176,0.16682,0.11972,0.99724252681586,0.346398224164466,0.97682156396788,0.062164134184256314,-5.27091415681787,True,False,False,False
hsa-mir-30e,0.127526666666667,1.09241926882652,-0.07894,0.15197,0.30955,0.997241337680278,0.346398768644079,0.97682156396788,0.37561801997384414,-5.27091521079735,False,False,False,False
hsa-mir-522,0.138936666666667,1.10109325979002,-0.04159,0.4584,0.0,0.996990519795473,0.346513627199691,0.97682156396788,0.47717936134802097,-5.27113749943905,False,False,False,False
hsa-miR-369-3p,-0.12447,1.09010718859235,0.0664100000000001,-0.18243,-0.25739,-0.996358196584521,0.34680331838229,0.97682156396788,0.3312978854452388,-5.27169770912509,False,False,False,False
hsa-mir-548ae-2,-0.161083333333333,1.11812643461607,0.12611,0.0103200000000001,-0.61968,-0.996478451533833,0.346942772433046,0.97682156396788,0.5588625879541859,-5.27143253189756,False,False,False,False
hsa-miR-5691,0.122783333333333,1.08883347998743,0.29302,0.08158,-0.0062499999999998,0.995718934669697,0.347096374175826,0.97682156396788,0.30096339489130036,-5.27226378948291,False,False,False,False
hsa-mir-423,0.12467,1.0902583200126,0.29304,-0.0530999999999997,0.13407,0.994718550408706,0.347555353528501,0.97682156396788,0.3388379462839209,-5.27314909286027,False,False,False,False
hsa-mir-3662,-0.12513,1.0906060017995,0.0093399999999999,-0.32642,-0.0583100000000001,-0.994609573830349,0.347605379945131,0.97682156396788,0.34664067607385557,-5.27324549193859,False,False,False,False
hsa-miR-656-5p,0.117083333333333,1.08454005252379,0.0785100000000001,0.06171,0.21103,0.994383165208657,0.347709331671259,0.97682156396788,0.13136940339267097,-5.27344574379056,True,False,False,False
hsa-mir-374b,-0.1222,1.08839331456432,0.0256799999999999,-0.27448,-0.1178,-0.993900222339543,0.34793114510543,0.97682156396788,0.29398976404777055,-5.27387277593233,False,False,False,False
hsa-mir-3154,-0.12723,1.09219465374512,-0.1193,-0.32776,0.0653699999999999,-0.99370747352794,0.348019703517877,0.97682156396788,0.37901442759925236,-5.27404316562563,False,False,False,False
hsa-mir-1205,-0.129096666666667,1.09360873143796,-0.0478400000000001,-0.37138,0.03193,-0.991845528934961,0.348876048358345,0.97682156396788,0.4050092889869236,-5.27568781658893,False,False,False,False
hsa-miR-1264,-0.1154,1.08327535159503,-0.12492,-0.16059,-0.0606900000000001,-0.991826625922313,0.348884750354417,0.97682156396788,0.058572545190108134,-5.27570450143253,True,False,False,False
hsa-miR-516b-5p,0.163083333333333,1.11967756189848,0.46112,0.33905,-0.31092,0.992137705974762,0.348935304920205,0.97682156396788,0.5663340865969309,-5.27527094019369,False,False,False,False
hsa-mir-3153,-0.17223,1.12679885279171,-0.15157,-0.63406,0.26894,-0.993591649078045,0.349346848496678,0.97682156396788,0.576995259082778,-5.27310291329642,False,False,False,False
hsa-mir-5693,0.119833333333333,1.08660932524319,0.0106900000000001,0.2608,0.0880099999999999,0.990686839155063,0.349409752887105,0.97682156396788,0.24649850514137303,-5.27671008892571,True,False,False,False
hsa-mir-4465,0.116793333333333,1.08432206812825,0.02552,0.13211,0.19275,0.990572915032528,0.349462260680364,0.97682156396788,0.1394314280640434,-5.27681055072064,True,False,False,False
hsa-miR-6772-5p,-0.14085,1.10255452222552,0.13926,-0.44988,-0.11193,-0.989936037777418,0.349755907713543,0.97682156396788,0.4960137942379237,-5.27737200513595,False,False,False,False
hsa-miR-370-5p,-0.114423333333333,1.08254225079493,-0.10917,-0.13989,-0.0942100000000001,-0.989286373634131,0.350055641652389,0.97682156396788,0.013528722579432084,-5.27794444618134,True,False,False,False
hsa-mir-6792,0.147023333333333,1.10728249290002,0.53103,-0.0579699999999999,-0.03199,0.989180631494263,0.350104445917644,0.97682156396788,0.5241412928273422,-5.27803759181791,False,False,False,False
hsa-miR-211-5p,-0.121456666666667,1.08783267588534,-0.27588,-0.10874,0.0202499999999999,-0.989132888133764,0.35012648308209,0.97682156396788,0.2922287720816951,-5.27807964525521,False,False,False,False
hsa-miR-649,0.12393,1.08969923839378,0.194,-0.07318,0.25097,0.988985549997437,0.350194497329499,0.97682156396788,0.3406276259885554,-5.278209414195,False,False,False,False
hsa-miR-6862-3p,-0.12286,1.0888913435339,-0.30879,-0.05582,-0.00397,-0.988823323780437,0.350269395705438,0.97682156396788,0.32190470698208185,-5.27835227870605,True,False,False,False
hsa-miR-520f-5p,-0.135746666666667,1.09866127869911,-0.44104,0.02918,0.0046199999999998,-0.988118800721367,0.350594807358905,0.97682156396788,0.4680881851887736,-5.27897250777754,False,False,False,False
hsa-mir-1227,0.160723333333333,1.11784745999736,0.26903,-0.28866,0.5018,0.988366802777104,0.350673254379505,0.97682156396788,0.5639130405760695,-5.27859502779382,False,False,False,False
hsa-miR-6815-5p,-0.142166666666667,1.10356122106972,-0.40436,-0.21587,0.19373,-0.987491580002308,0.350884705049397,0.97682156396788,0.5051773088626874,-5.27952439731338,False,False,False,False
hsa-miR-4684-3p,-0.122186666666667,1.0883832557207,-0.20815,0.0604200000000001,-0.21883,-0.9873612502879,0.350944965266172,0.97682156396788,0.3128766338424852,-5.27963904017967,False,False,False,False
hsa-miR-1301-5p,0.11834,1.08548515807218,0.13067,0.22657,-0.00222,0.986904826795075,0.351156061928142,0.97682156396788,0.2163517759310528,-5.28004043544998,False,False,False,False
hsa-miR-4423-5p,-0.14043,1.10223359126822,-0.11075,-0.45014,0.1396,-0.986579259690711,0.351306695558763,0.97682156396788,0.49758744089242435,-5.28032666358945,False,False,False,False
hsa-miR-617,0.14245,1.10377797261866,-0.0793899999999998,0.4945,0.01224,0.986545177965777,0.351322467322587,0.97682156396788,0.5075058609002387,-5.28035662294282,False,False,False,False
hsa-miR-3675-5p,-0.182106666666667,1.13453936479633,-0.70542,-0.1058,0.2649,-0.991969278093062,0.351364464810799,0.97682156396788,0.5854723003820455,-5.27349165707118,False,False,False,False
hsa-miR-3150a-3p,0.114506666666667,1.08260478269332,0.06447,0.11776,0.16129,0.984757045729583,0.352150694881246,0.97682156396788,0.05490315946581161,-5.2819273525287,True,False,False,False
hsa-miR-514b-3p,-0.119683333333333,1.08649635408769,-0.27057,-0.07788,-0.0105999999999999,-0.984647886273989,0.352201302808455,0.97682156396788,0.2642624064789558,-5.28202316917039,True,False,False,False
hsa-miR-127-3p,0.13974,1.1017065503394,0.475750000000001,-0.0665500000000003,0.0100199999999999,0.984552021200811,0.352245751765609,0.97682156396788,0.4962673595518229,-5.28210730968066,False,False,False,False
hsa-mir-3202-2,0.128066666666667,1.09282823732162,0.23833,0.26331,-0.11744,0.9845193356155,0.352260907779952,0.97682156396788,0.407008727449179,-5.28213599628515,False,False,False,False
hsa-mir-1245b,-0.142363333333333,1.1037116676258,0.18228,-0.17365,-0.43572,-0.983780619073491,0.35260357455491,0.97682156396788,0.5099963920587268,-5.28278413730615,False,False,False,False
hsa-mir-617,0.12312,1.08908759932863,0.29674,-0.0501799999999999,0.1228,0.982180987143135,0.353346448962143,0.97682156396788,0.34393126006179775,-5.28418634895985,False,False,False,False
hsa-mir-8065,-0.129416666666667,1.09385132852067,-0.12075,0.0919299999999998,-0.35943,-0.982073139792737,0.35339657581633,0.97682156396788,0.42547004332275973,-5.28428082285464,False,False,False,False
hsa-miR-1180-3p,-0.12723,1.09219465374512,0.0338600000000007,-0.36467,-0.0508800000000003,-0.981031152323456,0.353881160360611,0.97682156396788,0.40401551927702234,-5.28519318763307,False,False,False,False
hsa-mir-5094,0.139793333333333,1.1017472788143,0.44133,0.13061,-0.15256,0.98090042608351,0.353941990763812,0.97682156396788,0.5006379735179955,-5.28530759879469,False,False,False,False
hsa-mir-5087,0.114943333333333,1.08293250889901,0.19931,0.06805,0.0774699999999999,0.979929917183776,0.354393839339668,0.97682156396788,0.11281332618686933,-5.28615661657038,True,False,False,False
hsa-miR-6767-3p,0.159586666666667,1.11696708022525,0.62432,-0.13766,-0.0078999999999998,0.979626663242212,0.354726467323945,0.97682156396788,0.5676772568163408,-5.28626211556575,False,False,False,False
hsa-mir-940,-0.14558,1.10617527445796,-0.48176,0.18466,-0.13964,-0.978960598053237,0.354845564936166,0.97682156396788,0.528247943290385,-5.28700394516691,False,False,False,False
hsa-mir-4417,-0.345623333333333,1.27069988475689,-1.30093,0.25451,0.0095499999999999,-1.02973958693547,0.354917653593835,0.97682156396788,0.5484118570469518,-5.223948267513,False,False,False,False
hsa-miR-6743-3p,0.186313333333333,1.1378523267664,0.18068,-0.31762,0.69588,0.985904649490293,0.355017655168342,0.97682156396788,0.5894284988316353,-5.27811073144754,False,False,False,False
hsa-miR-3148,-0.128116666666667,1.09286611251852,0.01491,-0.38086,-0.0184,-0.978466382389689,0.355076046899718,0.97682156396788,0.4184823630731535,-5.28743571335347,False,False,False,False
hsa-miR-4802-3p,-0.13878,1.10097369519754,-0.47534,0.0,0.0590000000000002,-0.978399025088492,0.355107468260302,0.97682156396788,0.4981623451651172,-5.28749454654996,False,False,False,False
hsa-mir-920,0.12344,1.08932919348093,0.27407,-0.07714,0.17339,0.978307507562833,0.355150163404607,0.97682156396788,0.35863867807328353,-5.28757447746134,False,False,False,False
hsa-mir-4725,-0.11746,1.08482324710583,0.0163800000000001,-0.16606,-0.2027,-0.978034017740484,0.355277775922554,0.97682156396788,0.2251070626766195,-5.28781330752554,False,False,False,False
hsa-miR-6739-3p,0.14157,1.10310490699537,0.22861,-0.2031,0.3992,0.978006499870607,0.355290617877664,0.97682156396788,0.512380779273724,-5.28783733515612,False,False,False,False
hsa-mir-378a,-0.121793333333333,1.0880865616521,-0.20529,0.0692299999999999,-0.22932,-0.977956890061722,0.355313770508352,0.97682156396788,0.3313185521901873,-5.28788065136507,False,False,False,False
hsa-miR-3616-3p,-0.137083333333333,1.09967966746848,0.06368,-0.46077,-0.01416,-0.977504334814869,0.355525027709556,0.97682156396788,0.48978701323129453,-5.28827571605632,False,False,False,False
hsa-miR-6886-5p,-0.12827,1.09298227130782,0.0034899999999999,-0.38444,-0.0038599999999999,-0.97728788612146,0.355626101271171,0.97682156396788,0.422147002842962,-5.28846461807339,False,False,False,False
hsa-miR-4680-5p,-0.127556666666667,1.09244198528279,0.0602199999999999,-0.0781000000000001,-0.36479,-0.976882240620988,0.355815580630998,0.97682156396788,0.4153404783244127,-5.28881855127936,False,False,False,False
hsa-miR-29b-1-5p,-0.172773333333333,1.12722329639155,0.36229,-0.4384,-0.44221,-0.979959976261289,0.355971453555612,0.97682156396788,0.5846115880820892,-5.28480362894906,False,False,False,False
hsa-mir-671,0.12122,1.08765423719236,0.24711,-0.0621,0.17865,0.976182069401807,0.356142812206521,0.97682156396788,0.3252895794496231,-5.28942919600155,False,False,False,False
hsa-mir-9-2,-0.12833,1.09302772810784,-0.35807,0.0884499999999999,-0.11537,-0.976088672795036,0.356186478982308,0.97682156396788,0.42483896205713656,-5.28951062494435,False,False,False,False
hsa-mir-153-2,0.116346666666667,1.08398640775512,0.06863,0.23797,0.04244,0.975482999354744,0.356469753468573,0.97682156396788,0.1980283577804446,-5.29003854209001,True,False,False,False
hsa-mir-3937,0.137616666666667,1.10008627054593,-0.09761,0.45997,0.0504900000000001,0.974819257366759,0.356780379965818,0.97682156396788,0.4959799206207006,-5.29061678141885,False,False,False,False
hsa-miR-6852-5p,-0.136753333333333,1.0994281570805,0.16167,-0.40252,-0.16941,-0.974597265596621,0.356884315626944,0.97682156396788,0.49136114239160694,-5.29081010834511,False,False,False,False
hsa-miR-563,-0.153366666666667,1.11216178192847,0.17185,-0.0621,-0.56985,-0.974796010798334,0.356981683932735,0.97682156396788,0.5561066706967908,-5.29047715340561,False,False,False,False
hsa-miR-6889-3p,-0.12079,1.08733010657764,0.06443,-0.21478,-0.21202,-0.974330582387332,0.35700920553685,0.97682156396788,0.32205377744018165,-5.29104231077457,False,False,False,False
hsa-miR-1206,-0.119863333333333,1.08663192088382,-0.19237,0.0546899999999999,-0.22191,-0.973543718872703,0.35737789028488,0.97682156396788,0.30503308634374593,-5.29172714972149,False,False,False,False
hsa-miR-182-3p,0.16528,1.1213836964153,0.56322,0.23411,-0.30149,0.975030529922717,0.357502402282582,0.97682156396788,0.5792465033258936,-5.28974390685056,False,False,False,False
hsa-mir-935,-0.130433333333333,1.09462243681901,-0.13103,0.11188,-0.37215,-0.973132695424716,0.357570588204272,0.97682156396788,0.4491162551732022,-5.29208470935623,False,False,False,False
hsa-mir-4322,0.112556666666667,1.08114248248255,0.11893,0.13743,0.08131,0.972356380320141,0.357934755351514,0.97682156396788,0.020847303410693505,-5.29275972585787,True,False,False,False
hsa-mir-320a,-0.122766666666667,1.08882090136247,-0.32322,0.03308,-0.0781599999999996,-0.971714090129163,0.358236260892007,0.97682156396788,0.36369666562582764,-5.29331788987256,False,False,False,False
hsa-mir-5571,-0.131316666666667,1.09529285747666,-0.41064,0.0704399999999998,-0.05375,-0.971632316574269,0.358274660836091,0.97682156396788,0.4585759154861619,-5.29338893231069,False,False,False,False
hsa-miR-3663-5p,-0.159816666666667,1.11714516561436,-0.61999,0.18716,-0.0466199999999999,-0.971909070309744,0.358334576289966,0.97682156396788,0.5736781402952871,-5.29298849039225,False,False,False,False
hsa-miR-153-3p,0.138536666666667,1.10078801423257,-0.18414,0.19664,0.40311,0.971122948988514,0.358513923247499,0.97682156396788,0.5050920308749366,-5.29383135125131,False,False,False,False
hsa-miR-3681-5p,0.1139,1.08214963302934,0.0300500000000001,0.14669,0.16496,0.971046090752832,0.358550035781506,0.97682156396788,0.11447640531555506,-5.29389809199726,True,False,False,False
hsa-miR-548aq-5p,-0.11482,1.08283993495684,-0.04897,-0.0755300000000001,-0.21996,-0.970257121250588,0.358920897002026,0.97682156396788,0.16322120205529392,-5.29458296566412,True,False,False,False
hsa-mir-1302-3,-0.174356666666667,1.12846108393817,-0.44783,-0.44671,0.37147,-0.973948535537079,0.359221110450281,0.97682156396788,0.588309238302237,-5.28966746707874,False,False,False,False
hsa-mir-1302-11,-0.174356666666667,1.12846108393817,-0.44783,-0.44671,0.37147,-0.973948535537079,0.359221110450281,0.97682156396788,0.588309238302237,-5.28966746707874,False,False,False,False
hsa-mir-1302-10,-0.174356666666667,1.12846108393817,-0.44783,-0.44671,0.37147,-0.973948535537079,0.359221110450281,0.97682156396788,0.588309238302237,-5.28966746707874,False,False,False,False
hsa-mir-1302-9,-0.174356666666667,1.12846108393817,-0.44783,-0.44671,0.37147,-0.973948535537079,0.359221110450281,0.97682156396788,0.588309238302237,-5.28966746707874,False,False,False,False
hsa-mir-1302-2,-0.174356666666667,1.12846108393817,-0.44783,-0.44671,0.37147,-0.973948535537079,0.359221110450281,0.97682156396788,0.588309238302237,-5.28966746707874,False,False,False,False
hsa-mir-142,-0.124183333333333,1.08989060342341,-0.08324,-0.33876,0.04945,-0.969330093848494,0.359357018575737,0.97682156396788,0.3895063888479629,-5.29538712936629,False,False,False,False
hsa-mir-4639,0.11305,1.08151224519228,0.0460400000000001,0.15049,0.14262,0.969310386329962,0.359366294293755,0.97682156396788,0.0780500110275789,-5.29540421846153,True,False,False,False
hsa-miR-6080,-0.125416666666667,1.09082272913379,-0.0654700000000001,-0.35683,0.0460499999999999,-0.96888435819062,0.359566856129795,0.97682156396788,0.4059896192004807,-5.29577357669777,False,False,False,False
hsa-miR-4278,0.11523,1.08314771134195,0.12148,0.0109299999999999,0.21328,0.968816187395986,0.359598956720885,0.97682156396788,0.1876693908711008,-5.29583266775597,True,False,False,False
hsa-miR-4721,0.14092,1.10260801980246,0.30088,-0.22149,0.34337,0.968805503590993,0.359603987755709,0.97682156396788,0.518990718488358,-5.29584192828129,False,False,False,False
hsa-mir-599,-0.122383333333333,1.08853163309152,-0.31654,0.0480499999999999,-0.0986600000000002,-0.967664892255876,0.360141406475329,0.97682156396788,0.3672841006592113,-5.29683013233927,False,False,False,False
hsa-mir-516b-2,-0.11313,1.08157221862816,-0.17087,-0.12721,-0.04131,-0.967296352487275,0.36031517806671,0.97682156396788,0.09698488645138609,-5.29714923465417,True,False,False,False
hsa-miR-4686,0.114233333333333,1.08239969157181,0.04573,0.0823,0.21467,0.966848695537676,0.360526338412183,0.97682156396788,0.15592975247149118,-5.29753671382267,True,False,False,False
hsa-miR-378a-3p,0.113403333333333,1.0817771529616,0.200889999999999,0.0750799999999998,0.0642399999999999,0.965666002185024,0.361084659217045,0.97682156396788,0.1226388080871668,-5.29855974794521,True,False,False,False
hsa-miR-4713-3p,-0.113103333333333,1.08155222711335,-0.19087,-0.0932999999999999,-0.0551400000000001,-0.965522046175171,0.36115266122001,0.97682156396788,0.10748061278324239,-5.29868420386483,True,False,False,False
hsa-miR-6809-5p,-0.154616666666667,1.11312581425768,-0.57085,-0.10544,0.21244,-0.965168700970065,0.361508171156168,0.97682156396788,0.5667703758128126,-5.29882941536959,False,False,False,False
hsa-miR-566,-0.116753333333333,1.08429200475365,-0.03331,-0.05183,-0.26512,-0.964710685422987,0.361536110225137,0.97682156396788,0.2570387178092806,-5.29938538847361,True,False,False,False
hsa-miR-5588-5p,-0.129726666666667,1.09408639576381,-0.35892,0.13159,-0.16185,-0.962889560275863,0.362397875219147,0.97682156396788,0.4587433481624033,-5.30095754679101,False,False,False,False
hsa-mir-1204,0.113043333333333,1.08150724755607,0.19418,0.0447,0.10025,0.962768809586313,0.362455068893416,0.97682156396788,0.1222082941376943,-5.30106170771715,True,False,False,False
hsa-mir-96,-0.12709,1.0920886716572,-0.11166,-0.3621,0.09249,-0.962548579181237,0.362559398482605,0.97682156396788,0.43564540842379673,-5.30125165474605,False,False,False,False
hsa-miR-126-3p,-0.314046666666667,1.24318988155309,0.5933,-0.64419,-0.89125,-1.0042958101938,0.362981026753094,0.97682156396788,0.5646786797564294,-5.2487874006201,False,False,False,False
hsa-mir-638,-0.12049,1.08710402614519,-0.25741,-0.17936,0.0752999999999999,-0.960753850942018,0.363410444899719,0.97682156396788,0.35317581358514305,-5.30279832982077,False,False,False,False
hsa-miR-5683,-0.130593333333333,1.09474384106391,0.13319,-0.14866,-0.37631,-0.960538782935609,0.363512527855203,0.97682156396788,0.4689873852622532,-5.30298352163348,False,False,False,False
hsa-mir-500a,0.11948,1.08634323416178,0.20519,-0.0712999999999999,0.22455,0.959676008870813,0.36392226105177,0.97682156396788,0.3376154736706062,-5.30372611783829,False,False,False,False
hsa-mir-320b-2,-0.13758,1.10005831177234,-0.46808,0.12619,-0.0708499999999999,-0.959064688300398,0.364212785629428,0.97682156396788,0.513624333157432,-5.30425197053497,False,False,False,False
hsa-mir-517a,0.120753333333333,1.0873024720029,0.20429,0.243,-0.0850300000000002,0.958380647448491,0.364538073587938,0.97682156396788,0.36361384030424815,-5.3048400661267,False,False,False,False
hsa-mir-6877,-0.116636666666667,1.08420432467188,0.03765,-0.16352,-0.22404,-0.958142535045664,0.364651355759111,0.97682156396788,0.2782686394694663,-5.3050447033304,False,False,False,False
hsa-mir-1224,0.124956666666667,1.09047497825489,0.19563,-0.11795,0.29719,0.957328855229279,0.365038661394788,0.97682156396788,0.42260387216984985,-5.30574369128753,False,False,False,False
hsa-mir-198,0.113353333333333,1.0817396620721,0.21791,0.0339,0.08825,0.956594257846008,0.365388585925125,0.97682156396788,0.1734473386579006,-5.30637434482026,True,False,False,False
hsa-miR-202-5p,-0.116893333333333,1.08439723021158,-0.0137100000000001,-0.2799,-0.0570700000000001,-0.956104416308428,0.365622059260109,0.97682156396788,0.2920492759988889,-5.30679466437128,True,False,False,False
hsa-miR-491-3p,0.125903333333333,1.0911907602115,-0.13478,0.26782,0.24467,0.955166634009305,0.366069342681166,0.97682156396788,0.43648581091482785,-5.30759887938222,False,False,False,False
hsa-miR-6821-3p,-0.124513333333333,1.09013993195548,-0.26474,0.12366,-0.23246,-0.954770790906527,0.36625826492128,0.97682156396788,0.42241079914736274,-5.30793815750656,False,False,False,False
hsa-miR-570-5p,-0.114156666666667,1.08234217299089,-0.05396,-0.0469199999999999,-0.24159,-0.954667777836818,0.366307441322544,0.97682156396788,0.2152212704271471,-5.30802643220651,True,False,False,False
hsa-miR-548ai,-0.114156666666667,1.08234217299089,-0.05396,-0.0469199999999999,-0.24159,-0.954667777836818,0.366307441322544,0.97682156396788,0.2152212704271471,-5.30802643220651,True,False,False,False
hsa-miR-548q,-0.140656666666667,1.10240678049708,-0.02915,0.11459,-0.50741,-0.954437209140273,0.366417527949669,0.97682156396788,0.5323944831630052,-5.30822398575161,False,False,False,False
hsa-mir-1267,-0.112893333333333,1.08139480684661,-0.19099,-0.13565,-0.0120399999999998,-0.95417293018228,0.366543739860747,0.97682156396788,0.16640224261320327,-5.30845037660058,True,False,False,False
hsa-mir-3197,-0.151456666666667,1.11069035281943,-0.56066,-0.10015,0.20644,-0.954541347420829,0.366554283007794,0.97682156396788,0.5669643975885381,-5.30797432851295,False,False,False,False
hsa-mir-4537,0.11121,1.08013377364328,0.0678800000000002,0.0885800000000001,0.17717,0.953570138563153,0.366831735774398,0.97682156396788,0.08007429787013157,-5.30896656573282,True,False,False,False
hsa-mir-4686,-0.1416,1.10312784565555,-0.51316,-0.0387900000000001,0.12715,-0.95326873047099,0.366975802301007,0.97682156396788,0.5373347533631666,-5.30922457493783,False,False,False,False
hsa-miR-1245a,0.136173333333333,1.09898624790996,-0.186,0.40851,0.18601,0.951832105237246,0.367663052497211,0.97682156396788,0.514569960530736,-5.31045346567779,False,False,False,False
hsa-mir-654,-0.12023,1.08690812779437,-0.31246,0.05216,-0.10039,-0.950924178442581,0.368097874724148,0.97682156396788,0.3733431344153471,-5.31122935739167,False,False,False,False
hsa-miR-6747-5p,-0.129356666666667,1.09380583746878,-0.16779,-0.36401,0.14373,-0.950598741185649,0.368253824765135,0.97682156396788,0.47382224484958274,-5.31150732651672,False,False,False,False
hsa-miR-208b-3p,-0.111346666666667,1.08023609968612,-0.0598699999999999,-0.19311,-0.0810599999999999,-0.94990675128838,0.368585589442719,0.97682156396788,0.11460871733512117,-5.31209813479308,True,False,False,False
hsa-miR-4790-3p,-0.118733333333333,1.08578114280291,-0.20516,-0.22882,0.0777800000000002,-0.949543221457914,0.36875996694787,0.97682156396788,0.3512871012101444,-5.31240837452689,False,False,False,False
hsa-mir-3653,-0.136016666666667,1.09886691211192,-0.1283,-0.4415,0.16175,-0.94927339988885,0.368889433934318,0.97682156396788,0.5166310951045805,-5.3126385824535,False,False,False,False
hsa-let-7e,-0.143183333333333,1.10433917433732,0.21895,-0.17943,-0.46907,-0.948914826189313,0.369061538229864,0.97682156396788,0.5473359110318492,-5.31294443290028,False,False,False,False
hsa-miR-6746-5p,0.141863333333333,1.10332921658806,0.42476,-0.23311,0.23394,0.948052764455651,0.369475543452225,0.97682156396788,0.5433172953082805,-5.31367936893318,False,False,False,False
hsa-miR-218-5p,0.13234,1.09607004688533,-0.00367,-0.05271,0.4534,0.947850049213376,0.369572947154842,0.97682156396788,0.4978412112773391,-5.31385211411151,False,False,False,False
hsa-miR-490-5p,0.130586666666667,1.09473878228488,-0.0587199999999999,0.01407,0.43641,0.947750510673901,0.369620781872477,0.97682156396788,0.48661043013962085,-5.31393692592724,False,False,False,False
hsa-miR-6777-3p,0.111683333333333,1.08048821251241,0.03278,0.20125,0.10102,0.947196796566063,0.369886960654453,0.97682156396788,0.149913287971999,-5.31440859021443,True,False,False,False
hsa-miR-548d-3p,0.12609,1.09133195576156,-0.06163,0.3905,0.0494,0.947116014445527,0.369925805647551,0.97682156396788,0.4518324611783737,-5.31447738385463,False,False,False,False
hsa-miR-4748,-0.116313333333333,1.08396136264038,-0.18601,0.0549299999999999,-0.21786,-0.946744084984754,0.37010469088761,0.97682156396788,0.3093208004526636,-5.31479405754597,False,False,False,False
hsa-mir-6874,0.123753333333333,1.08956580635172,-0.12482,0.2129,0.28318,0.946475262730417,0.370234024777764,0.97682156396788,0.4293654055782043,-5.31502288125938,False,False,False,False
hsa-miR-4758-3p,0.133336666666667,1.09682751390136,0.38133,0.19978,-0.1811,0.946426071788171,0.370257694783097,0.97682156396788,0.5055064199880163,-5.31506474746095,False,False,False,False
hsa-miR-4496,-0.10934,1.07873462717438,-0.12736,-0.1011,-0.0995599999999999,-0.946170768285287,0.370380561219572,0.97682156396788,0.00673814886796718,-5.31528200768595,True,False,False,False
hsa-mir-7114,-0.141336666666667,1.10292651147566,0.0676299999999999,0.0387199999999999,-0.53036,-0.945942720356418,0.370490336118447,0.97682156396788,0.5433260327524294,-5.3154760347462,False,False,False,False
hsa-miR-4752,0.11067,1.07972955579015,0.07701,0.06674,0.18826,0.945726031970557,0.370594665091152,0.97682156396788,0.10456979290508908,-5.31566036281327,True,False,False,False
hsa-mir-203a,0.156403333333333,1.11450518877456,-0.0733899999999998,-0.0986199999999999,0.64122,0.945650993066087,0.370815527601626,0.97682156396788,0.5850825909669592,-5.31556367557371,False,False,False,False
hsa-miR-6761-3p,0.154793333333333,1.11326213154077,0.13239,0.57755,-0.24556,0.945165688662872,0.371049186420276,0.97682156396788,0.5819910531241572,-5.31597635679461,False,False,False,False
hsa-mir-542,-0.11934,1.08623781987161,-0.0327500000000001,0.00398,-0.32925,-0.944231114250249,0.371315012455071,0.97682156396788,0.3753286775685079,-5.31693112315551,False,False,False,False
hsa-mir-3666,-0.155623333333333,1.11390278905352,-0.58025,0.2537,-0.14032,-0.944240053207979,0.371495151459912,0.97682156396788,0.5844467757746523,-5.31676301427208,False,False,False,False
hsa-miR-935,-0.109626666666667,1.07894899540614,-0.13435,-0.0501,-0.14443,-0.941876708241866,0.372451603759202,0.97682156396788,0.06702069076213771,-5.3189292829704,True,False,False,False
hsa-miR-5700,0.1123,1.08095015593629,0.22463,0.0973700000000002,0.0149000000000001,0.941821078006524,0.372478490179917,0.97682156396788,0.2069860531684234,-5.31897644821214,True,False,False,False
hsa-miR-4315,-0.126113333333333,1.09134960648989,0.15055,-0.29413,-0.23476,-0.941489370062913,0.372638836182156,0.97682156396788,0.46109024514368,-5.31925763609663,False,False,False,False
hsa-mir-4676,0.11308,1.08153473484101,0.24985,0.0338399999999999,0.05555,0.940592878358337,0.37307244955356,0.97682156396788,0.24137543963023136,-5.32001719860583,True,False,False,False
hsa-miR-6850-5p,0.1615,1.11844940883049,0.0962000000000005,0.63507,-0.246770000000001,0.942441435033436,0.373082831699733,0.97682156396788,0.5934726448534833,-5.31766229550651,False,False,False,False
hsa-miR-326,-0.110206666666667,1.07938284747346,-0.03616,-0.17702,-0.11744,-0.94052381508324,0.373105869307386,0.97682156396788,0.11418684912134575,-5.32007568954326,True,False,False,False
hsa-miR-1193,0.11776,1.08504885321429,-0.06905,0.15194,0.27039,0.940386093101504,0.37317251960531,0.97682156396788,0.3580898382398903,-5.32019231866343,False,False,False,False
hsa-miR-1185-1-3p,-0.276126666666667,1.21093939811912,0.0642499999999999,-1.11635,0.22372,-0.974358632427693,0.373561867126179,0.97682156396788,0.5806005838607355,-5.27718233523172,False,False,False,False
hsa-mir-4318,-0.114806666666667,1.08282992743711,0.04979,-0.1891,-0.20511,-0.939074899253661,0.373807507149786,0.97682156396788,0.2983049364283063,-5.32130202088463,False,False,False,False
hsa-mir-4491,0.143716666666667,1.1047475002527,-0.265,0.30004,0.39611,0.939068714817234,0.373810504038048,0.97682156396788,0.5579881177384547,-5.32130725205971,False,False,False,False
hsa-mir-7107,0.114203333333333,1.082377183937,0.26428,0.0,0.07833,0.93901227439221,0.373837855064453,0.97682156396788,0.2823855568156593,-5.32135499157062,False,False,False,False
hsa-miR-4508,-0.129246666666667,1.09372244212055,0.17836,-0.27956,-0.28654,-0.938987532022883,0.373849845677896,0.97682156396788,0.4892024661647627,-5.32137591891633,False,False,False,False
hsa-miR-145-3p,0.13116,1.09517392273341,0.0169699999999999,0.44993,-0.07342,0.938747007952103,0.373966422828074,0.97682156396788,0.5020223624279343,-5.32157933390766,False,False,False,False
hsa-miR-6510-3p,0.13658,1.0992960736572,0.22682,-0.21393,0.39685,0.938244287618267,0.374210167298215,0.97682156396788,0.5312616714638967,-5.32200435946958,False,False,False,False
hsa-miR-642a-3p,0.14933,1.10905429808542,0.36254,0.38481,-0.29936,0.938129739353984,0.37444895984235,0.97682156396788,0.5742861423269348,-5.32194068053511,False,False,False,False
hsa-miR-32-3p,0.112656666666667,1.08121742416616,0.12476,0.22604,-0.0128299999999999,0.936489832609202,0.375061729182878,0.97682156396788,0.24516486181659058,-5.3234862559499,False,False,False,False
hsa-miR-6894-5p,-0.189036666666667,1.1400022459345,0.42694,-0.41086,-0.58319,-0.945635735291558,0.375380304268795,0.97682156396788,0.606171981353727,-5.31162375327704,False,False,False,False
hsa-miR-670-3p,0.109583333333333,1.07891658817316,0.05338,0.0885399999999998,0.18683,0.935784322030213,0.375404563650335,0.97682156396788,0.11110531210175364,-5.32408154557554,True,False,False,False
hsa-miR-330-5p,0.162506666666667,1.1192300995574,0.55626,-0.3325,0.26376,0.936220917527327,0.376393085646066,0.97682156396788,0.5977158347024472,-5.32265982174658,False,False,False,False
hsa-mir-1282,0.110543333333333,1.07963476116197,0.19363,0.13061,0.00739,0.932786573201622,0.376863842822377,0.97682156396788,0.18064452405429887,-5.32660699988719,True,False,False,False
hsa-mir-136,-0.114463333333333,1.08257226565538,-0.25904,-0.12058,0.03623,-0.932718783069343,0.376896890398757,0.97682156396788,0.311650996300602,-5.32666403549857,False,False,False,False
hsa-mir-8059,0.150383333333333,1.10986433097035,-0.21713,0.57586,0.0924200000000002,0.932216343777289,0.377323953860334,0.97682156396788,0.5814612524902425,-5.32692622451678,False,False,False,False
hsa-mir-584,0.112186666666667,1.08086524341556,-0.0271699999999999,0.16726,0.19647,0.931555615385217,0.377464262794829,0.97682156396788,0.25105951116101244,-5.32764216142339,False,False,False,False
hsa-miR-548t-3p,0.113766666666667,1.08204962578845,0.19586,0.19565,-0.0502099999999999,0.931102230454891,0.377685584831251,0.97682156396788,0.29964258076687256,-5.32802315782854,False,False,False,False
hsa-miR-548aa,0.113766666666667,1.08204962578845,0.19586,0.19565,-0.0502099999999999,0.931102230454891,0.377685584831251,0.97682156396788,0.29964258076687256,-5.32802315782854,False,False,False,False
hsa-miR-200a-3p,-0.107696666666667,1.07750657046412,-0.0959300000000001,-0.0910099999999999,-0.13615,-0.930933710847167,0.37776787265246,0.97682156396788,0.01717153272893712,-5.32816473369874,True,False,False,False
hsa-miR-5007-3p,0.159593333333333,1.11697224172106,0.06419,-0.22828,0.64287,0.932737221715068,0.377775943324374,0.97682156396788,0.5965858547208063,-5.32586656591867,False,False,False,False
hsa-mir-5011,0.13559,1.09854197818856,-0.10858,0.02318,0.49217,0.930867738175363,0.37780009055623,0.97682156396788,0.5345267688494038,-5.32822015280244,False,False,False,False
hsa-miR-7706,-0.128553333333333,1.09319694503479,-0.23752,0.17887,-0.32701,-0.93025981338391,0.378097066464695,0.97682156396788,0.4962187882294306,-5.32873068198825,False,False,False,False
hsa-miR-4289,0.109516666666667,1.07886673279233,0.194,0.02969,0.10486,0.929919237890383,0.378263514680739,0.97682156396788,0.14752683603374736,-5.32901657825929,True,False,False,False
hsa-miR-24-1-5p,0.1465,1.10688090231274,-0.29244,0.36048,0.37146,0.93002371920837,0.378394067097932,0.97682156396788,0.5731900290706744,-5.3287684746692,False,False,False,False
hsa-mir-4717,0.110996666666667,1.07997406456007,-0.01441,0.17934,0.16806,0.929179118569572,0.378625414920973,0.97682156396788,0.2191245435020239,-5.32963758536185,False,False,False,False
hsa-miR-3121-3p,-0.12002,1.0867499279746,0.0650899999999999,-0.0823400000000001,-0.34281,-0.92853669556243,0.378939748860141,0.97682156396788,0.420166803130602,-5.33017630084897,False,False,False,False
hsa-miR-6830-3p,0.164313333333333,1.12063257360285,0.65582,-0.26562,0.10274,0.931494229246527,0.379006914304081,0.97682156396788,0.6019532951542432,-5.32636041446385,False,False,False,False
hsa-mir-4647,-0.116103333333333,1.0838035917232,0.0181200000000001,-0.30862,-0.0578100000000001,-0.928193021394058,0.379107984833946,0.97682156396788,0.360602919151934,-5.33046437360145,False,False,False,False
hsa-mir-1291,0.12422,1.08991830377738,0.28814,-0.15429,0.23881,0.926343054921086,0.380014519494085,0.97682156396788,0.46848526818878367,-5.3320135872302,False,False,False,False
hsa-miR-509-3p,-0.11621,1.08388372646199,0.05196,-0.29619,-0.1044,-0.926315660213597,0.380027955518269,0.97682156396788,0.3676755161673778,-5.33203650986771,False,False,False,False
hsa-miR-518d-3p,-0.121103333333333,1.08756628522736,-0.0007599999999998,0.0103200000000001,-0.37287,-0.92622030347995,0.380074726936982,0.97682156396788,0.43766889981536966,-5.33211629581586,False,False,False,False
hsa-miR-7114-5p,-0.16591,1.12187349223713,-0.15146,-0.64276,0.29649,-0.930160761789043,0.380086515548831,0.97682156396788,0.6030160134328604,-5.32710091814803,False,False,False,False
hsa-mir-1302-6,-0.12346,1.08934429489479,0.1479,-0.22947,-0.28881,-0.926140883390314,0.380113684810217,0.97682156396788,0.4619310436804839,-5.33218274242807,False,False,False,False
hsa-miR-3140-3p,0.110996666666667,1.07997406456007,0.12097,0.2201,-0.00808,0.925942350591611,0.380211083672824,0.97682156396788,0.23491827241579935,-5.33234882456438,False,False,False,False
hsa-mir-6070,-0.133536666666667,1.09697957702109,-0.38577,-0.22364,0.2088,-0.925844709878925,0.380258992222872,0.97682156396788,0.530249471992382,-5.33243049528307,False,False,False,False
hsa-mir-10a,-0.14838,1.10832423751371,0.0392999999999999,-0.60493,0.12049,-0.922272776019887,0.382194692603787,0.97682156396788,0.5841824504088173,-5.33525325521595,False,False,False,False
hsa-mir-541,0.15291,1.11180979704931,0.63935,-0.06318,-0.11744,0.922171069401324,0.38224474795317,0.97682156396788,0.5944817747781268,-5.33533806087822,False,False,False,False
hsa-mir-548d-1,0.110193333333333,1.07937287190386,0.04867,0.23769,0.0442199999999999,0.921511374472482,0.382389622444954,0.97682156396788,0.22609047289764367,-5.33604817254988,True,False,False,False
hsa-miR-6831-5p,-0.123513333333333,1.08938456635524,-0.40264,0.03383,-0.00173,-0.921142752645434,0.382571267597949,0.97682156396788,0.4705486991523954,-5.33635529195014,False,False,False,False
hsa-mir-581,0.12613,1.09136221432776,0.0392999999999999,0.42117,-0.0820799999999999,0.920209440009765,0.38303145481159,0.97682156396788,0.4929940177561417,-5.33713244878372,False,False,False,False
hsa-mir-152,0.111846666666667,1.08061054587237,0.26765,0.0324800000000001,0.0354100000000002,0.920171285718851,0.383050276048081,0.97682156396788,0.28759285778951166,-5.33716420598264,True,False,False,False
hsa-mir-181a-1,-0.106943333333333,1.07694407478651,-0.14276,-0.1247,-0.0533700000000001,-0.920028075717855,0.383120926500841,0.97682156396788,0.0593743879964195,-5.33728339548874,True,False,False,False
hsa-miR-1288-3p,-0.107476666666667,1.07734227145051,-0.0350999999999999,-0.12104,-0.16629,-0.918704995640419,0.383774095313252,0.97682156396788,0.10781428845040872,-5.33838385651803,True,False,False,False
hsa-mir-5000,-0.113426666666667,1.08179464915471,-0.0878300000000001,0.02763,-0.28008,-0.918650022202411,0.383801251689789,0.97682156396788,0.33363817088965486,-5.33842955288379,False,False,False,False
hsa-mir-4432,-0.14737,1.10754859491222,0.28341,-0.49414,-0.23138,-0.918168414175588,0.384218460829285,0.97682156396788,0.5848497798078454,-5.33866966851681,False,False,False,False
hsa-miR-4728-3p,0.11997,1.08671226474483,0.12558,0.33538,-0.10105,0.917402077113055,0.38441810033163,0.97682156396788,0.4415693244463674,-5.33946631311706,False,False,False,False
hsa-miR-2053,-0.10717,1.0771132903823,-0.0381799999999999,-0.12101,-0.16232,-0.917261494723726,0.384487634050737,0.97682156396788,0.09905026570758522,-5.33958303477905,True,False,False,False
hsa-miR-4524b-3p,0.131486666666667,1.09542192893761,0.46716,-0.11999,0.0472900000000001,0.916809843769318,0.38471108769496,0.97682156396788,0.5300773901311047,-5.33995793137398,False,False,False,False
hsa-mir-190b,0.12756,1.09244450936264,-0.15412,0.39965,0.13715,0.915802015385471,0.385210048707051,0.97682156396788,0.5087583182856446,-5.34079395579175,False,False,False,False
hsa-mir-653,-0.11321,1.08163219538977,-0.0161099999999998,-0.29561,-0.0279099999999999,-0.914941700998511,0.385636348570862,0.97682156396788,0.3405818472454346,-5.34150703140956,True,False,False,False
hsa-miR-1305,0.11823,1.08540239711987,0.35003,0.05125,-0.0465899999999999,0.914620914779029,0.385795390824368,0.97682156396788,0.42609093253058355,-5.34177277943279,False,False,False,False
hsa-mir-4435-2,0.12267,1.08874794820325,0.40483,-0.0221100000000001,-0.01471,0.912899622061297,0.386649599828683,0.97682156396788,0.47628635915306833,-5.34319747191379,False,False,False,False
hsa-mir-4435-1,0.12267,1.08874794820325,0.40483,-0.0221100000000001,-0.01471,0.912899622061297,0.386649599828683,0.97682156396788,0.47628635915306833,-5.34319747191379,False,False,False,False
hsa-miR-212-3p,-0.116506666666667,1.08410663236123,0.0570700000000002,-0.32568,-0.08091,-0.912400519970069,0.386897540056436,0.97682156396788,0.407178070844205,-5.34361017082692,False,False,False,False
hsa-miR-3121-5p,-0.105796666666667,1.07608845026823,-0.0648599999999999,-0.10516,-0.14737,-0.911582750412246,0.387304034065928,0.97682156396788,0.04713929569591004,-5.3442859797817,True,False,False,False
hsa-miR-339-5p,-0.333506666666667,1.26007243284742,-0.089,-1.2847,0.37318,-0.959210615358224,0.387344923679198,0.97682156396788,0.5691620225277341,-5.28442430463377,False,False,False,False
hsa-miR-6824-3p,0.11971,1.08651643699021,0.37127,0.0399099999999999,-0.0520499999999999,0.911347817137436,0.3874208709462,0.97682156396788,0.4500443443805082,-5.34448004010963,False,False,False,False
hsa-miR-6846-5p,0.137553333333333,1.10003797856514,-0.2616,0.35599,0.31827,0.910781466986305,0.387702632608122,0.97682156396788,0.56242826981344,-5.34494769373428,False,False,False,False
hsa-miR-2277-5p,-0.113366666666667,1.08174965951559,-0.30432,-0.0082599999999999,-0.02752,-0.9104601000958,0.387862579873105,0.97682156396788,0.3576254493763914,-5.34521295318368,True,False,False,False
hsa-mir-5688,0.10595,1.07620282578974,0.12263,0.0468200000000001,0.1484,0.910008378580298,0.388087486434197,0.97682156396788,0.07375403974410245,-5.34558568181205,True,False,False,False
hsa-mir-4667,0.10742,1.07729995606527,0.19707,0.0224599999999999,0.10273,0.90985546759135,0.388163640264203,0.97682156396788,0.16704894211124854,-5.34571181955309,True,False,False,False
hsa-mir-504,0.13697,1.09959328367728,-0.0885800000000001,-0.0328899999999999,0.53238,0.909778863053753,0.388201795464547,0.97682156396788,0.5612373938726058,-5.34577500498266,False,False,False,False
hsa-miR-4697-5p,-0.120353333333333,1.0870010495337,-0.1244,0.11148,-0.34814,-0.909501187278358,0.388340122963704,0.97682156396788,0.46014986428017446,-5.34600400348999,False,False,False,False
hsa-miR-105-5p,0.118373333333333,1.08551023839448,-0.0750599999999999,0.0809,0.34928,0.908499687489688,0.388839327701413,0.97682156396788,0.44027054021820616,-5.34682947215597,False,False,False,False
hsa-miR-4999-5p,0.121456666666667,1.08783267588534,-0.15081,0.30051,0.21467,0.90842633835618,0.388875907298106,0.97682156396788,0.4726466740071247,-5.34688990022827,False,False,False,False
hsa-miR-4436b-3p,0.110853333333333,1.07986677328308,-0.04094,0.13329,0.24021,0.907324387940794,0.389425754655366,0.97682156396788,0.30870933104393256,-5.34779726172909,False,False,False,False
hsa-miR-4666b,0.111986666666667,1.08071541406197,-0.01047,0.05962,0.28681,0.907016064670112,0.389579701079771,0.97682156396788,0.33828749092559507,-5.34805098121172,False,False,False,False
hsa-miR-7847-3p,-0.354156666666667,1.27823816345793,-1.34136,-0.13246,0.41135,-0.958147693571654,0.389715802105438,0.97682156396788,0.5647224145448465,-5.28373789225332,False,False,False,False
hsa-mir-509-1,0.127126666666667,1.09211642787665,0.12901,-0.15671,0.40908,0.906619587881942,0.389777727227816,0.97682156396788,0.5178366235237105,-5.34837714056031,False,False,False,False
hsa-mir-509-2,0.127126666666667,1.09211642787665,0.12901,-0.15671,0.40908,0.906619587881942,0.389777727227816,0.97682156396788,0.5178366235237105,-5.34837714056031,False,False,False,False
hsa-mir-509-3,0.127126666666667,1.09211642787665,0.12901,-0.15671,0.40908,0.906619587881942,0.389777727227816,0.97682156396788,0.5178366235237105,-5.34837714056031,False,False,False,False
hsa-miR-6778-5p,-0.134106666666667,1.09741307258272,0.23261,-0.23219,-0.40274,-0.906555850090506,0.389809568773115,0.97682156396788,0.5531590556566603,-5.34842956340602,False,False,False,False
hsa-miR-6828-3p,-0.2416,1.18230315075845,-0.99128,-0.0502899999999999,0.31677,-0.933455541620314,0.390253289581372,0.97682156396788,0.5983562881910398,-5.3140292481531,False,False,False,False
hsa-mir-513b,-0.126363333333333,1.09153873935222,0.1473,-0.41105,-0.11534,-0.90482557078131,0.390674682426646,0.97682156396788,0.5153744396642048,-5.34985154677728,False,False,False,False
hsa-miR-4436b-5p,-0.155503333333333,1.11381014107737,0.15126,-0.66654,0.0487700000000002,-0.906185463968651,0.390882572398727,0.97682156396788,0.6069326607543446,-5.34793249586241,False,False,False,False
hsa-miR-3945,-0.1116,1.08042580286838,-0.2631,0.0466399999999998,-0.11834,-0.904193298550087,0.390991153826969,0.97682156396788,0.33855658829060004,-5.35037061809325,False,False,False,False
hsa-miR-6802-3p,0.17653,1.13016232379554,-0.3999,0.31815,0.61134,0.911713590165656,0.391142379033218,0.97682156396788,0.6162621093172909,-5.34067483206046,False,False,False,False
hsa-miR-5590-5p,0.10772,1.07752399758668,0.0617100000000002,0.23076,0.0306899999999999,0.902330029187014,0.391924849850516,0.97682156396788,0.22528438491104377,-5.35189859414013,True,False,False,False
hsa-miR-3199,0.125633333333333,1.0909865632541,0.35711,0.20224,-0.18245,0.901146861484012,0.392518574628969,0.97682156396788,0.515498952510882,-5.35286753560711,False,False,False,False
hsa-mir-887,-0.104843333333333,1.07537760557348,-0.10903,-0.0508500000000001,-0.15465,-0.90071735163386,0.39273426662904,0.97682156396788,0.07318503645493714,-5.35321902452218,True,False,False,False
hsa-mir-4467,-0.132613333333333,1.09627772824086,-0.45489,0.19476,-0.13771,-0.9007040223478,0.39274096171548,0.97682156396788,0.5528084174474246,-5.35322993037031,False,False,False,False
hsa-mir-527,-0.128403333333333,1.09308328898639,-0.31386,-0.28602,0.21467,-0.900578510043544,0.392804008553731,0.97682156396788,0.5325879394977135,-5.35333261652844,False,False,False,False
hsa-miR-532-5p,0.135683333333334,1.09861304927312,0.527150000000001,-0.119389999999999,-0.0007100000000006,0.900575268327552,0.392805637015874,0.97682156396788,0.5651991034249648,-5.35333526854095,False,False,False,False
hsa-miR-5003-3p,-0.142233333333333,1.10361221760458,0.11706,0.03731,-0.58107,-0.90078408988096,0.392876459214432,0.97682156396788,0.5852023897587997,-5.3530050044615,False,False,False,False
hsa-miR-1908-3p,-0.106613333333333,1.07669776431075,-0.0135000000000001,-0.20011,-0.10623,-0.900302271499286,0.392942793210174,0.97682156396788,0.18637957461837568,-5.35355857668566,True,False,False,False
hsa-mir-544b,-0.119126666666667,1.08607720824129,-0.21275,0.14267,-0.2873,-0.900297145884111,0.392945368696876,0.97682156396788,0.4639488752205038,-5.35356276885619,False,False,False,False
hsa-miR-708-3p,0.10649,1.07660572334259,0.20904,0.02501,0.08542,0.89902314883136,0.393585894831548,0.97682156396788,0.18817708910292538,-5.35460415728712,True,False,False,False
hsa-mir-450a-1,-0.10618,1.07637441186634,-0.11003,-0.1938,-0.01471,-0.898357648774495,0.393920785516673,0.97682156396788,0.1765562786371613,-5.3551476766305,True,False,False,False
hsa-miR-4795-3p,0.11404,1.08225465058013,0.01491,0.33063,-0.0034199999999999,0.898120874113065,0.39403998377248,0.97682156396788,0.40322414201416135,-5.35534097418134,False,False,False,False
hsa-miR-4651,-0.122293333333333,1.08846372907266,-0.32804,-0.20416,0.16532,-0.898079788785048,0.394060669783945,0.97682156396788,0.4959882003445238,-5.35537451114395,False,False,False,False
hsa-miR-525-5p,0.115976666666667,1.08370843941589,0.35341,-0.0054800000000001,0.0,0.89804607051506,0.394077647144793,0.97682156396788,0.43167048412779757,-5.35540203363058,False,False,False,False
hsa-miR-5187-5p,-0.119243333333333,1.08616503978397,0.09178,-0.07948,-0.37003,-0.897719040294123,0.394242336147999,0.97682156396788,0.46965907288015424,-5.35566892832089,False,False,False,False
hsa-miR-151a-3p,-0.11016,1.0793479333832,0.0588099999999994,-0.21687,-0.17242,-0.897457186179806,0.394374238738261,0.97682156396788,0.3263356282751718,-5.35588257521565,False,False,False,False
hsa-miR-6730-3p,0.138463333333333,1.10073206172669,0.11706,0.51398,-0.21565,0.895956568452527,0.395130748610015,0.97682156396788,0.5789185645546358,-5.35710596015628,False,False,False,False
hsa-miR-424-5p,0.124636666666667,1.09023312998759,0.38162,-0.16691,0.1592,0.895941277134039,0.395138462808167,0.97682156396788,0.5158751210393371,-5.3571184179652,False,False,False,False
hsa-miR-181c-5p,-0.196846666666667,1.14619035920004,-0.85343,-0.0064700000000002,0.26936,-0.909189633159021,0.395354464910362,0.97682156396788,0.6190316879416076,-5.34009757006667,False,False,False,False
hsa-miR-2113,-0.106516666666667,1.07662562342575,-0.21489,-0.01288,-0.09178,-0.895309179854043,0.395457439096479,0.97682156396788,0.2116519003816378,-5.35763323626674,True,False,False,False
hsa-miR-4470,-0.117073333333333,1.08453253509105,-0.11306,0.10003,-0.33819,-0.894466437292419,0.395883000549024,0.97682156396788,0.45247591820241806,-5.3583191605217,False,False,False,False
hsa-mir-1323,-0.111886666666667,1.08064050717385,0.0551499999999998,-0.28788,-0.10293,-0.893942622920369,0.396147677400541,0.97682156396788,0.37619255877328267,-5.3587452401072,False,False,False,False
hsa-mir-3713,-0.128473333333333,1.09313632700508,0.0539099999999999,0.0409999999999999,-0.48033,-0.893414087943685,0.396414867896339,0.97682156396788,0.5412682678095619,-5.35917495512294,False,False,False,False
hsa-miR-3179,0.106426666666667,1.07655846211925,0.15681,-0.0147900000000001,0.17726,0.89266072722119,0.396795937546564,0.97682156396788,0.22262597031114773,-5.35978710527848,False,False,False,False
hsa-mir-4652,0.119733333333333,1.08653400983443,-0.0927499999999999,0.0677000000000001,0.38425,0.892632395417853,0.396810273628998,0.97682156396788,0.48288529975471384,-5.35981011840047,False,False,False,False
hsa-miR-1231,-0.12446,1.0900996325713,0.19092,-0.33737,-0.22693,-0.891887779048717,0.397187187348478,0.97682156396788,0.5200828947722256,-5.36041473747218,False,False,False,False
hsa-miR-6515-5p,-0.104663333333333,1.07524344285119,-0.18339,-0.0986099999999999,-0.03199,-0.89127233059524,0.397498911393031,0.97682156396788,0.1394709584477302,-5.36091416580054,True,False,False,False
hsa-let-7a-2-3p,0.115706666666667,1.08350564264184,-0.11814,0.17139,0.29387,0.890745525201494,0.397765876702201,0.97682156396788,0.4435017435568175,-5.36134143991425,False,False,False,False
hsa-mir-1277,-0.10502,1.07550930007881,-0.19443,-0.0949200000000001,-0.02571,-0.890653292527553,0.397812629956605,0.97682156396788,0.16515570931593926,-5.36141622570375,True,False,False,False
hsa-miR-7151-5p,-0.103363333333333,1.07427498670137,-0.0607699999999999,-0.10345,-0.14587,-0.890333532868733,0.397974748308698,0.97682156396788,0.05211073004029658,-5.36167545057389,True,False,False,False
hsa-mir-219a-1,-0.120906666666667,1.08741803944277,-0.3963,0.10575,-0.0721700000000001,-0.889952809857577,0.39816783667285,0.97682156396788,0.49716018746241136,-5.36198399936469,False,False,False,False
hsa-mir-217,0.11864,1.08571090183548,0.0044900000000001,0.3919,-0.04047,0.889190427053596,0.398554689642314,0.97682156396788,0.47846323914200584,-5.3626015349647,False,False,False,False
hsa-miR-370-3p,-0.28231,1.2161405740767,0.55609,-0.97565,-0.42737,-0.924296606922788,0.39910746416283,0.97682156396788,0.5930535522171578,-5.31775333101452,False,False,False,False
hsa-miR-4766-5p,-0.107063333333333,1.07703365620193,-0.0260399999999998,-0.0434899999999999,-0.25166,-0.886651408269704,0.39984498877037,0.97682156396788,0.27764385000795666,-5.36465506671915,True,False,False,False
hsa-miR-4287,-0.159633333333333,1.11700321119679,0.35033,-0.24166,-0.58757,-0.889446342977015,0.400336895081169,0.97682156396788,0.6188999657534696,-5.36064457529644,False,False,False,False
hsa-miR-7152-3p,-0.114713333333333,1.08275987738865,0.10592,-0.1406,-0.30946,-0.885436729165354,0.400463326517973,0.97682156396788,0.44192113170481634,-5.3656358028468,False,False,False,False
hsa-miR-1973,-0.145646666666667,1.10622639179052,0.33454,-0.35767,-0.41381,-0.884123561235884,0.401304863649938,0.97682156396788,0.6065440435970897,-5.36653642170246,False,False,False,False
hsa-miR-6814-3p,0.12157,1.08791813576593,-0.10237,0.41618,0.0508999999999999,0.883233179806176,0.401586791265678,0.97682156396788,0.5121252557276249,-5.36741217114987,False,False,False,False
hsa-mir-4761,-0.104156666666667,1.07486588949227,-0.16192,-0.0056,-0.14495,-0.882920129723631,0.401746579535503,0.97682156396788,0.17014717609391586,-5.36766424164865,True,False,False,False
hsa-miR-574-3p,0.109443333333333,1.07881189453425,0.169899999999999,0.23079,-0.0723599999999998,0.882839959998225,0.401787507360477,0.97682156396788,0.3586742111945402,-5.36772878329678,False,False,False,False
hsa-miR-1283,0.10606,1.07628488528305,-0.0106600000000001,0.2261,0.10274,0.882503299031382,0.401959410121937,0.97682156396788,0.26098728392500153,-5.36799976447894,False,False,False,False
hsa-mir-4450,0.141873333333333,1.10333686430993,0.33176,-0.31408,0.40794,0.882652220069727,0.402055356878299,0.97682156396788,0.5987890068755076,-5.36772159999168,False,False,False,False
hsa-mir-571,0.113293333333333,1.08169467471978,0.0778300000000001,-0.0673300000000001,0.32938,0.881457249564194,0.402493868142776,0.97682156396788,0.43135413991061294,-5.36884120243097,False,False,False,False
hsa-mir-662,-0.121473333333333,1.0878452430938,-0.40146,-0.09547,0.13251,-0.881026886184857,0.402713900304643,0.97682156396788,0.5145512023223079,-5.36918714948308,False,False,False,False
hsa-miR-4530,0.118916666666667,1.08591912936212,0.369349999999999,0.11608,-0.128679999999999,0.880564155257951,0.402950576399257,0.97682156396788,0.4951548918082128,-5.36955896190421,False,False,False,False
hsa-miR-4423-3p,-0.121243333333333,1.08767182843886,-0.36129,0.16594,-0.16838,-0.880510798672241,0.402977873404171,0.97682156396788,0.513621756876121,-5.36960182464412,False,False,False,False
hsa-mir-23a,-0.133966666666667,1.09730658412085,-0.1011,-0.5016,0.2008,-0.880491210092498,0.402987895168902,0.97682156396788,0.5778662294344129,-5.36961756013219,False,False,False,False
hsa-mir-3129,-0.104316666666667,1.07498510254445,-0.10535,-0.1982,-0.0094,-0.880396323498564,0.403036442854715,0.97682156396788,0.19573953828206428,-5.36969377841637,True,False,False,False
hsa-mir-6128,-0.13168,1.09556873457416,-0.51581,0.12077,0.0,-0.880377607972402,0.403046018939118,0.97682156396788,0.5694718821012678,-5.36970881099784,False,False,False,False
hsa-miR-379-3p,0.12535,1.09077232358514,0.41337,0.1427,-0.18002,0.87953044737256,0.403479650829691,0.97682156396788,0.5409022873888364,-5.37038899047479,False,False,False,False
hsa-mir-6807,0.149533333333333,1.10921061913259,0.65297,-0.14494,-0.0594299999999999,0.880352307391072,0.40379825158238,0.97682156396788,0.6142961075207761,-5.36904764366919,False,False,False,False
hsa-miR-3617-5p,0.105136666666667,1.07559627699011,0.2052,0.12492,-0.01471,0.878769628948845,0.403869369443395,0.97682156396788,0.24339544759540263,-5.37099939230356,False,False,False,False
hsa-miR-2115-5p,0.643496666666666,1.5621106697182,2.09177,-0.864960000000001,0.70368,0.956553618259332,0.403985366547777,0.97682156396788,0.529798240170178,-5.27366231084619,False,False,False,False
hsa-mir-3130-1,0.103993333333333,1.07474420647125,-0.0004600000000001,0.17697,0.13547,0.878406581569311,0.404055429530824,0.97682156396788,0.19180543124893934,-5.37129051236416,False,False,False,False
hsa-mir-944,-0.105166666666667,1.07561864361846,-0.03327,-0.23617,-0.04606,-0.877739927359075,0.40439724507491,0.97682156396788,0.25011358380931475,-5.3718248333344,True,False,False,False
hsa-miR-601,0.102366666666667,1.07353309441816,0.14282,0.13061,0.0336699999999999,0.877216629276792,0.404665700876719,0.97682156396788,0.09743037954985202,-5.37224402345791,True,False,False,False
hsa-miR-29c-3p,-0.118206666666667,1.08538484257757,-0.40352,0.02139,0.0275099999999999,-0.877119036060583,0.404715780900554,0.97682156396788,0.4944965618065235,-5.37232217838677,False,False,False,False
hsa-mir-361,-0.113523333333333,1.08186713639789,-0.23605,0.12691,-0.23143,-0.876822089526242,0.404868186240094,0.97682156396788,0.44470733279372093,-5.37255993655006,False,False,False,False
hsa-miR-7113-3p,-0.120123333333333,1.08682776945263,-0.0776999999999999,-0.40219,0.11952,-0.875603132144994,0.405494232255909,0.97682156396788,0.5124064705825861,-5.373535239957,False,False,False,False
hsa-mir-4802,-0.121053333333333,1.08752859370529,0.18072,-0.20161,-0.34227,-0.875330089653591,0.405634558504408,0.97682156396788,0.5195578315599823,-5.37375355315489,False,False,False,False
hsa-miR-1257,0.108803333333333,1.07833342439942,0.11706,-0.0596099999999999,0.26896,0.874702648356356,0.40595715323678,0.97682156396788,0.37040855960149105,-5.37425501825756,False,False,False,False
hsa-mir-4736,0.130803333333333,1.09490320456962,0.14281,0.46257,-0.21297,0.874696581817625,0.405960273193473,0.97682156396788,0.5716328221748228,-5.37425986533971,False,False,False,False
hsa-mir-4298,0.10108,1.07257609141644,0.10083,0.0758099999999999,0.1266,0.873657205804836,0.406495063922746,0.97682156396788,0.020399827597266065,-5.37508990788557,True,False,False,False
hsa-mir-3622a,0.10225,1.07344628434386,0.14818,0.13511,0.02346,0.873377358290393,0.406639139177718,0.97682156396788,0.12280915256591449,-5.37531325569453,True,False,False,False
hsa-mir-5587,-0.112666666666667,1.08122491862022,0.09709,-0.12186,-0.31323,-0.872693728905572,0.406991247333578,0.97682156396788,0.4421926403952238,-5.37585861843436,False,False,False,False
hsa-miR-5591-3p,0.138686666666667,1.10090247139891,-0.24179,0.53209,0.12576,0.87300687947961,0.406999930117824,0.97682156396788,0.598191212510951,-5.37545127427091,False,False,False,False
hsa-mir-5584,-0.101896666666667,1.07318341665443,-0.17409,-0.0507899999999999,-0.08081,-0.871779416783716,0.407462507236262,0.97682156396788,0.11104930588148142,-5.37658746253375,True,False,False,False
hsa-miR-5589-3p,0.103663333333333,1.07449839913267,0.0830700000000001,0.0130700000000001,0.21485,0.871004998068181,0.407861964104817,0.97682156396788,0.22178514209656977,-5.3772043025451,True,False,False,False
hsa-miR-3667-5p,-0.1431,1.1042753870475,-0.28509,-0.468,0.32379,-0.871055668861334,0.408005414237542,0.97682156396788,0.610598559870184,-5.37700654370094,False,False,False,False
hsa-miR-6849-3p,0.125626666666667,1.09098152183734,0.38949,-0.21238,0.19977,0.870642924662894,0.408048821933459,0.97682156396788,0.5527721284122322,-5.37749254763104,False,False,False,False
hsa-mir-625,0.170176666666667,1.12519626328848,0.77196,-0.12185,-0.13958,0.877836553138248,0.408099322168027,0.97682156396788,0.6287183880777647,-5.36828615528789,False,False,False,False
hsa-miR-8065,-0.119823333333333,1.08660179346739,0.13479,-0.39691,-0.09735,-0.870387465463928,0.408180694981257,0.97682156396788,0.517717429926166,-5.37769585868826,False,False,False,False
hsa-miR-937-3p,-0.152616666666667,1.11158376333337,-0.5897,-0.19209,0.32394,-0.87273257447838,0.408205135641926,0.97682156396788,0.6222104272568141,-5.37468412654562,False,False,False,False
hsa-mir-524,0.102953333333333,1.07396973150066,0.0111699999999999,0.10232,0.19537,0.869942731071186,0.408410347406544,0.97682156396788,0.19248013977890735,-5.37804969093783,True,False,False,False
hsa-miR-1236-3p,-0.130826666666667,1.09492091305777,-0.48973,-0.09764,0.19489,-0.869026793297008,0.408883607734746,0.97682156396788,0.577282302628958,-5.37877794852411,False,False,False,False
hsa-miR-519d-3p,0.110723333333333,1.07976947180781,0.32212,0.06214,-0.0520900000000002,0.868787889121289,0.409007111910286,0.97682156396788,0.42264746298283185,-5.37896779691158,False,False,False,False
hsa-miR-3677-3p,0.122693333333333,1.08876555713897,-0.21134,0.30261,0.27681,0.868363224127394,0.409226712187199,0.97682156396788,0.5393900064293387,-5.37930515722728,False,False,False,False
hsa-miR-6081,0.124793333333333,1.09035152816591,-0.0621499999999999,-0.03952,0.47605,0.868204915160439,0.409308597273885,0.97682156396788,0.5512927921296424,-5.37943088575319,False,False,False,False
hsa-miR-4277,0.100266666666667,1.07197158664729,0.0883,0.11538,0.0971200000000001,0.86779202959618,0.409522216118898,0.97682156396788,0.00626543450084463,-5.3797587100478,True,False,False,False
hsa-let-7b-5p,0.143163333333334,1.10432386505174,0.566510000000001,-0.26892,0.1319,0.867956262884186,0.409606187445715,0.97682156396788,0.6130481195557982,-5.37947117770275,False,False,False,False
hsa-mir-8069,-0.111466666666667,1.08032595493587,0.01454,-0.0057499999999999,-0.34319,-0.867065248833988,0.409898429120102,0.97682156396788,0.43802013931191475,-5.38033545195467,False,False,False,False
hsa-miR-3649,-0.104386666666667,1.07503726241235,-0.10327,-0.22776,0.0178700000000001,-0.866065532105433,0.410416323459331,0.97682156396788,0.278854095812153,-5.38112813784439,False,False,False,False
hsa-mir-7975,-0.102286666666667,1.07347356675363,-0.17409,-0.00197,-0.1308,-0.865449978012826,0.410735434991354,0.97682156396788,0.18642129994911813,-5.38161584467272,True,False,False,False
hsa-mir-4747,-0.111996666666667,1.08072290503635,-0.15467,-0.2954,0.11408,-0.865188160754346,0.410871217539131,0.97682156396788,0.4495624580063375,-5.38182319780925,False,False,False,False
hsa-miR-4424,-0.137796666666667,1.10022353301406,-0.3206,-0.40206,0.30927,-0.865070547594737,0.411100575583113,0.97682156396788,0.6022619834303047,-5.38175943273759,False,False,False,False
hsa-mir-520a,-0.10507,1.07554657503669,0.0038599999999999,-0.0622099999999999,-0.25686,-0.864041690134562,0.411466167414242,0.97682156396788,0.3114765791497483,-5.38273057031369,False,False,False,False
hsa-miR-6134,0.170786666666667,1.12567211911868,0.256,0.64945,-0.39309,0.871913889052248,0.411487695549648,0.97682156396788,0.6307667146245822,-5.37268704727064,False,False,False,False
hsa-mir-3612,-0.100873333333333,1.07242245544821,-0.16364,-0.0411999999999999,-0.09778,-0.863972524337014,0.411502079719158,0.97682156396788,0.10414608930904333,-5.38278527994729,True,False,False,False
hsa-miR-7112-5p,-0.0997966666666666,1.07162241750742,-0.0858699999999999,-0.10428,-0.10924,-0.863824374072082,0.411579009805336,0.97682156396788,0.005036128515610165,-5.38290245363024,True,False,False,False
hsa-mir-224,-0.108713333333333,1.07826615655808,0.07768,-0.27748,-0.12634,-0.863612559784025,0.411689016325232,0.97682156396788,0.4015259802055092,-5.38306995128388,False,False,False,False
hsa-miR-3200-5p,0.102786666666667,1.07384566881838,0.2235,0.0480400000000001,0.0368199999999999,0.862524403218597,0.412254480429445,0.97682156396788,0.2311333948866408,-5.38392990841363,True,False,False,False
hsa-miR-6881-5p,-0.252603333333333,1.19135496841821,0.56216,-0.46514,-0.85483,-0.891349100091263,0.412598816160389,0.97682156396788,0.6107052643597173,-5.34707497276365,False,False,False,False
hsa-mir-372,-0.120476666666667,1.08709397921708,-0.14024,0.16929,-0.39048,-0.861629149637632,0.412720111108268,0.97682156396788,0.5343274446968296,-5.38463674979944,False,False,False,False
hsa-miR-4738-5p,0.137753333333333,1.10019048678063,0.52487,-0.25931,0.1477,0.861763574573107,0.412817834717577,0.97682156396788,0.6048273463641732,-5.38437406017678,False,False,False,False
hsa-mir-4261,0.10266,1.0737513907648,0.11105,0.20299,-0.0060599999999999,0.861418298145599,0.412829830905835,0.97682156396788,0.2317796660935501,-5.38480313853599,False,False,False,False
hsa-miR-1915-3p,0.113846666666667,1.08210962902386,0.121460000000001,0.33902,-0.11894,0.861010528515573,0.413042078198702,0.97682156396788,0.48006333285096314,-5.38512482600448,False,False,False,False
hsa-miR-526b-5p,-0.143553333333333,1.10462243440532,-0.27114,0.33193,-0.49145,-0.861079269790355,0.413220063906278,0.97682156396788,0.618698661306046,-5.38487086137918,False,False,False,False
hsa-mir-4658,-0.138566666666667,1.10081090471382,-0.15157,-0.52968,0.26555,-0.860948369621467,0.413241932153482,0.97682156396788,0.6075775105690191,-5.3850173341429,False,False,False,False
hsa-miR-4515,0.129676666666667,1.09404847827585,0.43508,-0.24338,0.19733,0.860626296600387,0.413242144052221,0.97682156396788,0.5810829421917438,-5.38542783028299,False,False,False,False
hsa-miR-4770,-0.107433333333333,1.07730991247698,-0.02055,0.00122,-0.30297,-0.859845158371088,0.413649084960533,0.97682156396788,0.38722673780933137,-5.38604349149632,False,False,False,False
hsa-mir-8067,0.106126666666667,1.07633462135443,0.0619700000000001,-0.0248499999999998,0.28126,0.857914714532261,0.414655972934108,0.97682156396788,0.36412322099671496,-5.38756301846757,False,False,False,False
hsa-miR-4418,0.122296666666667,1.08846624396079,0.34892,-0.21535,0.23332,0.857121060742961,0.41507042787288,0.97682156396788,0.5509934714306792,-5.38818691977641,False,False,False,False
hsa-miR-511-5p,0.10216,1.07337932136868,0.0094299999999998,0.21704,0.0800100000000001,0.856829022931026,0.415223006343149,0.97682156396788,0.2356861484532324,-5.3884163749076,True,False,False,False
hsa-miR-4636,-0.12345,1.08933674416169,0.20627,-0.3997,-0.17692,-0.856763249272863,0.415257375958809,0.97682156396788,0.5576074721593578,-5.38846804462895,False,False,False,False
hsa-miR-3664-5p,0.0995366666666667,1.07142930897388,0.08551,0.1513,0.0618000000000001,0.856519386425603,0.415384822364995,0.97682156396788,0.06533039691537522,-5.38865958715798,True,False,False,False
hsa-mir-378e,0.124616666666667,1.09021801625195,0.48547,-0.0178399999999999,-0.09378,0.856488824695468,0.415400796318509,0.97682156396788,0.5637491293167189,-5.38868358876364,False,False,False,False
hsa-mir-548x-2,-0.12087,1.0873904026332,-0.1723,0.18995,-0.38026,-0.856445135585104,0.415423632416184,0.97682156396788,0.5435518869163376,-5.388717898713,False,False,False,False
hsa-miR-3661,-0.10454,1.07515152620497,-0.0063799999999998,-0.26629,-0.04095,-0.856144280958094,0.415580911626787,0.97682156396788,0.32812084495277044,-5.38895412689571,True,False,False,False
hsa-miR-4777-5p,-0.121276666666667,1.08769695928456,-0.01895,-0.45106,0.10618,-0.855576510531461,0.415877841280554,0.97682156396788,0.5470717952461903,-5.38939974879088,False,False,False,False
hsa-mir-4498,0.10894,1.07843557988689,-0.0755499999999999,0.30551,0.09686,0.855560320634521,0.415886310367041,0.97682156396788,0.4269648852721293,-5.38941245207212,False,False,False,False
hsa-miR-632,0.169876666666667,1.12496230962873,-0.14474,-0.12748,0.78185,0.863314493711415,0.415895386132414,0.97682156396788,0.6346217968152313,-5.37953002424678,False,False,False,False
hsa-mir-3611,-0.111313333333333,1.08021114122089,-0.10902,-0.32569,0.10077,-0.855507720252355,0.415913826952232,0.97682156396788,0.4613463095888552,-5.38945372320226,False,False,False,False
hsa-mir-548ay,-0.102126666666667,1.07335452132684,-0.07931,-0.21987,-0.0071999999999998,-0.855232750814512,0.416057691138258,0.97682156396788,0.2435734976819876,-5.38966943478348,True,False,False,False
hsa-miR-4440,0.265906666666667,1.2023914591853,-0.61096,0.71679,0.69189,0.888254990224122,0.416306110844727,0.97682156396788,0.605905128819723,-5.34760583619033,False,False,False,False
hsa-mir-6717,0.13779,1.10021844891354,0.49042,0.21816,-0.29521,0.854909996292454,0.416392833051046,0.97682156396788,0.6104032104032739,-5.38976662683285,False,False,False,False
hsa-mir-7-3,-0.10379,1.07459274277545,-0.20556,0.04884,-0.15465,-0.854090158046973,0.416655869433314,0.97682156396788,0.31342084860448305,-5.3905651793315,False,False,False,False
hsa-mir-3907,-0.13086,1.09494621139482,-0.32343,0.28295,-0.3521,-0.853564048756594,0.4169315040895,0.97682156396788,0.5920189638539282,-5.39097729528695,False,False,False,False
hsa-mir-3617,-0.116736666666667,1.08427947859357,-0.18427,0.17208,-0.33802,-0.852573231843879,0.417450950462423,0.97682156396788,0.5205181832367476,-5.39175286163455,False,False,False,False
hsa-miR-484,-0.27846,1.21289948762994,0.643090000000001,-0.78776,-0.69071,-0.886376661867935,0.41746055031166,0.97682156396788,0.607661514032878,-5.34891942438985,False,False,False,False
hsa-mir-4251,0.106516666666667,1.07662562342575,0.11296,-0.0666900000000001,0.27328,0.852224648638276,0.417633806443467,0.97682156396788,0.39138127933845057,-5.39202554019111,False,False,False,False
hsa-mir-4659b,-0.110966666666667,1.07995160736423,-0.35806,0.0210900000000001,0.00407,-0.852062355999935,0.417718959237584,0.97682156396788,0.4641819268331747,-5.39215246194858,False,False,False,False
hsa-miR-8058,0.0987133333333334,1.07081802816156,0.0504199999999999,0.12239,0.12333,0.850432559178854,0.418574764430158,0.97682156396788,0.05495682464279217,-5.39342594755843,True,False,False,False
hsa-mir-140,0.11748,1.08483828605357,0.16494,0.36051,-0.17301,0.850188367757836,0.418703094522873,0.97682156396788,0.5295843897800047,-5.39361657988707,False,False,False,False
hsa-miR-548s,-0.10171,1.07304456914609,-0.0081,-0.22505,-0.0719799999999999,-0.85002014481642,0.418791516815899,0.97682156396788,0.2548550172814013,-5.39374787981367,True,False,False,False
hsa-miR-6732-5p,0.177643333333333,1.13103481103198,-0.32078,0.78533,0.0683799999999994,0.859377347613097,0.418872792733405,0.97682156396788,0.6384697430813502,-5.38176063080943,False,False,False,False
hsa-miR-410-3p,-0.12864,1.09326261836032,-0.26199,-0.39092,0.26699,-0.849265666925557,0.419188249988326,0.97682156396788,0.5881918079879773,-5.3943364947317,False,False,False,False
hsa-mir-6845,0.101366666666667,1.07278923581206,0.21546,7.9999999999858e-05,0.08856,0.848815248977354,0.419425221790208,0.97682156396788,0.24631074929119243,-5.39468768803234,True,False,False,False
hsa-let-7b-3p,-0.136756666666667,1.09943069730186,-0.27011,-0.45219,0.31203,-0.848242335998169,0.419891610740179,0.97682156396788,0.6130894759860825,-5.394978922226,False,False,False,False
hsa-mir-330,0.10112,1.07260582995245,0.11083,0.20352,-0.0109899999999998,0.847092101341173,0.420332658190781,0.97682156396788,0.24506797321046106,-5.39602981549323,False,False,False,False
hsa-mir-1256,0.110376666666667,1.07951004406759,0.35878,-0.0236700000000001,-0.0039799999999998,0.846523849427505,0.420632208134556,0.97682156396788,0.46833265507630106,-5.39647192229836,False,False,False,False
hsa-mir-1197,0.0998433333333333,1.07165708169739,0.15849,0.13919,0.0018500000000001,0.846505539422117,0.420641862594501,0.97682156396788,0.18018197474293474,-5.39648616362563,True,False,False,False
hsa-miR-6865-5p,-0.104283333333333,1.07496026540161,-0.0979599999999998,-0.26028,0.04539,-0.846298122351968,0.420751239790065,0.97682156396788,0.3589977422052595,-5.39664747264023,False,False,False,False
hsa-mir-598,-0.10061,1.07222672537358,0.00116,-0.20847,-0.0945199999999999,-0.844132847353822,0.421894235704452,0.97682156396788,0.2386990538631982,-5.39832946350214,False,False,False,False
hsa-mir-3155b,-0.102346666666667,1.07351821219257,-0.0307600000000001,-0.25532,-0.0209599999999999,-0.843444799418029,0.422257891050053,0.97682156396788,0.3129590056239504,-5.39886319459209,True,False,False,False
hsa-miR-6086,-0.105473333333333,1.07584730694311,0.0185299999999999,-0.30062,-0.03433,-0.843164453316205,0.422406125375505,0.97682156396788,0.3973585136052986,-5.39908056081531,False,False,False,False
hsa-mir-4746,0.10025,1.07195920281744,0.0410900000000001,0.0427299999999999,0.21693,0.842997242209458,0.422494556249602,0.97682156396788,0.22787746826136374,-5.39921017939933,True,False,False,False
hsa-mir-4679-2,0.0978233333333333,1.07015764317615,0.12235,0.0464499999999999,0.12467,0.842193622852648,0.422919735922724,0.97682156396788,0.06258848039381944,-5.39983283156244,True,False,False,False
hsa-miR-4791,-0.11152,1.08036589300153,0.04208,0.0,-0.37664,-0.842113264239005,0.422962268468131,0.97682156396788,0.49032515130667265,-5.39989506716531,False,False,False,False
hsa-miR-5000-3p,0.10532,1.07573296920506,0.01736,-0.0036799999999999,0.30228,0.842054854836779,0.422993185506376,0.97682156396788,0.397558381560212,-5.39994030060345,False,False,False,False
hsa-mir-183,0.10296,1.07397469430607,0.26709,0.03732,0.0044699999999999,0.841971852871319,0.423037122483883,0.97682156396788,0.3388299603399061,-5.40000457455758,True,False,False,False
hsa-mir-1587,0.0979666666666667,1.07026396979251,0.16217,0.0547199999999999,0.07701,0.840392351967157,0.4238738329351,0.97682156396788,0.09589250393093869,-5.4012266871926,True,False,False,False
hsa-miR-3151-3p,0.1126,1.08117495657434,0.32212,-0.15229,0.16797,0.8400933272447,0.42403236472315,0.97682156396788,0.5048934256780298,-5.40145783856436,False,False,False,False
hsa-miR-3175,-0.110036666666667,1.07925566586666,-0.3489,0.0842800000000001,-0.06549,-0.839971955560426,0.424096723206925,0.97682156396788,0.4776386120080876,-5.40155164156014,False,False,False,False
hsa-miR-3618,0.11194,1.08068045686804,-0.11289,0.35884,0.0898699999999999,0.83992838923834,0.424119826313282,0.97682156396788,0.4986983573438913,-5.40158530937182,False,False,False,False
hsa-miR-4801,0.121263333333333,1.0876869068766,0.24297,0.3502,-0.22938,0.839761305857066,0.424208438283323,0.97682156396788,0.566076089169957,-5.4017144170607,False,False,False,False
hsa-miR-548h-5p,0.10383,1.07462253722568,0.23964,-0.0691600000000001,0.14101,0.839374911820459,0.424413409901225,0.97682156396788,0.3723361771972991,-5.40201290763706,False,False,False,False
hsa-miR-5694,-0.134093333333333,1.09740293037922,-0.57297,0.1795,-0.0088099999999999,-0.839500589570315,0.424509732452487,0.97682156396788,0.6132240360734906,-5.40176155270891,False,False,False,False
hsa-mir-4689,0.108146666666667,1.07784271467442,0.0478200000000002,0.33554,-0.0589200000000001,0.838727329173166,0.424757088950117,0.97682156396788,0.455499785288795,-5.40251291180668,False,False,False,False
hsa-mir-6818,0.106756666666667,1.07680474072759,-0.11148,0.18942,0.24233,0.83839476215863,0.424933660751589,0.97682156396788,0.4348031750870707,-5.402769565304,False,False,False,False
hsa-miR-6867-3p,0.111083333333333,1.08003894352687,-0.09755,0.07037,0.36043,0.837833651331828,0.425231689942695,0.97682156396788,0.4936399493169085,-5.40320240258876,False,False,False,False
hsa-miR-4655-5p,-0.12701,1.09202811508151,0.0327199999999999,-0.52783,0.11408,-0.837640211352779,0.425334467469394,0.97682156396788,0.593374059720091,-5.40335156522071,False,False,False,False
hsa-mir-4635,-0.0996433333333333,1.0715085287776,-0.0824199999999999,-0.0077100000000001,-0.2088,-0.837613897063141,0.42534844997027,0.97682156396788,0.2316155885068888,-5.40337185410613,True,False,False,False
hsa-miR-4714-3p,0.0970866666666667,1.069611340456,0.11894,0.05278,0.11954,0.837099095566342,0.425622061647748,0.97682156396788,0.048326393604646974,-5.40376867078821,True,False,False,False
hsa-mir-146a,0.100103333333333,1.07185023128344,0.12148,0.19843,-0.0195999999999998,0.83706140295776,0.425642099665402,0.97682156396788,0.2574133894965675,-5.40379771685967,False,False,False,False
hsa-miR-4704-5p,-0.101896666666667,1.07318341665443,0.05178,-0.14523,-0.21224,-0.836909557433822,0.425722829885067,0.97682156396788,0.3272290204286474,-5.40391471861926,False,False,False,False
hsa-mir-6735,-0.101136666666667,1.07261822125247,0.0435200000000001,-0.15192,-0.19501,-0.836660164039528,0.425855445417681,0.97682156396788,0.30210496838167067,-5.40410684585561,False,False,False,False
hsa-miR-92a-1-5p,-0.31262,1.24196111119845,-0.13811,-1.25482,0.45507,-0.878713543282064,0.426068581531893,0.97682156396788,0.596491836679588,-5.35070073630609,False,False,False,False
hsa-miR-29a-5p,-0.107176666666667,1.07711826771407,-0.24892,0.11923,-0.19184,-0.835927196225956,0.426245368248238,0.97682156396788,0.44771790621453267,-5.40467123312799,False,False,False,False
hsa-miR-5707,-0.13974,1.10170655033939,-0.0947800000000001,0.26359,-0.58803,-0.836197019255073,0.426402970073632,0.97682156396788,0.628401096135547,-5.40417795548052,False,False,False,False
hsa-mir-3144,-0.0965533333333333,1.06921600122275,-0.11325,-0.0930499999999999,-0.08336,-0.835550317313748,0.426445955681791,0.97682156396788,0.008212956110422226,-5.40496127105736,True,False,False,False
hsa-mir-4279,-0.09704,1.06957674243828,-0.10392,-0.04837,-0.13883,-0.835203779426656,0.426630452211662,0.97682156396788,0.06641644563343485,-5.40522786332498,True,False,False,False
hsa-miR-6072,-0.09902,1.07104567093428,-0.01576,-0.20333,-0.0779700000000001,-0.83518704316809,0.426639363980818,0.97682156396788,0.21447974745984322,-5.40524073623591,True,False,False,False
hsa-miR-3180-3p,-0.0991033333333333,1.071107538745,-0.05348,-0.21128,-0.0325500000000001,-0.834906166178016,0.426788945339164,0.97682156396788,0.22104084253597894,-5.40545674445177,True,False,False,False
hsa-miR-383-5p,0.0986500000000001,1.07077102100854,0.0067600000000001,0.18646,0.10273,0.834516124640856,0.42699672251436,0.97682156396788,0.1977861325428803,-5.40575660546282,True,False,False,False
hsa-miR-5681a,0.0992133333333334,1.07118920972727,0.21326,0.07104,0.0133400000000001,0.833404674397077,0.427589181222178,0.97682156396788,0.23685411458321765,-5.40661044141399,True,False,False,False
hsa-miR-412-5p,-0.1111,1.08005142069808,-0.14369,0.141,-0.33061,-0.832878991248374,0.427869594357751,0.97682156396788,0.5028652127015842,-5.40701395110308,False,False,False,False
hsa-miR-4516,0.0969899999999999,1.06953967437545,0.13428,0.12196,0.0347299999999997,0.832669778942112,0.427981228980436,0.97682156396788,0.09042823888164042,-5.40717448171037,True,False,False,False
hsa-mir-4739,-0.12727,1.09222493623072,0.0750200000000001,-0.53869,0.0818599999999999,-0.832493013237769,0.428075565929142,0.97682156396788,0.5992140264545998,-5.40731008959082,False,False,False,False
hsa-miR-6825-5p,-0.129406666666667,1.0938437465473,-0.13648,-0.49657,0.24483,-0.831834139851221,0.428427322245706,0.97682156396788,0.6069251938420716,-5.40781534104892,False,False,False,False
hsa-miR-5195-5p,-0.10908,1.07854023700623,-0.0535899999999998,-0.35399,0.0803400000000001,-0.830623732920355,0.429074048269536,0.97682156396788,0.4850960220329553,-5.40874266392797,False,False,False,False
hsa-miR-6877-3p,-0.0970633333333333,1.06959404130725,-0.0315800000000002,-0.09816,-0.16145,-0.830227772890132,0.429285757568206,0.97682156396788,0.12241338859944442,-5.4090457748027,True,False,False,False
hsa-miR-4699-3p,-0.0959366666666667,1.06875907238311,-0.09275,-0.11308,-0.0819800000000002,-0.830172394126324,0.429315372858163,0.97682156396788,0.008912550524273305,-5.40908815814175,True,False,False,False
hsa-miR-3136-3p,0.119363333333333,1.0862553882096,0.28109,0.30959,-0.23259,0.829725565980502,0.429554377789168,0.97682156396788,0.5679282523209904,-5.40943004550879,False,False,False,False
hsa-miR-6867-5p,0.100573333333333,1.07219947465238,0.07809,-0.0212399999999999,0.24487,0.827702416759035,0.430637691606525,0.97682156396788,0.3245419889711679,-5.41097612491776,False,False,False,False
hsa-miR-6793-5p,-0.105216666666667,1.07565592236596,0.11181,-0.23533,-0.19213,-0.827569200093085,0.430709089613286,0.97682156396788,0.4370451090150916,-5.41107781798978,False,False,False,False
hsa-mir-4512,0.101666666666667,1.07301233925803,-0.0707200000000001,0.18972,0.186,0.827429611599472,0.43078391136411,0.97682156396788,0.3595220601346495,-5.41118436046079,False,False,False,False
hsa-miR-512-5p,0.09611,1.06888748670236,0.08463,0.14867,0.0550299999999999,0.826692012123015,0.431179425380187,0.97682156396788,0.0736546069661718,-5.41174709271197,True,False,False,False
hsa-mir-548i-2,0.09918,1.07116446028717,-0.0050299999999998,0.07151,0.23106,0.824159127298294,0.432539503672962,0.97682156396788,0.2899253876245892,-5.4136763038133,False,False,False,False
hsa-mir-518e,0.102976666666667,1.07398710141993,-0.02013,0.29685,0.0322100000000001,0.824007988413706,0.432620753464395,0.97682156396788,0.40401400592318126,-5.4137912648994,False,False,False,False
hsa-miR-5571-5p,-0.104703333333333,1.07527325534291,-0.178,-0.24612,0.11001,-0.823643516712392,0.432816730579113,0.97682156396788,0.4386270398990097,-5.41406842136612,False,False,False,False
hsa-mir-629,-0.103306666666667,1.07423279179162,-0.25478,-0.14211,0.08697,-0.823626337009394,0.432825969640912,0.97682156396788,0.4122197544146351,-5.41408148286011,False,False,False,False
hsa-miR-378b,-0.09894,1.07098628119796,-0.17409,0.0373100000000002,-0.16004,-0.82337123549644,0.432963176451037,0.97682156396788,0.2841712730186779,-5.4142754062939,False,False,False,False
hsa-miR-7843-5p,0.10625,1.07642663914559,0.00814,-0.0310900000000001,0.3417,0.823365975779367,0.432966005713362,0.97682156396788,0.4637934043594777,-5.41427940410537,False,False,False,False
hsa-mir-5007,0.09767,1.07004391011803,0.21119,0.05155,0.03027,0.822298000318382,0.433540744778944,0.97682156396788,0.22925371078848247,-5.4150907101721,True,False,False,False
hsa-miR-216b-3p,0.106616666666667,1.07670025201369,0.3281,0.0815699999999999,-0.0898199999999999,0.821979465486753,0.43371226795168,0.97682156396788,0.472106107219149,-5.41533252035893,False,False,False,False
hsa-miR-3145-3p,-0.120516666666667,1.08712412027999,-0.47534,-0.03731,0.1511,-0.821895019496973,0.433757747840775,0.97682156396788,0.582661027678747,-5.41539661293837,False,False,False,False
hsa-miR-8088,0.12479,1.09034900892187,0.52714,-0.0353300000000001,-0.11744,0.821655038883213,0.43388701151242,0.97682156396788,0.6006366872075024,-5.41557872271054,False,False,False,False
hsa-miR-6769a-5p,0.107506666666667,1.07736467438618,-0.13482,0.16663,0.29071,0.82162268160773,0.433904442524381,0.97682156396788,0.4844546959297896,-5.41560327369412,False,False,False,False
hsa-mir-451a,0.122856666666667,1.08888882766359,0.02197,-0.1536,0.5002,0.821120299780879,0.43417513947945,0.97682156396788,0.5936823347384099,-5.41598435069336,False,False,False,False
hsa-mir-582,-0.112936666666667,1.08142728851742,0.0947799999999999,-0.41276,-0.0208299999999999,-0.820865140891235,0.43431267031037,0.97682156396788,0.5386661767948147,-5.41617782445769,False,False,False,False
hsa-miR-4478,-0.100356666666667,1.07203846180067,-0.24657,-0.0932899999999999,0.0387899999999999,-0.820853539903234,0.434318923960737,0.97682156396788,0.3476749415384523,-5.41618661969109,False,False,False,False
hsa-miR-450b-5p,0.0983833333333333,1.07057311878869,-0.0157700000000001,0.0953999999999999,0.21552,0.820068639215137,0.434742177264166,0.97682156396788,0.2786101473028625,-5.41678144698661,False,False,False,False
hsa-miR-7154-3p,-0.115496666666667,1.08334793805486,0.1653,-0.40817,-0.10362,-0.819911997987478,0.434826678965058,0.97682156396788,0.5578094990619559,-5.41690009864784,False,False,False,False
hsa-mir-877,-0.100173333333333,1.07190223904275,-0.01193,-0.26408,-0.0245099999999998,-0.819801622740453,0.434886228765843,0.97682156396788,0.3464545961718971,-5.41698369364569,True,False,False,False
hsa-miR-3064-5p,0.09947,1.07137979957082,0.06324,0.2468,-0.01163,0.819504125432868,0.435046762712835,0.97682156396788,0.32446715082482575,-5.41720896256424,False,False,False,False
hsa-miR-6846-3p,0.09748,1.06990299679256,0.21468,0.03577,0.04199,0.819474954641653,0.435062505886486,0.97682156396788,0.23826821314088373,-5.41723104739354,True,False,False,False
hsa-miR-936,-0.105253333333333,1.07568326093526,-0.03396,-0.33173,0.04993,-0.81902075105692,0.435307685153296,0.97682156396788,0.4593287320582029,-5.41757483421856,False,False,False,False
hsa-mir-3684,0.10807,1.07778543825066,0.2376,-0.15505,0.24166,0.818335009378419,0.435678027850697,0.97682156396788,0.4977449402477571,-5.41809357013476,False,False,False,False
hsa-miR-4782-3p,-0.10374,1.07455550087431,-0.17578,0.10891,-0.24435,-0.817357962246309,0.436206065546925,0.97682156396788,0.4386741637268919,-5.41883203861259,False,False,False,False
hsa-miR-5197-5p,0.107003333333333,1.07698886456282,0.12234,-0.12126,0.31993,0.815992083988617,0.436944976941019,0.97682156396788,0.4899323731078707,-5.41986315378153,False,False,False,False
hsa-mir-3936,-0.104476666666667,1.07510432881851,0.11893,-0.26207,-0.17029,-0.814321812295938,0.437849719831149,0.97682156396788,0.4588558357587573,-5.42112209454607,False,False,False,False
hsa-mir-3149,0.10239,1.07355045727545,0.12489,-0.08528,0.26756,0.813916468528317,0.438069476625655,0.97682156396788,0.4229711243708598,-5.4214272898873,False,False,False,False
hsa-miR-513b-5p,-0.0942466666666666,1.06750784098339,-0.0548299999999999,-0.11597,-0.11194,-0.81333678955083,0.438383879788873,0.97682156396788,0.04118905862272612,-5.42186352594395,True,False,False,False
hsa-mir-101-1,-0.11708,1.08453754670709,-0.18689,0.21779,-0.38214,-0.81303456787174,0.438547858147771,0.97682156396788,0.5756702037285844,-5.42209085877185,False,False,False,False
hsa-miR-802,-0.11997,1.08671226474483,0.0274999999999999,-0.49461,0.1072,-0.812871570202304,0.438636314192221,0.97682156396788,0.5900205366607539,-5.4222134371039,False,False,False,False
hsa-mir-4274,0.1084,1.07803199754786,0.28011,0.20954,-0.16445,0.81141361498996,0.439428062215106,0.97682156396788,0.5142681847122694,-5.42330893864675,False,False,False,False
hsa-mir-30c-1,0.119686666666667,1.0864988644302,0.49756,-0.05809,-0.0804100000000001,0.810420547579239,0.439967907958102,0.97682156396788,0.5914013541266312,-5.42405418010834,False,False,False,False
hsa-miR-885-5p,-0.13503,1.0981156482226,-0.48961,-0.25281,0.33733,-0.810344330051234,0.440209485412331,0.97682156396788,0.6380046169089082,-5.4239192339823,False,False,False,False
hsa-mir-2861,0.11574,1.0835306772271,-0.16804,0.42857,0.0866899999999999,0.809952142586547,0.440222696215172,0.97682156396788,0.5720419424520489,-5.42440542578888,False,False,False,False
hsa-miR-4725-3p,0.124026666666667,1.0897722552956,0.07976,-0.20976,0.50208,0.809653859075056,0.44038499941935,0.97682156396788,0.6093819379103358,-5.42462901254234,False,False,False,False
hsa-miR-4297,0.0953033333333333,1.06828999737046,0.17036,0.0040299999999999,0.11152,0.808430871097513,0.441050881855439,0.97682156396788,0.1894627043980859,-5.42554501382314,True,False,False,False
hsa-miR-323a-5p,-0.109596666666667,1.07892655952579,0.11893,-0.38087,-0.0668500000000001,-0.808392625944698,0.441071716289052,0.97682156396788,0.5307908199608304,-5.42557364015377,False,False,False,False
hsa-miR-4745-3p,-0.0939933333333333,1.06732040596103,-0.07178,-0.0606200000000001,-0.14958,-0.808349334989219,0.441095300281547,0.97682156396788,0.07833916924379764,-5.42560604187214,True,False,False,False
hsa-miR-3665,0.10153,1.07291069749042,0.304509999999999,-0.0020000000000006,0.0020800000000011,0.808290134997826,0.441127552565645,0.97682156396788,0.42252397775878897,-5.42565034856868,False,False,False,False
hsa-miR-181c-3p,-0.0951833333333333,1.06820114320189,-0.1309,0.0,-0.15465,-0.807821419644697,0.441382966269571,0.97682156396788,0.1863129973812849,-5.42600105009747,False,False,False,False
hsa-miR-7159-5p,0.09834,1.07054096313293,0.23487,-0.0395300000000001,0.09968,0.807718607182672,0.4414390045596,0.97682156396788,0.3402953028848987,-5.4260779534169,False,False,False,False
hsa-miR-628-5p,-0.10218,1.07339420166882,0.0888900000000001,-0.27799,-0.11744,-0.807578636560908,0.44151530380073,0.97682156396788,0.43743812588056175,-5.42618263766424,False,False,False,False
hsa-mir-5684,-0.12553,1.09090842391227,-0.41328,0.29267,-0.25598,-0.807048828708916,0.441804187911197,0.97682156396788,0.6168291503015813,-5.42657874361094,False,False,False,False
hsa-miR-511-3p,0.0957333333333334,1.06860845217222,0.0021600000000001,0.0880400000000001,0.197,0.806542799699085,0.442080226104875,0.97682156396788,0.231585821005046,-5.42695686737202,True,False,False,False
hsa-miR-4750-5p,-0.17797,1.13129093806759,0.04518,-0.8461,0.26701,-0.817808879305559,0.442089454639125,0.97682156396788,0.6530170209996268,-5.41263716624567,False,False,False,False
hsa-mir-3074,-0.115706666666667,1.08350564264184,0.16411,-0.4375,-0.0737300000000001,-0.806313555010573,0.442205317312097,0.97682156396788,0.5763436153910588,-5.42712810189041,False,False,False,False
hsa-mir-3138,0.10004,1.0718031788184,0.19431,0.19327,-0.0874600000000001,0.805638365573227,0.442573885269772,0.97682156396788,0.3976805305456029,-5.42763219724544,False,False,False,False
hsa-miR-3688-3p,0.104226666666667,1.07491804357578,0.01359,0.34222,-0.0431299999999999,0.805162650363542,0.442833690630139,0.97682156396788,0.4770317807380168,-5.42798715203378,False,False,False,False
hsa-mir-485,-0.13253,1.09621440658497,0.21974,-0.59194,-0.02539,-0.804981857191939,0.443088140359464,0.97682156396788,0.6367442406487633,-5.42797222466188,False,False,False,False
hsa-mir-548f-4,-0.131726666666667,1.09560417336503,-0.55065,-0.11685,0.27232,-0.804641207553784,0.443274200563583,0.97682156396788,0.635136295167127,-5.42822629344192,False,False,False,False
hsa-miR-514a-3p,-0.0944400000000001,1.06765090564549,-0.00896,-0.15622,-0.11814,-0.804019281189503,0.443458548919707,0.97682156396788,0.16571689006858523,-5.42883955467883,True,False,False,False
hsa-mir-761,-0.112053333333333,1.08076535487199,-0.0060799999999998,-0.42694,0.09686,-0.804015049080859,0.443460862902338,0.97682156396788,0.5567199211419863,-5.42884270789845,False,False,False,False
hsa-miR-4695-5p,-0.254966666666667,1.19330817144005,-1.15108,0.23138,0.1548,-0.833916074443266,0.443555202295631,0.97682156396788,0.6270978091969244,-5.39085860868827,False,False,False,False
hsa-mir-33b,0.130256666666667,1.09448840193867,-0.25768,0.5493,0.0991500000000001,0.802796603154829,0.444282629675443,0.97682156396788,0.6330240905841642,-5.42960049469614,False,False,False,False
hsa-mir-4309,0.0997333333333333,1.07157537504303,-0.0878300000000001,0.21108,0.17595,0.802498219257507,0.44429074410747,0.97682156396788,0.40121885437108573,-5.42997195253102,False,False,False,False
hsa-mir-4527,-0.09446,1.06766570653238,-0.18498,-0.0282,-0.0702,-0.802481430316721,0.44429993547679,0.97682156396788,0.18134719955488954,-5.42998444145396,True,False,False,False
hsa-miR-155-3p,0.0958933333333333,1.06872697121391,0.20454,0.09785,-0.01471,0.802315486117696,0.444390791157116,0.97682156396788,0.2690157866344512,-5.43010787184023,False,False,False,False
hsa-mir-6794,-0.10109,1.07258352597314,-0.0664,0.0592999999999999,-0.29617,-0.801605692925067,0.444779550084297,0.97682156396788,0.4338334208580704,-5.4306355778277,False,False,False,False
hsa-miR-3192-3p,0.0951199999999999,1.06815425092582,-0.0186900000000001,0.16594,0.13811,0.800537962743284,0.44536478688008,0.97682156396788,0.2397271529098743,-5.43142865541525,False,False,False,False
hsa-mir-7160,-0.0946166666666667,1.06778165391211,-0.02783,-0.05919,-0.19683,-0.800405685224995,0.44543732613002,0.97682156396788,0.20988010378903674,-5.43152684507544,True,False,False,False
hsa-miR-4693-5p,0.110646666666667,1.07971209299643,0.42235,-0.08096,-0.00945,0.798594384935775,0.446431422509627,0.97682156396788,0.5544610302049491,-5.43286999667656,False,False,False,False
hsa-miR-6738-5p,0.11191,1.08065798498334,-0.0350900000000001,0.43781,-0.0669899999999999,0.798292215176005,0.446597408081873,0.97682156396788,0.5637256015586263,-5.43309381764923,False,False,False,False
hsa-mir-3648,-0.107173333333333,1.07711577904531,0.0084699999999999,-0.38726,0.0572700000000002,-0.798086157197596,0.446710622151235,0.97682156396788,0.5259269497255843,-5.43324640639278,False,False,False,False
hsa-miR-6745,0.104043333333333,1.07478145491254,-0.0445,0.00356,0.35307,0.796631317863748,0.447510502911998,0.97682156396788,0.49362765876227754,-5.43432278804707,False,False,False,False
hsa-miR-937-5p,0.0948033333333331,1.06791982042109,0.12836,0.177569999999999,-0.0215199999999998,0.795990682489454,0.447863034726382,0.97682156396788,0.2541603572977776,-5.43479624417964,False,False,False,False
hsa-mir-4449,-0.131493333333333,1.09542699087345,0.35226,-0.37253,-0.37421,-0.796118670039134,0.447946383842717,0.97682156396788,0.641188496853274,-5.43455322422815,False,False,False,False
hsa-miR-29a-3p,-0.33425,1.26072183910246,0.66251,-1.22296,-0.4423,-0.839275099802468,0.448636080670651,0.97682156396788,0.6033349863909483,-5.37932553341721,False,False,False,False
hsa-mir-4787,-0.10027,1.07197406343042,-0.20483,-0.20477,0.10879,-0.794536285315035,0.448664061602205,0.97682156396788,0.4386583794422396,-5.43586990878967,False,False,False,False
hsa-miR-4666a-3p,0.0937200000000001,1.06711821034674,0.19221,0.0357800000000001,0.05317,0.794464193898753,0.448703791899417,0.97682156396788,0.1988274570454932,-5.43592308490337,True,False,False,False
hsa-miR-1251-3p,0.11377,1.08205212585683,-0.00482,0.45647,-0.11034,0.79425068592825,0.448821472160109,0.97682156396788,0.5804129782383735,-5.43608054884099,False,False,False,False
hsa-mir-4804,-0.09302,1.06660056695279,-0.0209700000000002,-0.0984099999999999,-0.15968,-0.794233244036108,0.448831086613146,0.97682156396788,0.14635365098238037,-5.4360934108027,True,False,False,False
hsa-miR-6884-3p,-0.111673333333333,1.08048072316479,-0.42197,-0.05243,0.13938,-0.794214225772535,0.448841570163659,0.97682156396788,0.5677442353044502,-5.43610743493651,False,False,False,False
hsa-miR-4464,0.10176,1.07308175868142,0.32927,-0.03372,0.00973,0.793616678754374,0.449171043489802,0.97682156396788,0.46772933942124206,-5.43654792351055,False,False,False,False
hsa-mir-574,0.0921666666666666,1.0659698746239,0.0967399999999998,0.13574,0.04402,0.79317272391104,0.449415935038747,0.97682156396788,0.07402891555741849,-5.43687500825455,True,False,False,False
hsa-miR-6829-5p,0.101603333333333,1.07296523577835,0.0146200000000001,-0.0378799999999999,0.32807,0.792658161062136,0.449699887260114,0.97682156396788,0.4676452978102533,-5.43725391981948,False,False,False,False
hsa-miR-4513,0.09844,1.07061516994974,-0.08602,0.15211,0.22923,0.791458861035309,0.450362167384483,0.97682156396788,0.40847187095793713,-5.43813624723011,False,False,False,False
hsa-mir-3610,-0.11237,1.08100260523741,0.22628,-0.26426,-0.29913,-0.791443710838712,0.450370537848788,0.97682156396788,0.5758008927217905,-5.43814738602484,False,False,False,False
hsa-miR-3922-3p,-0.114863333333333,1.08287246003471,-0.33865,0.24243,-0.24837,-0.791409554143721,0.450389409762632,0.97682156396788,0.589724776175161,-5.43817249819919,False,False,False,False
hsa-miR-3687,0.11594,1.08368089688608,-0.09274,-0.0445599999999999,0.48512,0.791408909638682,0.450389765863185,0.97682156396788,0.5950604596516172,-5.43817297203373,False,False,False,False
hsa-miR-873-5p,0.0926366666666667,1.06631720198303,0.17491,0.04075,0.0622500000000001,0.79014021536553,0.451091108693955,0.97682156396788,0.15585942401991795,-5.43910507150322,True,False,False,False
hsa-miR-3606-3p,0.100703333333333,1.07229609397103,-0.10344,0.12492,0.28063,0.789132287586659,0.451648820252863,0.97682156396788,0.4618667426653817,-5.43984468469777,False,False,False,False
hsa-miR-1537-5p,0.10466,1.0752409585142,0.2775,0.19641,-0.15993,0.788553094995555,0.451969511096778,0.97682156396788,0.5175143624466453,-5.44026933175278,False,False,False,False
hsa-mir-526b,0.0956566666666666,1.06855166645599,0.20429,-0.0518400000000001,0.13452,0.788399382261755,0.452054645317327,0.97682156396788,0.33736351211989457,-5.44038198504378,False,False,False,False
hsa-miR-6767-5p,-0.113113333333333,1.0815597238881,-0.39925,0.20406,-0.14415,-0.788373290838081,0.452069097191261,0.97682156396788,0.584018693381654,-5.44040110512908,False,False,False,False
hsa-mir-6781,0.0924733333333333,1.06619648673867,0.0072799999999999,0.12492,0.14522,0.78794488799983,0.452306431091209,0.97682156396788,0.16446035202279102,-5.44071496675585,True,False,False,False
hsa-miR-4794,0.0917966666666667,1.0656965262926,0.14764,0.0907900000000001,0.0369600000000001,0.787813435982442,0.452379271857044,0.97682156396788,0.10282282587918454,-5.4408112437024,True,False,False,False
hsa-miR-3622a-5p,-0.09871,1.07081555404943,0.07477,-0.09918,-0.27172,-0.787599477502531,0.452497848271978,0.97682156396788,0.4277368113317999,-5.44096792018266,False,False,False,False
hsa-miR-548z,0.10978,1.07906367496989,0.42621,0.0,-0.09687,0.787018774839317,0.452819780326353,0.97682156396788,0.5649660932374224,-5.44139297236772,False,False,False,False
hsa-miR-548h-3p,0.10978,1.07906367496989,0.42621,0.0,-0.09687,0.787018774839317,0.452819780326353,0.97682156396788,0.5649660932374224,-5.44139297236772,False,False,False,False
hsa-miR-6772-3p,-0.0982733333333334,1.07049149477922,-0.25229,-0.12586,0.0833299999999999,-0.78665929605161,0.453019146334922,0.97682156396788,0.4210356583618594,-5.44165596382678,False,False,False,False
hsa-miR-106a-3p,0.11643,1.08404902307369,0.49574,-0.0974299999999999,-0.04902,0.786550583502619,0.453079449606661,0.97682156396788,0.6027102850099536,-5.4417354768753,False,False,False,False
hsa-miR-8068,0.115366666666667,1.08325032290898,-0.12034,0.48226,-0.0158199999999999,0.78620995703544,0.453268431223527,0.97682156396788,0.5981878779398311,-5.44198455284933,False,False,False,False
hsa-mir-5581,0.104986666666667,1.07548445082458,-0.12716,0.34977,0.0923500000000002,0.786029056342715,0.45336881746581,0.97682156396788,0.5257786506814832,-5.44211679546691,False,False,False,False
hsa-mir-26b,0.0982066666666666,1.07044202871137,-0.09006,0.23947,0.14521,0.785979287439829,0.453396438063405,0.97682156396788,0.4217887240665701,-5.44215317316301,False,False,False,False
hsa-mir-4777,0.0929866666666667,1.06657592353162,0.0958100000000002,0.18315,0.0,0.785926969815907,0.45342547435669,0.97682156396788,0.22080168651709106,-5.44219141169368,False,False,False,False
hsa-miR-4290,-0.105493333333333,1.07586222145704,-0.25988,0.17623,-0.23283,-0.78509887125149,0.453885234964957,0.97682156396788,0.5325688388195895,-5.44279637448715,False,False,False,False
hsa-miR-5094,-0.11875,1.08579368631099,0.2222,-0.10582,-0.47263,-0.784954777690042,0.453965267597982,0.97682156396788,0.6140123229712144,-5.44290158592728,False,False,False,False
hsa-miR-561-5p,0.100036666666667,1.07180070243009,0.08907,-0.0872200000000001,0.29826,0.784057302043171,0.454463957101904,0.97682156396788,0.46400336100995193,-5.44355651806704,False,False,False,False
hsa-miR-10a-5p,-0.0973333333333333,1.0697942342851,-0.23343,-0.14109,0.0825200000000001,-0.783791659714686,0.454611633581857,0.97682156396788,0.4083981919362193,-5.44375024827752,False,False,False,False
hsa-miR-216b-5p,0.09184,1.06572853643684,0.17029,0.0307900000000001,0.0744399999999998,0.783570682034776,0.4547345044188,0.97682156396788,0.15559342404705623,-5.44391136252515,True,False,False,False
hsa-mir-6728,-0.1044,1.07504719791223,-0.27544,0.16594,-0.2037,-0.783175442189352,0.454954326059637,0.97682156396788,0.5249585801732475,-5.44419943459457,False,False,False,False
hsa-miR-4736,0.11378,1.08205962609662,0.38541,0.1853,-0.22937,0.783147199548753,0.454970036564069,0.97682156396788,0.5938910352717286,-5.44422001462292,False,False,False,False
hsa-miR-3918,0.0935466666666667,1.06699000858533,0.11472,0.19028,-0.02436,0.783042774529562,0.455028128107973,0.97682156396788,0.27510472712808104,-5.44429610223795,False,False,False,False
hsa-miR-548ah-3p,0.0905033333333333,1.06474158905134,0.12148,0.0822900000000001,0.0677399999999999,0.781946034460819,0.455638542798413,0.97682156396788,0.030032042352663147,-5.44509470333856,True,False,False,False
hsa-mir-3619,0.0948800000000001,1.06797657255932,-0.0563199999999999,0.1491,0.19186,0.781851660316177,0.455691094320021,0.97682156396788,0.3411376523242635,-5.44516337825212,False,False,False,False
hsa-miR-495-3p,0.0953933333333333,1.06835664284719,0.0395399999999999,-0.00828,0.25492,0.781781317184012,0.455730266986637,0.97682156396788,0.359839606265997,-5.4452145615067,False,False,False,False
hsa-mir-6745,0.12337,1.08927634018103,0.12186,0.50564,-0.25739,0.781904237576252,0.455812567845881,0.97682156396788,0.6317839901712823,-5.44497891478592,False,False,False,False
hsa-mir-302a,-0.139463333333333,1.10149529553795,-0.54899,0.37085,-0.24025,-0.783663825292293,0.456280550006593,0.97682156396788,0.65723228757714,-5.44229509590551,False,False,False,False
hsa-mir-145,-0.0957833333333333,1.06864548796079,0.07525,-0.17572,-0.18688,-0.780202977650388,0.456609803050899,0.97682156396788,0.3794078762662876,-5.44636196711661,False,False,False,False
hsa-mir-6759,-0.0965766666666667,1.06923329425725,-0.26146,0.0577099999999999,-0.08598,-0.779379315691482,0.457069241013345,0.97682156396788,0.40517720618521985,-5.44695996124882,False,False,False,False
hsa-miR-141-5p,0.0982966666666666,1.07050880844299,0.28237,-0.0803100000000001,0.09283,0.778654176459369,0.45747397789433,0.97682156396788,0.44703782038374035,-5.44748598098928,False,False,False,False
hsa-mir-4681,0.0941433333333334,1.06743138324972,0.23955,0.04288,0.0,0.778473315868862,0.457574962508333,0.97682156396788,0.32995283335000647,-5.44761711324176,False,False,False,False
hsa-miR-1178-3p,-0.125123333333333,1.09060096214131,-0.5835,0.09998,0.10815,-0.778170672997331,0.457893928646579,0.97682156396788,0.6398811202719195,-5.4476908986451,False,False,False,False
hsa-miR-1,0.0943,1.06754730518219,-0.02217,0.0677099999999999,0.23736,0.777560641601662,0.458084786114063,0.97682156396788,0.34092956539467034,-5.44827844832805,False,False,False,False
hsa-miR-142-3p,0.0982266666666666,1.07045686829172,0.30608,0.02259,-0.03399,0.777529100082152,0.458102412090762,0.97682156396788,0.4490295196850285,-5.44830129189153,False,False,False,False
hsa-miR-4795-5p,0.0908033333333333,1.0649630188622,0.11307,0.0199,0.13944,0.777297323863306,0.458231946710424,0.97682156396788,0.12925398612366665,-5.44846912879823,True,False,False,False
hsa-mir-6885,0.111933333333333,1.0806754630755,0.34293,-0.23575,0.22862,0.776857467479343,0.458477839730673,0.97682156396788,0.5916818818568135,-5.44878752628845,False,False,False,False
hsa-mir-543,-0.0978666666666666,1.0701897873182,-0.0731599999999999,-0.28867,0.06823,-0.776412718272874,0.458726557181115,0.97682156396788,0.44516228416835774,-5.44910930938983,False,False,False,False
hsa-mir-4473,-0.0913766666666667,1.06538632394026,-0.0057100000000001,-0.101,-0.16742,-0.776241504122517,0.458822329312585,0.97682156396788,0.1908927615299646,-5.44923314367784,True,False,False,False
hsa-mir-521-2,0.09566,1.06855413533743,0.07406,-0.0455599999999999,0.25848,0.776172153584553,0.458861125733863,0.97682156396788,0.3924461300759743,-5.44928329631087,False,False,False,False
hsa-miR-199a-5p,-0.0926966666666666,1.06636154979093,-0.11801,0.0266599999999999,-0.18674,-0.775902723627256,0.459011872263345,0.97682156396788,0.27842261046051914,-5.44947810530227,False,False,False,False
hsa-miR-6728-3p,0.0903766666666667,1.06464811028853,0.13574,0.02685,0.10854,0.775291863031674,0.459353771699214,0.97682156396788,0.10988394729156171,-5.44991956920042,True,False,False,False
hsa-mir-4433b,0.100836666666667,1.07239519975252,-0.0011700000000001,0.34664,-0.0429600000000001,0.774482149244656,0.459807230160077,0.97682156396788,0.4999791407745817,-5.45050428569295,False,False,False,False
hsa-mir-30c-2,-0.11409,1.08229215931809,0.06591,0.0823,-0.49048,-0.773782676561787,0.460199190203397,0.97682156396788,0.6061082263158931,-5.45100897451518,False,False,False,False
hsa-mir-6722,0.092593333333333,1.06628517415767,-0.0118500000000008,0.21187,0.0777599999999996,0.773300340330814,0.460469603680914,0.97682156396788,0.2903696606894796,-5.45135676675817,False,False,False,False
hsa-mir-548a-1,0.16124,1.11824786197812,-0.47534,0.57758,0.38148,0.781154171911091,0.460567164822633,0.97682156396788,0.6674046753629892,-5.44132106776252,False,False,False,False
hsa-mir-3183,0.09015,1.06448085298524,0.14196,0.0257499999999999,0.10274,0.772710729535697,0.460800301919628,0.97682156396788,0.1184220650173655,-5.45178165876342,True,False,False,False
hsa-miR-2467-3p,-0.0893633333333333,1.06390057557565,-0.0878300000000001,-0.11597,-0.06429,-0.772331507766858,0.461013081300973,0.97682156396788,0.026824822203337727,-5.45205479167253,True,False,False,False
hsa-miR-6818-3p,-0.150936666666667,1.11029009157716,-0.58467,-0.29623,0.42809,-0.778050996849357,0.461101076906945,0.97682156396788,0.6660530490749381,-5.44473047764979,False,False,False,False
hsa-mir-1283-2,-0.102346666666667,1.07351821219257,0.0693300000000001,-0.3655,-0.0108699999999999,-0.772171596922821,0.461102825970446,0.97682156396788,0.523694233552771,-5.4521699324874,False,False,False,False
hsa-mir-548aj-2,0.09105,1.0651451178705,0.17101,0.0017799999999998,0.10036,0.772107225074713,0.461138955808426,0.97682156396788,0.20469194746820388,-5.45221627648755,True,False,False,False
hsa-miR-6758-3p,-0.0898566666666667,1.06426444136214,-0.10952,-0.13203,-0.02802,-0.771318492940176,0.461581797975902,0.97682156396788,0.10458667517789819,-5.45278385005919,True,False,False,False
hsa-mir-548aa-1,-0.09004,1.06439969347011,-0.09531,-0.0262800000000001,-0.14853,-0.771181297783148,0.461658856429196,0.97682156396788,0.1259460069036179,-5.45288252545013,True,False,False,False
hsa-miR-3607-3p,0.103946666666667,1.07470944242407,0.18509,0.30069,-0.17394,0.770980546218761,0.46177162798623,0.97682156396788,0.5425892507675629,-5.45302688573731,False,False,False,False
hsa-miR-6746-3p,-0.105413333333333,1.07580256464186,-0.0909500000000001,-0.37426,0.14897,-0.769666469971152,0.462510256576229,0.97682156396788,0.5578699494797689,-5.45397104387978,False,False,False,False
hsa-mir-548f-3,0.13417,1.09746124932939,-0.16187,0.65774,-0.0933600000000001,0.77127058679425,0.46258372978695,0.97682156396788,0.6601347904871104,-5.45187003578719,False,False,False,False
hsa-mir-133b,-0.0945633333333334,1.06774218105011,0.03809,-0.25648,-0.0653000000000001,-0.769529819761779,0.462587111085456,0.97682156396788,0.38745259062723386,-5.4540691474659,False,False,False,False
hsa-miR-593-5p,0.09738,1.06982883933812,0.19733,-0.11588,0.21069,0.769016295060242,0.462876002032217,0.97682156396788,0.4577645589859843,-5.4544376827617,False,False,False,False
hsa-mir-668,-0.0933666666666667,1.06685689228883,-0.08535,0.0362100000000001,-0.23096,-0.768783043439974,0.463007260588849,0.97682156396788,0.350210316229547,-5.45460500828119,False,False,False,False
hsa-mir-299,-0.09061,1.06482031437553,-0.03599,-0.18889,-0.04695,-0.768267826110224,0.463297277963958,0.97682156396788,0.20711536332100805,-5.45497445108318,True,False,False,False
hsa-mir-3660,0.11158,1.08041082509022,-0.17229,0.0590300000000001,0.448,0.768096521559639,0.463393732398483,0.97682156396788,0.6003705252979366,-5.45509724016313,False,False,False,False
hsa-mir-4532,-0.0990600000000001,1.07107536703743,-0.15157,0.12702,-0.27263,-0.76758321777183,0.463682831758671,0.97682156396788,0.4905681897397571,-5.4554650300406,False,False,False,False
hsa-miR-539-3p,0.09081,1.06496794004767,0.0383100000000001,0.03731,0.19681,0.767453224104995,0.463756064783965,0.97682156396788,0.2287775790806983,-5.4555581390833,True,False,False,False
hsa-mir-639,0.0957700000000001,1.068635611625,0.21468,0.16979,-0.0971599999999999,0.767224575115876,0.463884894650098,0.97682156396788,0.42887446258251494,-5.45572187808761,False,False,False,False
hsa-miR-224-3p,-0.104126666666667,1.07484353851683,-0.39701,0.03928,0.04535,-0.767181122093755,0.46390938047044,0.97682156396788,0.5508226231313347,-5.45575299073509,False,False,False,False
hsa-miR-451a,-0.28843,1.22131047402851,0.722370000000001,-0.82901,-0.758649999999999,-0.803330384552269,0.464051601187039,0.97682156396788,0.6260380020985645,-5.40995428891475,False,False,False,False
hsa-mir-3139,0.10223,1.0734314033217,0.05436,0.35967,-0.10734,0.766651618527116,0.464207824812058,0.97682156396788,0.5331255950274352,-5.45613199762039,False,False,False,False
hsa-miR-6763-5p,-0.247496666666667,1.18714541767736,-0.96897,-0.37357,0.60005,-0.794482854338738,0.464235187046056,0.97682156396788,0.642585291724664,-5.42093637768276,False,False,False,False
hsa-miR-450a-2-3p,0.1123,1.08095015593629,0.47821,-0.12104,-0.02027,0.766342733444617,0.464381980376183,0.97682156396788,0.6060225948869111,-5.45635298728794,False,False,False,False
hsa-mir-758,-0.0934966666666667,1.06695303017032,-0.186,-0.16248,0.0679900000000001,-0.766159176345893,0.464485493950264,0.97682156396788,0.3678153184918323,-5.45648427582551,False,False,False,False
hsa-mir-21,0.0961066666666666,1.06888501705072,0.10049,0.26841,-0.0805800000000001,0.765962887699878,0.464596204086842,0.97682156396788,0.4408726053680557,-5.45662464077212,False,False,False,False
hsa-mir-889,0.10389,1.07466723044995,-0.01057,-0.0719000000000001,0.39414,0.765799914029571,0.46468813723815,0.97682156396788,0.5510229028528556,-5.45674115896943,False,False,False,False
hsa-mir-3119-1,0.0989066666666667,1.07096153644645,-0.11113,0.30134,0.10651,0.765345531781217,0.464944516808445,0.97682156396788,0.49372865163225654,-5.45706590795265,False,False,False,False
hsa-mir-192,0.104543333333333,1.07515401033534,-0.0681400000000001,-0.0214000000000001,0.40317,0.765202684882603,0.465025135677043,0.97682156396788,0.55775901481157,-5.45716796716384,False,False,False,False
hsa-miR-619-5p,0.20409,1.15195950308123,-0.57728,0.65781,0.53174,0.783742012280766,0.466027842495165,0.97682156396788,0.6548134237013954,-5.4327676353811,False,False,False,False
hsa-miR-7974,0.12045,1.0870738856394,0.54673,0.0036,-0.18898,0.763394774525433,0.46619304226372,0.97682156396788,0.639356220810521,-5.45831520794243,False,False,False,False
hsa-mir-342,-0.0943833333333334,1.06760897091354,-0.24545,-0.10741,0.0697099999999999,-0.762844100184298,0.466357588380293,0.97682156396788,0.4094967997207355,-5.45885073594144,False,False,False,False
hsa-miR-4755-3p,-0.102263333333333,1.07345620513991,0.16625,-0.30574,-0.1673,-0.762469108465953,0.466569666620828,0.97682156396788,0.5412944112659063,-5.45911786946849,False,False,False,False
hsa-miR-6887-3p,0.0923866666666666,1.06613243930142,0.23725,-0.0174400000000001,0.05735,0.762259046929024,0.466688495593886,0.97682156396788,0.3460773941053769,-5.45926746218553,False,False,False,False
hsa-miR-5188,0.10978,1.07906367496989,0.31607,-0.24197,0.25524,0.762214984627616,0.466713423569013,0.97682156396788,0.5978846150607724,-5.4592988361236,False,False,False,False
hsa-miR-1301-3p,0.0959766666666668,1.06878870508741,0.119359999999999,0.26184,-0.0932699999999995,0.762113551930102,0.466770811821625,0.97682156396788,0.45045808793303443,-5.45937105393106,False,False,False,False
hsa-mir-377,-0.119953333333333,1.08669971062498,-0.49455,0.2638,-0.12911,-0.762348291143246,0.466784558874616,0.97682156396788,0.6387862717955332,-5.45906105966718,False,False,False,False
hsa-mir-5010,-0.0998933333333333,1.07169422314524,-0.32848,-0.0831299999999999,0.11193,-0.762013238760151,0.466827571237884,0.97682156396788,0.5151380927007889,-5.45944246655627,False,False,False,False
hsa-miR-101-5p,-0.133373333333333,1.0968553905619,0.34892,-0.56071,-0.18833,-0.763623532260047,0.466960547347924,0.97682156396788,0.6636134961060076,-5.45727833255353,False,False,False,False
hsa-miR-18a-3p,0.185333333333333,1.13707966407535,0.82944,0.16739,-0.44083,0.77551617848396,0.46793188126268,0.97682156396788,0.6635528666692028,-5.44131226800224,False,False,False,False
hsa-mir-4321,-0.09669,1.06931729297477,0.11637,-0.24842,-0.15802,-0.759952048936898,0.467994843122811,0.97682156396788,0.4710013032515818,-5.46090803619931,False,False,False,False
hsa-miR-518f-5p,0.11282,1.08133984008778,-0.26754,0.2613,0.3447,0.759766585569843,0.468099966797728,0.97682156396788,0.6157881012687123,-5.46103973938374,False,False,False,False
hsa-mir-3689b,0.09042,1.06468008894168,0.19399,-0.01312,0.0903900000000002,0.759250899781441,0.468392347462175,0.97682156396788,0.2695909944074785,-5.46140579856949,False,False,False,False
hsa-mir-6764,-0.0931966666666667,1.06673118659126,-0.24187,-0.09317,0.05545,-0.758875880960622,0.46860504884319,0.97682156396788,0.39099913253142315,-5.46167187142991,False,False,False,False
hsa-miR-3165,-0.10765,1.07747171706456,-0.4121,-0.08389,0.17304,-0.758640628740052,0.468738510429134,0.97682156396788,0.5899920560528027,-5.46183872340514,False,False,False,False
hsa-mir-708,-0.0984433333333334,1.07061764359889,0.10607,-0.0834600000000001,-0.31794,-0.757224790539447,0.469542260233092,0.97682156396788,0.5063460658454553,-5.46284196443568,False,False,False,False
hsa-mir-378h,-0.0974466666666666,1.06987827706994,-0.30179,-0.0932899999999999,0.10274,-0.757013893780585,0.469662060399042,0.97682156396788,0.49187622317279905,-5.46299126487071,False,False,False,False
hsa-mir-380,0.0896966666666666,1.06414641720341,0.13378,-0.0190700000000001,0.15438,0.756866776813171,0.469745642237744,0.97682156396788,0.2427711458823549,-5.46309539243517,False,False,False,False
hsa-mir-3201,0.09204,1.06587628802402,0.22384,-0.04793,0.10021,0.756599846539789,0.469897318725069,0.97682156396788,0.36204064336200187,-5.46328427797581,False,False,False,False
hsa-miR-99a-3p,-0.0883866666666666,1.06318058655159,-0.14943,-0.0222199999999999,-0.09351,-0.75634512722675,0.470042086559814,0.97682156396788,0.1383526929054327,-5.46346446939984,True,False,False,False
hsa-miR-6869-5p,0.10217,1.07338676149296,0.28665,0.201350000000001,-0.18149,0.756308298023109,0.470063020582701,0.97682156396788,0.5514495253691558,-5.46349051849546,False,False,False,False
hsa-mir-6742,0.107446666666667,1.0773198689807,0.44984,-0.0624699999999999,-0.0650299999999999,0.754390405546261,0.471154010413535,0.97682156396788,0.5943602614363546,-5.464845526486,False,False,False,False
hsa-miR-3180-5p,0.08868,1.06339677777948,0.17973,0.05366,0.0326500000000001,0.753933779069189,0.47141400561057,0.97682156396788,0.19324336851978038,-5.46516770108559,True,False,False,False
hsa-miR-204-3p,-0.0889166666666666,1.06357123683518,-0.17162,-0.0946099999999999,-0.0005199999999998,-0.753762835682321,0.471511361945867,0.97682156396788,0.21412884758346226,-5.46528826769741,True,False,False,False
hsa-miR-3682-5p,-0.0899199999999999,1.06431116287446,0.0312600000000001,-0.12342,-0.1776,-0.752907470405206,0.471998710334049,0.97682156396788,0.2872722456322671,-5.46589120471389,False,False,False,False
hsa-miR-216a-5p,0.107183333333333,1.07712324506884,0.2731,-0.23484,0.28329,0.752784472303388,0.472068816145188,0.97682156396788,0.5948722108889464,-5.46597785619912,False,False,False,False
hsa-miR-302b-3p,-0.11409,1.08229215931809,-0.44101,-0.15528,0.25402,-0.752571913672303,0.472189985234822,0.97682156396788,0.6286213739780171,-5.46612757386398,False,False,False,False
hsa-miR-323b-5p,-0.10686,1.07688186985399,0.17149,-0.0766899999999999,-0.41538,-0.75194317052571,0.472548519324249,0.97682156396788,0.594004775257811,-5.46657022196205,False,False,False,False
hsa-miR-302b-5p,-0.08879,1.06347786082319,-0.01295,-0.06691,-0.18651,-0.751522906503701,0.47278826952063,0.97682156396788,0.22552425431595274,-5.46686591887693,True,False,False,False
hsa-miR-6880-3p,0.0901799999999999,1.06450298847245,0.0484199999999999,0.22212,0.0,0.751150340710583,0.473000875453695,0.97682156396788,0.31292826706114063,-5.46712793639089,False,False,False,False
hsa-miR-6749-3p,-0.0941033333333332,1.06740178817785,-0.07466,0.0684600000000002,-0.27611,-0.750934595046007,0.473124019974104,0.97682156396788,0.44580378231294426,-5.46727961452458,False,False,False,False
hsa-miR-3160-3p,0.0887633333333333,1.06345820376004,0.0169299999999999,0.18977,0.05959,0.750836156854892,0.473180214027032,0.97682156396788,0.22984395688702303,-5.46734880818166,True,False,False,False
hsa-miR-8084,0.106226666666667,1.07640922977094,0.12056,0.3896,-0.19148,0.75075451364353,0.473226823865221,0.97682156396788,0.5916246005977179,-5.46740619047288,False,False,False,False
hsa-miR-551b-3p,-0.158643333333333,1.11623696898033,0.26303,0.0660299999999998,-0.80499,-0.758511484690921,0.473363706754099,0.97682156396788,0.6765194727517334,-5.45749240633189,False,False,False,False
hsa-mir-518d,0.08907,1.0636842819244,0.17458,0.10961,-0.01698,0.750499327214817,0.473372528263564,0.97682156396788,0.25412271612308784,-5.46758551160181,False,False,False,False
hsa-mir-4307,-0.09126,1.06530017264561,-0.22504,0.04721,-0.0959500000000002,-0.750124437143061,0.473586633204969,0.97682156396788,0.36558772821230767,-5.4678488540022,False,False,False,False
hsa-miR-205-5p,-0.0884666666666667,1.06323954343629,-0.06715,-0.18244,-0.01581,-0.750077918636571,0.473613204975984,0.97682156396788,0.2144018617343351,-5.46788152312976,True,False,False,False
hsa-miR-3163,-0.0884766666666666,1.06324691327675,0.01058,-0.12414,-0.15187,-0.749589506625093,0.473892248806856,0.97682156396788,0.21986834717397655,-5.46822442090382,False,False,False,False
hsa-mir-657,-0.0890566666666667,1.06367445143968,-0.12008,0.0221799999999999,-0.16927,-0.749556816545233,0.473910929416098,0.97682156396788,0.2609637825762405,-5.4682473646465,False,False,False,False
hsa-miR-767-5p,-0.0893600000000001,1.06389811744621,-0.20865,-0.00645,-0.05298,-0.749327131771725,0.47404219535298,0.97682156396788,0.28134088167435295,-5.46840854606875,True,False,False,False
hsa-mir-555,0.0879966666666667,1.06289321855092,0.1415,-0.0027599999999998,0.12525,0.748304585875883,0.474626872718859,0.97682156396788,0.19353272922933265,-5.46912560152614,False,False,False,False
hsa-mir-526a-2,0.0885566666666667,1.06330587383948,0.17446,0.09995,-0.0087399999999999,0.748281714202954,0.474639955788277,0.97682156396788,0.23785079859834143,-5.46914163052709,False,False,False,False
hsa-miR-584-5p,-0.13199,1.09580417088565,0.40103,-0.39275,-0.40425,-0.750267236594782,0.474702274076242,0.97682156396788,0.669506712654685,-5.46657899253497,False,False,False,False
hsa-miR-1279,0.100946666666667,1.07247696891778,0.38714,-0.05782,-0.0264800000000001,0.748048183126164,0.474773553830413,0.97682156396788,0.5543410292989094,-5.46930527036828,False,False,False,False
hsa-miR-337-3p,-0.09873,1.07083039880797,-0.28361,-0.16872,0.15614,-0.747456315024853,0.475112258334001,0.97682156396788,0.5315901515553636,-5.46971980677458,False,False,False,False
hsa-mir-4670,-0.163916666666667,1.12032449984447,-0.47166,0.51069,-0.53078,-0.757218324723295,0.475173360918514,0.97682156396788,0.6753955357690493,-5.45735926901522,False,False,False,False
hsa-miR-4757-5p,0.0891566666666666,1.06374818228967,0.0336700000000001,0.2129,0.0208999999999999,0.746976186031458,0.475387134135818,0.97682156396788,0.28691313989575307,-5.47005587473137,True,False,False,False
hsa-mir-1203,0.0869366666666667,1.06211255945128,0.03026,0.0974899999999999,0.13306,0.746838949738561,0.475465721483001,0.97682156396788,0.10212087092352619,-5.47015189952203,True,False,False,False
hsa-mir-1231,-0.0881533333333333,1.06300864764345,-0.0469700000000001,-0.0279199999999999,-0.18957,-0.746313971601986,0.475766424323005,0.97682156396788,0.22607469660270435,-5.4705190883702,True,False,False,False
hsa-mir-153-1,0.0936866666666667,1.06709355496561,0.12328,-0.0950500000000001,0.25283,0.745835286918308,0.476040718454532,0.97682156396788,0.4534702814898668,-5.47085370370378,False,False,False,False
hsa-mir-4292,-0.09851,1.07066711778205,-0.34342,-0.0599400000000001,0.10783,-0.745784999468805,0.476069539949605,0.97682156396788,0.5324174677559119,-5.47088884542563,False,False,False,False
hsa-miR-361-5p,0.149163333333333,1.10892618250917,0.74533,-0.29033,-0.0075100000000007,0.751946216595097,0.47614638360878,0.97682156396788,0.6770177725322823,-5.4630536879232,False,False,False,False
hsa-miR-27a-3p,0.208033333333333,1.1551124730104,0.81707,0.36905,-0.56202,0.765892993034593,0.476808075956895,0.97682156396788,0.6594750270485711,-5.44483629609742,False,False,False,False
hsa-miR-2355-3p,-0.102926666666667,1.07394988050835,0.19788,-0.32568,-0.18098,-0.7444859118232,0.476814485565339,0.97682156396788,0.577423132450405,-5.47179596096845,False,False,False,False
hsa-mir-1909,0.0979833333333333,1.07027633403815,-0.10521,0.34006,0.0590999999999999,0.744029637188837,0.477076310121136,0.97682156396788,0.5296699299222136,-5.47211424040475,False,False,False,False
hsa-mir-4735,-0.0894166666666667,1.06393990641913,0.04616,-0.17802,-0.13639,-0.743616881836131,0.477313242352427,0.97682156396788,0.32358439315109294,-5.47240201730922,False,False,False,False
hsa-mir-6827,0.0936033333333333,1.06703191900499,-0.0053700000000001,0.29973,-0.01355,0.743365998735125,0.477457293040477,0.97682156396788,0.4597324937311844,-5.47257686796131,False,False,False,False
hsa-miR-4281,-0.105033333333333,1.07551923994126,-0.4185,-0.04941,0.15281,-0.743272673141966,0.477510885417304,0.97682156396788,0.5941546944425774,-5.47264189736259,False,False,False,False
hsa-miR-2861,0.0964200000000008,1.06911718924802,0.0791800000000009,0.315750000000001,-0.10567,0.742517718209483,0.477944563013091,0.97682156396788,0.5120370439459938,-5.47316769165277,False,False,False,False
hsa-mir-378c,0.0928633333333333,1.06648474782394,-0.07081,0.0781799999999999,0.27122,0.742082182639326,0.478194868947172,0.97682156396788,0.44728924640405876,-5.4734708137956,False,False,False,False
hsa-mir-3945,-0.107713333333333,1.07751901838004,0.22077,-0.4049,-0.13901,-0.741008304652671,0.478812398570299,0.97682156396788,0.6126715679264829,-5.47421754984109,False,False,False,False
hsa-mir-4324,-0.0940966666666666,1.06739685574565,-0.29575,-0.0637899999999999,0.0772499999999999,-0.74068754973909,0.478996947659035,0.97682156396788,0.4780584238186434,-5.47444040990462,False,False,False,False
hsa-mir-938,0.08693,1.06210765146045,0.00509,0.09703,0.15867,0.739805866632653,0.479504468856994,0.97682156396788,0.1907434309831241,-5.47505257212444,True,False,False,False
hsa-mir-4795,-0.0859133333333334,1.06135944824788,-0.0858700000000001,-0.13258,-0.03929,-0.739234269970187,0.479833681579033,0.97682156396788,0.08580102199062836,-5.47544910092416,True,False,False,False
hsa-miR-4676-5p,0.10426,1.07494287974307,0.20112,-0.21987,0.33153,0.739077458771548,0.479924022985672,0.97682156396788,0.594888276684483,-5.47555783784354,False,False,False,False
hsa-miR-4432,0.101996666666667,1.07325780663851,0.22648,0.28606,-0.20655,0.738997649425456,0.4799700066336,0.97682156396788,0.5786393747354273,-5.47561317203229,False,False,False,False
hsa-miR-5191,0.09302,1.06660056695279,-0.0719400000000001,0.28679,0.0642099999999999,0.737060531725585,0.481086986867763,0.97682156396788,0.46750516716474355,-5.47695464674274,False,False,False,False
hsa-mir-7113,-0.0892733333333334,1.06383420807419,0.0403699999999998,-0.22014,-0.08805,-0.736908760595154,0.481174571960836,0.97682156396788,0.35708638528075265,-5.47705962108376,False,False,False,False
hsa-mir-615,0.0865533333333334,1.06183038681551,0.02352,0.17178,0.0643600000000002,0.736829298906039,0.481220432346806,0.97682156396788,0.1893984182516069,-5.4771145742564,True,False,False,False
hsa-mir-100,0.114206666666667,1.0823796847622,-0.30429,0.3896,0.25731,0.736206194351017,0.481580147681947,0.97682156396788,0.6450566466353385,-5.47754531557464,False,False,False,False
hsa-mir-6814,0.0930666666666667,1.066635068699,0.29645,0.0430299999999999,-0.0602799999999999,0.735793266996637,0.481818624281192,0.97682156396788,0.4724591679559744,-5.47783059113038,False,False,False,False
hsa-mir-556,0.0912933333333334,1.06532478659033,-0.0948300000000001,0.16991,0.1988,0.735534563557401,0.481968071252542,0.97682156396788,0.43157222395663924,-5.47800924868356,False,False,False,False
hsa-mir-6883,0.0944433333333334,1.06765337244572,-0.0832799999999999,0.31175,0.0548600000000001,0.734975404621813,0.48229118652136,0.97682156396788,0.5002304250283585,-5.47839521125505,False,False,False,False
hsa-miR-2682-3p,0.0945933333333333,1.06776438435543,0.27933,0.12596,-0.12151,0.734879364203148,0.482346698435144,0.97682156396788,0.5029562708011107,-5.47846147808954,False,False,False,False
hsa-miR-4700-5p,-0.0968866666666667,1.0694630711165,-0.31449,0.13752,-0.11369,-0.734715302119123,0.482441536790122,0.97682156396788,0.5358925601932747,-5.47857466176318,False,False,False,False
hsa-miR-766-3p,0.347456666666667,1.27231567826811,0.22964,-0.64523,1.45796,0.775556630242817,0.482664474379176,0.97682156396788,0.6263909433592102,-5.42698581214114,False,False,False,False
hsa-miR-520e,-0.100603333333333,1.07222177064548,-0.28242,0.20007,-0.21946,-0.734244973534696,0.482713483340293,0.97682156396788,0.5748122657882122,-5.47889901212522,False,False,False,False
hsa-miR-548az-3p,0.0923866666666666,1.06613243930142,0.12148,-0.0983500000000002,0.25403,0.734079166250525,0.482809377560448,0.97682156396788,0.4635006085975124,-5.47901331404814,False,False,False,False
hsa-miR-6755-3p,-0.09569,1.06857635552704,0.11706,-0.31461,-0.08952,-0.733479673637047,0.483156194981754,0.97682156396788,0.5229321428558054,-5.47942639716398,False,False,False,False
hsa-mir-411,-0.100086666666667,1.07183784885553,0.08986,0.0078599999999999,-0.39798,-0.731333844965042,0.484398910288964,0.97682156396788,0.5751872434542371,-5.48090259059036,False,False,False,False
hsa-miR-23c,-0.0990800000000001,1.07109021539777,-0.38341,-0.0106900000000001,0.09686,-0.731286701073922,0.484426235820046,0.97682156396788,0.5661992115003729,-5.4809349804494,False,False,False,False
hsa-miR-630,0.0860533333333333,1.06146244820867,0.15789,-0.0024699999999999,0.10274,0.730956016228782,0.48461793514475,0.97682156396788,0.2088295469168028,-5.48116212406277,False,False,False,False
hsa-mir-29c,-0.09757,1.06996974289657,-0.2328,0.17795,-0.23786,-0.730574505522876,0.484839158987693,0.97682156396788,0.5522229499889273,-5.48142406856947,False,False,False,False
hsa-miR-2116-3p,0.13978,1.10173709655442,0.68288,0.0654999999999999,-0.32904,0.734988130154116,0.484956097213487,0.97682156396788,0.6817925151639175,-5.47577062198659,False,False,False,False
hsa-mir-4423,-0.0960266666666666,1.06882574712317,-0.04341,-0.34279,0.09812,-0.729210859046807,0.485630417057453,0.97682156396788,0.5369487069225167,-5.48235937470587,False,False,False,False
hsa-miR-1322,0.0970033333333334,1.06954955906659,-0.17409,0.23973,0.22537,0.729196740470349,0.485638613717658,0.97682156396788,0.548649884490195,-5.48236905050243,False,False,False,False
hsa-miR-4655-3p,0.0865466666666667,1.06182548012859,-0.0105200000000001,0.0848800000000001,0.18528,0.729040924168543,0.485729080100534,0.97682156396788,0.2654270258254403,-5.48247582431424,False,False,False,False
hsa-miR-214-3p,0.0885633333333334,1.06331078736729,-0.06216,0.19776,0.13009,0.728666617822364,0.485946445206338,0.97682156396788,0.3732207428961565,-5.48273223838605,False,False,False,False
hsa-mir-3683,0.0855366666666667,1.06108237892241,0.0963100000000001,0.1546,0.0057,0.728664700747851,0.485947558639832,0.97682156396788,0.18701354446457033,-5.48273355136045,True,False,False,False
hsa-miR-548ap-3p,0.0876366666666666,1.06262802472204,0.1625,-0.05035,0.15076,0.728623334114361,0.485971584706274,0.97682156396788,0.33222915039694906,-5.48276188199075,False,False,False,False
hsa-mir-513c,0.0986633333333334,1.0707809170798,0.0619500000000001,0.36716,-0.13312,0.728122788789563,0.486262365768083,0.97682156396788,0.5678382200984291,-5.48310457804724,False,False,False,False
hsa-miR-4320,0.0866666666666667,1.06191380396236,0.15002,-0.0319499999999999,0.14193,0.7280486527201,0.486305443011589,0.97682156396788,0.28168239381832877,-5.48315531756545,False,False,False,False
hsa-miR-383-3p,-0.08548,1.06104070218622,-0.11722,-0.14188,0.00266,-0.727454777684702,0.486650606256736,0.97682156396788,0.1956052679801006,-5.48356160991908,False,False,False,False
hsa-miR-4276,0.0946733333333333,1.0678235954269,-0.01223,0.34049,-0.0442399999999999,0.727442079080799,0.486657988465485,0.97682156396788,0.5227198805762789,-5.48357029436677,False,False,False,False
hsa-mir-3591,-0.114613333333333,1.08268482879405,0.20498,-0.01348,-0.53534,-0.7274136868229,0.486813507879788,0.97682156396788,0.6537911459873869,-5.48345350567769,False,False,False,False
hsa-miR-34c-5p,0.0890433333333333,1.06366462104581,-0.05472,0.0853999999999999,0.23645,0.726762803325291,0.487052983358877,0.97682156396788,0.4005595729680719,-5.4840346521401,False,False,False,False
hsa-miR-6815-3p,-0.0973833333333334,1.06983131117045,-0.32041,-0.13148,0.15974,-0.726656014435308,0.487115099153937,0.97682156396788,0.5577540353572311,-5.48410761947976,False,False,False,False
hsa-mir-4528,-0.0848766666666666,1.06059706900883,-0.0638999999999998,-0.15632,-0.03441,-0.726350779481418,0.487292672866542,0.97682156396788,0.1470033622913126,-5.48431613079579,True,False,False,False
hsa-miR-199b-5p,0.104666666666667,1.07524592719393,-0.20353,0.40958,0.10795,0.726348713088779,0.487293875153913,0.97682156396788,0.6142227596224188,-5.48431754212499,False,False,False,False
hsa-miR-3691-5p,-0.08719,1.06229907990964,0.03413,-0.09714,-0.19856,-0.726308681082937,0.487317167314764,0.97682156396788,0.32481218337563134,-5.48434488296701,False,False,False,False
hsa-mir-6858,0.115833333333333,1.08360077714309,-0.2835,0.49805,0.13295,0.725635529738432,0.487847568752707,0.97682156396788,0.6589702388914833,-5.4846685855868,False,False,False,False
hsa-miR-4786-5p,-0.0896833333333334,1.06413658244767,-0.17008,-0.19094,0.0919699999999999,-0.725046840564532,0.48805172001621,0.97682156396788,0.42836944354612644,-5.48520601609526,False,False,False,False
hsa-miR-615-5p,0.0898566666666667,1.06426444136214,-0.07328,0.24704,0.09581,0.724913029261974,0.488129656847877,0.97682156396788,0.4338748608440565,-5.48529725816531,False,False,False,False
hsa-miR-4679,0.0892166666666667,1.06379242325284,-0.02163,0.26359,0.02569,0.72407209518536,0.488619631287816,0.97682156396788,0.41845792983493285,-5.48587033139649,False,False,False,False
hsa-miR-4262,0.104756666666667,1.07531300661768,0.44279,-0.16728,0.0387599999999999,0.723771643440778,0.488794767208686,0.97682156396788,0.6179476416256264,-5.48607494053604,False,False,False,False
hsa-miR-3195,0.672403333333333,1.59372568716982,2.84895,-0.61987,-0.21187,0.77873993784057,0.488990679468671,0.97682156396788,0.6016011360195364,-5.41684891203373,False,False,False,False
hsa-miR-4460,-0.08764,1.06263047991694,-0.23753,-0.02539,0.0,-0.723340787688638,0.489045986760282,0.97682156396788,0.3645556782625525,-5.48636822643148,False,False,False,False
hsa-mir-3140,-0.104316666666667,1.07498510254445,-0.43394,-0.05675,0.17774,-0.722202073986748,0.489710334837759,0.97682156396788,0.6174845537313365,-5.48714262301775,False,False,False,False
hsa-mir-4757,-0.0992933333333332,1.07124861071664,-0.37579,0.15353,-0.07562,-0.722147949413138,0.489741926520406,0.97682156396788,0.583506357448105,-5.4871794046605,False,False,False,False
hsa-miR-193b-3p,0.1041,1.07482367137329,0.34892,-0.24089,0.20427,0.721715352558782,0.489994473407153,0.97682156396788,0.6168885885017416,-5.48747329985038,False,False,False,False
hsa-miR-1295b-5p,-0.118246666666667,1.08541493625249,-0.57295,0.23292,-0.01471,-0.721324659443756,0.490360326113945,0.97682156396788,0.6689468579518449,-5.48760362687901,False,False,False,False
hsa-let-7g,-0.0919233333333334,1.06579009710895,0.12416,-0.15605,-0.24388,-0.720977705210177,0.490425298152554,0.97682156396788,0.49460307713142826,-5.48797408460383,False,False,False,False
hsa-mir-124-2,0.0896033333333333,1.06407757582195,0.03043,-0.0379499999999999,0.27633,0.71983630990343,0.491092408768405,0.97682156396788,0.44686650426060737,-5.48874809195998,False,False,False,False
hsa-mir-124-3,0.0896033333333333,1.06407757582195,0.03043,-0.0379499999999999,0.27633,0.71983630990343,0.491092408768405,0.97682156396788,0.44686650426060737,-5.48874809195998,False,False,False,False
hsa-miR-877-3p,-0.164956666666667,1.12113240276633,0.32815,0.01837,-0.84139,-0.731102260571232,0.491098211562882,0.97682156396788,0.6837016982532766,-5.47463419762519,False,False,False,False
hsa-mir-4661,0.09449,1.06768790824744,-0.16281,0.21821,0.22807,0.7191828542633,0.49147459372268,0.97682156396788,0.5391894325612357,-5.48919073451472,False,False,False,False
hsa-miR-548ba,0.0879166666666666,1.06283428087002,0.0343,-0.02023,0.24968,0.719151954371065,0.491492670753723,0.97682156396788,0.39772671279885,-5.48921165702889,False,False,False,False
hsa-mir-511,0.143163333333333,1.10432386505174,-0.30879,0.0074,0.73088,0.724597125889167,0.491683688424828,0.97682156396788,0.6874906849133406,-5.48221080543964,False,False,False,False
hsa-mir-452,0.0834633333333334,1.05955856596204,0.03793,0.08325,0.12921,0.71834837265635,0.491962930161,0.97682156396788,0.08688163627529749,-5.48975549199014,True,False,False,False
hsa-miR-3907,0.308456666666667,1.23838222286042,-0.79946,0.80268,0.92215,0.757149482453771,0.49198121180378,0.97682156396788,0.6342547139776415,-5.44106892573347,False,False,False,False
hsa-miR-6074,-0.09512,1.06815425092582,0.0726100000000001,-0.35797,0.0,-0.718311121272216,0.491984736770665,0.97682156396788,0.5489438867543536,-5.48978068951262,False,False,False,False
hsa-miR-4504,0.0908366666666667,1.06498762501693,0.0226700000000002,-0.0487899999999999,0.29863,0.71821883625545,0.492038762200194,0.97682156396788,0.48149532740318746,-5.48984310788783,False,False,False,False
hsa-mir-1254-1,0.107783333333333,1.07757130119729,-0.16415,-0.0027999999999999,0.4903,0.718160443537751,0.492072948373725,0.97682156396788,0.6389440914046758,-5.4898825990768,False,False,False,False
hsa-miR-4753-3p,-0.10394,1.07470447622341,-0.4559,0.13724,0.0068399999999999,-0.716987133683416,0.492760185981966,0.97682156396788,0.6219125333155324,-5.49067551865843,False,False,False,False
hsa-miR-4776-3p,-0.10029,1.07198892424943,0.0496300000000001,0.0737399999999999,-0.42424,-0.71693217004723,0.49279239454522,0.97682156396788,0.5992462141424701,-5.4907126351886,False,False,False,False
hsa-miR-7160-5p,0.11173,1.08052316348773,-0.1441,-0.05979,0.53908,0.716696614035613,0.492930444977324,0.97682156396788,0.6551646685312151,-5.49087167626022,False,False,False,False
hsa-miR-576-5p,-0.100666666666667,1.07226884148682,-0.42193,0.11993,0.0,-0.716519278033991,0.49303439108763,0.97682156396788,0.6025023124776792,-5.49099137864789,False,False,False,False
hsa-mir-4534,-0.100443333333333,1.07210286403962,-0.42665,0.0758699999999999,0.04945,-0.716395589734032,0.493106899656849,0.97682156396788,0.6011218873406581,-5.49107485335086,False,False,False,False
hsa-miR-152-3p,0.130893333333333,1.09497151031639,-0.26059,0.67185,-0.01858,0.718891746285692,0.493366175008831,0.97682156396788,0.6854939194690364,-5.48770066760174,False,False,False,False
hsa-mir-4666b,0.0891000000000001,1.06370640084721,-0.0878299999999999,0.23916,0.11597,0.71587853661494,0.493410079945654,0.97682156396788,0.44869833826629774,-5.4914236656864,False,False,False,False
hsa-miR-888-5p,0.0849033333333333,1.0606166731865,0.19521,0.01671,0.0427899999999999,0.715782029699739,0.493466681039614,0.97682156396788,0.26670333374195837,-5.49148874644809,True,False,False,False
hsa-miR-1271-5p,-0.19194,1.14229873899164,0.41135,-0.933,-0.0541699999999998,-0.733937267098636,0.493517440224604,0.97682156396788,0.6744178784242927,-5.46871224216548,False,False,False,False
hsa-miR-1245b-3p,0.0897966666666667,1.06422018076871,-0.04457,0.0268300000000001,0.28713,0.715642283757203,0.493548649036215,0.97682156396788,0.466998303325784,-5.49158297246047,False,False,False,False
hsa-miR-4785,0.08471,1.06047455110787,0.01491,0.04958,0.18964,0.715636345324111,0.493552132416232,0.97682156396788,0.2536280370915547,-5.4915869761913,True,False,False,False
hsa-miR-3164,0.08736,1.06242426331906,-0.07467,0.14685,0.1899,0.715005711237774,0.493922140084101,0.97682156396788,0.3981254471420974,-5.49201198870004,False,False,False,False
hsa-miR-24-2-5p,0.10734,1.07724021952736,0.49755,-0.14138,-0.03415,0.714173650633682,0.494410598657056,0.97682156396788,0.6413425337804706,-5.49257225069931,False,False,False,False
hsa-miR-4493,0.0865566666666667,1.06183284016747,0.02468,-0.0026299999999999,0.23762,0.713841994988939,0.494605381437346,0.97682156396788,0.372488205082997,-5.49279540975029,False,False,False,False
hsa-mir-3124,0.18327,1.13545458229108,0.20209,-0.48682,0.83454,0.729487016048215,0.49499740708979,0.97682156396788,0.6784062193329161,-5.47284148607958,False,False,False,False
hsa-miR-493-5p,-0.147473333333333,1.10762792615245,-0.00472,-0.76027,0.32257,-0.719826414724982,0.495063038457796,0.97682156396788,0.690717645247352,-5.48486914238971,False,False,False,False
hsa-miR-1268a,0.14186,1.10332666735922,-0.14966,-0.181679999999999,0.75692,0.718061957315794,0.495466290181171,0.97682156396788,0.690025882402042,-5.48667977426015,False,False,False,False
hsa-miR-4311,0.101653333333333,1.07300242256415,0.2479,-0.24153,0.29859,0.71226351419616,0.495533096607091,0.97682156396788,0.6148197265752071,-5.49385627036389,False,False,False,False
hsa-mir-29b-2,-0.0963933333333333,1.06909742794891,-0.38626,0.0485199999999999,0.0485599999999999,-0.712235618229746,0.495549501713605,0.97682156396788,0.5744255515059885,-5.49387500013761,False,False,False,False
hsa-miR-573,-0.0955333333333333,1.06846032185292,0.11824,-0.36042,-0.0444199999999999,-0.711708634151491,0.49585947599974,0.97682156396788,0.5667358072432928,-5.49422870468882,False,False,False,False
hsa-mir-337,-0.101643333333333,1.07299498510389,-0.11626,-0.3934,0.20473,-0.711328964164639,0.496082875554575,0.97682156396788,0.6160019332997162,-5.49448339211279,False,False,False,False
hsa-miR-5583-5p,0.0821866666666666,1.05862135835743,0.09941,0.0625199999999999,0.08463,0.710988528203386,0.49628324377649,0.97682156396788,0.016588207896914398,-5.49471165976829,True,False,False,False
hsa-miR-371a-3p,0.0873466666666667,1.06241444447933,-0.0468299999999999,0.0603,0.24857,0.710749030582256,0.496424234036261,0.97682156396788,0.41818939188638105,-5.49487218939931,False,False,False,False
hsa-mir-548i-3,0.08296,1.05918896732291,0.10331,0.0121799999999999,0.13339,0.710075870849903,0.496820653224632,0.97682156396788,0.1505485500032849,-5.49532313911989,True,False,False,False
hsa-mir-590,0.0873533333333333,1.06241935388785,-0.02518,0.2588,0.02844,0.710059743178548,0.496830153154689,0.97682156396788,0.42157427015344273,-5.49533393846067,False,False,False,False
hsa-miR-548am-3p,-0.0851433333333333,1.06079312709272,-0.14811,-0.15481,0.04749,-0.710049723592068,0.496836055203491,0.97682156396788,0.32798801678018985,-5.49534064762425,False,False,False,False
hsa-mir-6865,-0.0840933333333333,1.06002135792187,-0.00314,-0.18746,-0.06168,-0.709802227296775,0.496981857245034,0.97682156396788,0.2620318539170555,-5.49550634603985,True,False,False,False
hsa-miR-378h,-0.114126666666667,1.08231966655213,-0.56855,0.1656,0.0605699999999998,-0.709741974673659,0.497152549740304,0.97682156396788,0.6679244182398405,-5.4954141223911,False,False,False,False
hsa-miR-1285-5p,-0.0939433333333334,1.06728341609551,-0.24442,0.17139,-0.2088,-0.709452740311987,0.497187788861543,0.97682156396788,0.5533475891669052,-5.49574024096812,False,False,False,False
hsa-mir-486,-0.0852833333333333,1.06089607209469,0.03877,-0.0955999999999999,-0.19902,-0.709248982723202,0.497307875803779,0.97682156396788,0.34105287541399254,-5.49587655964827,False,False,False,False
hsa-mir-125b-2,-0.0934566666666667,1.06692344836102,-0.13851,0.15207,-0.29393,-0.708767077536177,0.497591965221398,0.97682156396788,0.54879598876308,-5.49619882927916,False,False,False,False
hsa-miR-487b-3p,-0.0991466666666663,1.07113971141889,0.22028,-0.20921,-0.308509999999999,-0.708562689087493,0.497712485831608,0.97682156396788,0.6033821554069543,-5.49633545424033,False,False,False,False
hsa-mir-4493,0.0872,1.06230644323128,0.0136000000000001,0.26131,-0.0133099999999999,0.708531198702602,0.497731056231725,0.97682156396788,0.4235355157356837,-5.49635650115206,False,False,False,False
hsa-miR-145-5p,0.32199,1.25005363784363,1.42398,0.13412,-0.59213,0.746300263475594,0.497815316527812,0.97682156396788,0.6397283086703139,-5.44899578727268,False,False,False,False
hsa-mir-6124,-0.09852,1.07067453910671,0.20263,-0.33927,-0.15892,-0.708156199987472,0.497952232787173,0.97682156396788,0.5993694109915142,-5.49660707231174,False,False,False,False
hsa-miR-1287-3p,0.0818033333333333,1.05834011323297,0.0748,0.07375,0.09686,0.708037702297231,0.498022136352066,0.97682156396788,0.008376745862458039,-5.4966862273708,True,False,False,False
hsa-mir-378b,0.08768,1.06265994269823,-0.09708,0.17671,0.18341,0.707470109817353,0.498357053533038,0.97682156396788,0.44282006636491866,-5.49706521156349,False,False,False,False
hsa-mir-760,-0.08417,1.06007769031451,-0.0053399999999999,-0.0467900000000001,-0.20038,-0.707096352917793,0.498577672437591,0.97682156396788,0.29174621108769144,-5.49731462543085,True,False,False,False
hsa-miR-502-3p,0.08981,1.06423001629706,0.30444,-0.0473099999999995,0.0122999999999998,0.707002381029489,0.498633151268858,0.97682156396788,0.4955058005456056,-5.49737731618615,False,False,False,False
hsa-miR-4700-3p,-0.0977733333333333,1.07012055498119,-0.41037,0.0613600000000001,0.05569,-0.70692226577181,0.498680452539432,0.97682156396788,0.5954918259698819,-5.49743075710724,False,False,False,False
hsa-miR-3929,-0.0874033333333332,1.06245617517489,0.0944600000000002,-0.1685,-0.18817,-0.70653163983168,0.498911124577485,0.97682156396788,0.4386250143362761,-5.49769124831206,False,False,False,False
hsa-mir-8085,0.0863066666666667,1.06164885449923,0.21378,-0.0668,0.11194,0.706346329786182,0.499020577196379,0.97682156396788,0.40297903182002764,-5.49781477928009,False,False,False,False
hsa-miR-762,0.0827466666666673,1.05903235514853,0.0803700000000003,0.0133900000000011,0.15448,0.706213368513685,0.499099119550484,0.97682156396788,0.1793801880302037,-5.49790339612791,True,False,False,False
hsa-miR-3675-3p,0.0924,1.06614229250288,0.14308,0.28183,-0.14771,0.705905795537979,0.499280837684828,0.97682156396788,0.5412725843945898,-5.49810833322542,False,False,False,False
hsa-miR-16-5p,-0.0905099999999995,1.06474650921358,0.0728800000000014,-0.0333299999999994,-0.31108,-0.705851989223309,0.499312631442024,0.97682156396788,0.5119865877081687,-5.49814417654509,False,False,False,False
hsa-miR-3689a-5p,0.0873933333333332,1.06244881081539,0.11379,-0.0832900000000001,0.23168,0.705682632236846,0.499412711569223,0.97682156396788,0.44189606030851786,-5.4982569788344,False,False,False,False
hsa-miR-3689b-5p,0.0873933333333332,1.06244881081539,0.11379,-0.0832900000000001,0.23168,0.705682632236846,0.499412711569223,0.97682156396788,0.44189606030851786,-5.4982569788344,False,False,False,False
hsa-miR-3689e,0.0873933333333332,1.06244881081539,0.11379,-0.0832900000000001,0.23168,0.705682632236846,0.499412711569223,0.97682156396788,0.44189606030851786,-5.4982569788344,False,False,False,False
hsa-mir-6078,-0.0865066666666667,1.0617960404832,0.07317,-0.11392,-0.21877,-0.704823995091156,0.49992031055347,0.97682156396788,0.41761834140679277,-5.49882851942593,False,False,False,False
hsa-mir-449b,-0.08617,1.06154828914486,0.0216099999999999,-0.0301499999999999,-0.24997,-0.704075817100626,0.500362874256946,0.97682156396788,0.40939270061117017,-5.49932603681272,False,False,False,False
hsa-mir-7850,-0.08511,1.06076861785035,-0.11698,-0.19448,0.05613,-0.703498713397029,0.500704412077207,0.97682156396788,0.3694538740286343,-5.49970947795243,False,False,False,False
hsa-mir-548au,0.0846599999999999,1.06043779849749,0.0172399999999999,0.22388,0.01286,0.703439227394909,0.500739625033785,0.97682156396788,0.34802844027009006,-5.49974898615582,True,False,False,False
hsa-mir-433,-0.0879666666666667,1.06287111653759,0.0695399999999999,-0.06386,-0.26958,-0.703345469578738,0.500795128476786,0.97682156396788,0.4665821859510879,-5.49981125036514,False,False,False,False
hsa-miR-647,-0.0918433333333333,1.06573099879545,-0.21466,0.1586,-0.21947,-0.703286030555529,0.500830317630895,0.97682156396788,0.5396308846322156,-5.499850719823,False,False,False,False
hsa-mir-1471,-0.0840533333333333,1.05999196829668,0.0393000000000001,-0.17409,-0.11737,-0.702872456024007,0.501075205496743,0.97682156396788,0.31844318459666177,-5.50012526582149,False,False,False,False
hsa-miR-543,0.109923333333333,1.07917088645422,0.0240499999999999,-0.21492,0.52064,0.702219288246656,0.501564244053031,0.97682156396788,0.6622855493960329,-5.50045844734761,False,False,False,False
hsa-mir-4460,-0.0858266666666667,1.06129569137614,-0.25158,-0.0062999999999999,0.0003999999999999,-0.701595992632838,0.501831505886151,0.97682156396788,0.40929576589347244,-5.50097173532157,False,False,False,False
hsa-miR-4510,-0.0814933333333333,1.05811272616949,-0.10338,-0.11364,-0.02746,-0.701120140479984,0.502113630015933,0.97682156396788,0.09555126344107208,-5.50128694461656,True,False,False,False
hsa-miR-4642,-0.0887633333333333,1.06345820376004,0.00174,-0.30202,0.03399,-0.700599862220972,0.502422207452353,0.97682156396788,0.4941539664067409,-5.50163136729164,False,False,False,False
hsa-mir-6720,-0.0822533333333333,1.0586702781817,-0.15155,-0.09329,-0.0019199999999999,-0.700576704741339,0.502435944935942,0.97682156396788,0.199498954760323,-5.50164669225516,True,False,False,False
hsa-miR-4705,-0.09223,1.06601667100523,-0.27951,0.15822,-0.1554,-0.700031936548512,0.502759180359024,0.97682156396788,0.552282553048844,-5.50200707604938,False,False,False,False
hsa-mir-1297,0.0834833333333333,1.05957325466451,0.0582,-0.00827,0.20052,0.699729710052158,0.502938561120907,0.97682156396788,0.3080110963519639,-5.50220690355557,False,False,False,False
hsa-mir-633,0.0872133333333334,1.06231626107286,0.0178099999999999,-0.0337999999999998,0.27763,0.699671644018117,0.502973029699389,0.97682156396788,0.46098177724587547,-5.5022452872413,False,False,False,False
hsa-miR-7107-3p,-0.0885500000000001,1.06330096033437,0.08192,-0.0602600000000002,-0.28731,-0.698376055481213,0.503742488970837,0.97682156396788,0.49676990600690013,-5.50310098869308,False,False,False,False
hsa-miR-20b-3p,-0.112103333333333,1.08080281199399,0.34698,-0.36457,-0.31872,-0.696130361320587,0.505210216736442,0.97682156396788,0.6740635131528889,-5.50445128006168,False,False,False,False
hsa-miR-4426,0.0912966666666667,1.06532724801608,-0.13847,0.30414,0.10822,0.695652435269827,0.50536246753941,0.97682156396788,0.5498249058866296,-5.50489531913006,False,False,False,False
hsa-miR-3686,-0.118053333333333,1.0852694912196,-0.0091100000000001,0.25427,-0.59932,-0.695864043520123,0.505806315632415,0.97682156396788,0.6859516064173126,-5.50419762164993,False,False,False,False
hsa-miR-3074-3p,0.10546,1.07583736404869,0.39267,-0.28497,0.20868,0.694749509522751,0.505900235186593,0.97682156396788,0.654148928615349,-5.50548880820279,False,False,False,False
hsa-miR-5008-5p,0.0898166666666666,1.06423493409533,0.02969,-0.0808300000000002,0.32059,0.694317264174538,0.506157799751733,0.97682156396788,0.5313585598200052,-5.50577268100074,False,False,False,False
hsa-miR-892a,-0.0917933333333333,1.06569406401363,-0.32075,0.13825,-0.0928800000000001,-0.693916311033571,0.506396791180646,0.97682156396788,0.5600874037440553,-5.50603586390103,False,False,False,False
hsa-miR-6732-3p,-0.146226666666667,1.10667121226772,-0.61536,-0.30671,0.48339,-0.70061989713045,0.506572706701103,0.97682156396788,0.6986575099822221,-5.49753767250027,False,False,False,False
hsa-miR-3591-3p,-0.0887733333333334,1.06346557511615,-0.31012,-0.02183,0.0656300000000001,-0.693393420379477,0.506708570196491,0.97682156396788,0.5160814993818943,-5.5063788846296,False,False,False,False
hsa-miR-3129-5p,0.12132,1.08772963025204,0.22126,-0.3775,0.5202,0.694768444134663,0.506826892223562,0.97682156396788,0.6908715244761459,-5.5045571173403,False,False,False,False
hsa-mir-637,0.08264,1.05895405774533,0.15459,-0.0391700000000001,0.1325,0.692906539646442,0.506998985493985,0.97682156396788,0.3096421784800814,-5.50669807780126,False,False,False,False
hsa-miR-378g,-0.11112,1.08006639349381,0.24018,-0.54151,-0.03203,-0.691237578209965,0.508126468331589,0.97682156396788,0.6755743429633805,-5.50766218013513,False,False,False,False
hsa-miR-675-3p,-0.0898933333333333,1.06429149040876,-0.29904,-0.09765,0.12701,-0.690957099064396,0.508162829168414,0.97682156396788,0.541049789437567,-5.5079741287131,False,False,False,False
hsa-mir-4310,0.0818766666666667,1.05839391086772,-0.0105700000000001,0.0757700000000001,0.18043,0.690551753327483,0.508405034948272,0.97682156396788,0.27637918668250716,-5.50823905911658,False,False,False,False
hsa-miR-708-5p,0.0817733333333333,1.05831810589782,0.03352,0.19061,0.02119,0.690119186814644,0.508663585107932,0.97682156396788,0.2725128165582704,-5.50852162960221,True,False,False,False
hsa-mir-1271,0.0904533333333333,1.06470468855926,0.29257,-0.14668,0.12547,0.689283344118375,0.509163409781599,0.97682156396788,0.5530191915889531,-5.50906719457507,False,False,False,False
hsa-miR-4430,0.0805633333333333,1.0574308580652,0.0073999999999998,0.0983499999999999,0.13594,0.688795991273968,0.509454982168162,0.97682156396788,0.16915822211893497,-5.50938502673118,True,False,False,False
hsa-miR-655-5p,-0.0901666666666667,1.0644931504213,-0.15137,-0.27254,0.15341,-0.688660803816815,0.509535880190688,0.97682156396788,0.5505234550090512,-5.50947315548444,False,False,False,False
hsa-mir-3939,0.08526,1.06087891390061,-0.0043699999999999,-0.00869,0.26884,0.688533144097668,0.509612280834422,0.97682156396788,0.45105606166021783,-5.50955636289265,False,False,False,False
hsa-mir-548b,-0.0828066666666667,1.05907639998187,-0.20466,0.0356700000000001,-0.07943,-0.688215094100527,0.509802655475861,0.97682156396788,0.3551372183238733,-5.50976360570643,False,False,False,False
hsa-miR-6813-3p,-0.0892333333333334,1.0638047127358,-0.0141500000000001,0.0726899999999999,-0.32624,-0.688154311672592,0.509839042933422,0.97682156396788,0.5380015726214677,-5.50980320219502,False,False,False,False
hsa-miR-1260b,-0.392746666666667,1.31289056516215,0.80265,-1.6732,-0.30769,-0.729499738490481,0.5098958648487,0.97682156396788,0.6383717030714363,-5.45821499591895,False,False,False,False
hsa-mir-3178,0.143526666666667,1.10460201683599,0.20803,-0.44686,0.66941,0.694480073978631,0.509992535778573,0.97682156396788,0.7009580072413697,-5.50181229908341,False,False,False,False
hsa-mir-6744,0.0804533333333333,1.05735023606483,0.0388199999999999,0.16003,0.04251,0.687091958803955,0.510475281729623,0.97682156396788,0.18063427080007702,-5.51049476965843,True,False,False,False
hsa-mir-500b,0.0814866666666667,1.05810783666177,0.05864,-0.0029099999999999,0.18873,0.686443208201257,0.510864057866329,0.97682156396788,0.2859198162269581,-5.51091662765166,False,False,False,False
hsa-miR-5096,0.0921033333333333,1.06592308029686,0.0267299999999999,0.36151,-0.11193,0.686150642837781,0.511039443250721,0.97682156396788,0.5795088632941909,-5.51110675673453,False,False,False,False
hsa-miR-4723-5p,0.209996666666667,1.1566855113912,0.1661,-0.51888,0.98277,0.708413869392101,0.511231982911001,0.97682156396788,0.6763099268109861,-5.48326183458089,False,False,False,False
hsa-mir-3186,0.09725,1.06973244233163,-0.24088,0.26003,0.2726,0.685661418675856,0.51133280385064,0.97682156396788,0.6233048420627203,-5.51142452831142,False,False,False,False
hsa-mir-6793,0.08773,1.06269677232359,0.04216,0.30298,-0.08195,0.68533970006148,0.511525777500636,0.97682156396788,0.5201785934098904,-5.51163338891991,False,False,False,False
hsa-mir-376a-2,0.0827633333333334,1.05904458964071,0.21788,0.0623499999999999,-0.0319399999999999,0.685116551196133,0.511659653407269,0.97682156396788,0.3736480666302866,-5.51177820692171,False,False,False,False
hsa-mir-643,-0.109503333333333,1.07885676199262,-0.01073,0.22407,-0.54185,-0.684858056194348,0.511944574344597,0.97682156396788,0.6765875193074675,-5.51181878279891,False,False,False,False
hsa-mir-6512,0.10463,1.0752185997395,0.50827,-0.16915,-0.0252300000000001,0.68392637848039,0.512374051760978,0.97682156396788,0.662065541696493,-5.51254989531134,False,False,False,False
hsa-miR-548at-5p,-0.0837033333333334,1.05973484383185,0.08057,-0.13826,-0.19342,-0.683547322929374,0.512601708430143,0.97682156396788,0.4224775957614255,-5.51279541974014,False,False,False,False
hsa-mir-3656,0.0795899999999999,1.05671768892133,0.0179399999999998,0.10194,0.11889,0.683334280355069,0.512729686946056,0.97682156396788,0.12548034686647025,-5.51293336030896,True,False,False,False
hsa-mir-1181,-0.0798933333333333,1.05693989208244,-0.0125799999999998,-0.14705,-0.08005,-0.68276657524634,0.513070814062901,0.97682156396788,0.17581647669892525,-5.51330075177896,True,False,False,False
hsa-miR-4757-3p,0.10001,1.07178089152958,-0.1587,0.0,0.45873,0.682663200047989,0.513132946055069,0.97682156396788,0.6431390807204037,-5.51336762218635,False,False,False,False
hsa-mir-4666a,-0.09373,1.06712560707217,-0.0805099999999999,0.16369,-0.36437,-0.68257521612809,0.513185831029528,0.97682156396788,0.6015896948789737,-5.51342452937137,False,False,False,False
hsa-miR-5011-3p,-0.09093,1.06505652527477,0.15664,-0.31433,-0.1151,-0.682443804205993,0.513264825779596,0.97682156396788,0.5738500691768891,-5.5135095133091,False,False,False,False
hsa-miR-548az-5p,0.126026666666667,1.09128404808081,-0.36023,0.11579,0.62252,0.684925676128822,0.513481035363424,0.97682156396788,0.7003620312597233,-5.51023042410402,False,False,False,False
hsa-mir-4452,0.08176,1.05830832500687,-0.03417,0.19504,0.0844099999999999,0.681957060523812,0.513557484100654,0.97682156396788,0.3421071274786231,-5.51382416383112,False,False,False,False
hsa-miR-4434,-0.0852966666666666,1.06090587690161,-0.15843,0.11016,-0.20762,-0.681874996782759,0.5136068356935,0.97682156396788,0.478777552547199,-5.51387719354703,False,False,False,False
hsa-let-7f-2-3p,0.0804766666666667,1.0573673371876,-0.0090699999999999,0.1663,0.0841999999999999,0.681526696130093,0.513816329746524,0.97682156396788,0.25308898383712664,-5.51410220314923,False,False,False,False
hsa-mir-1302-5,0.0887466666666667,1.06344591828008,0.0901700000000001,-0.12605,0.30212,0.681492533777778,0.513836880379032,0.97682156396788,0.547304608381168,-5.51412426727686,False,False,False,False
hsa-mir-4443,-0.109916666666667,1.07916589963736,0.28705,-0.10346,-0.51334,-0.680887966954086,0.514329600536315,0.97682156396788,0.681197620319429,-5.5143883366698,False,False,False,False
hsa-miR-30a-5p,-0.34618,1.27119028136468,0.90806,-0.75715,-1.18945,-0.72027400045285,0.514591473518829,0.97682156396788,0.6424757563585017,-5.46514427735686,False,False,False,False
hsa-miR-4475,0.0902,1.06451774571964,-0.0248600000000001,-0.06209,0.35755,0.679904770716098,0.514792571249821,0.97682156396788,0.5705008465260066,-5.51514866170063,False,False,False,False
hsa-miR-3137,0.1043,1.0749726839013,0.51446,-0.0466199999999999,-0.15494,0.679780823648154,0.514867222337948,0.97682156396788,0.6650259158883943,-5.51522854100774,False,False,False,False
hsa-miR-498,0.131556666666667,1.09547508043057,-0.12842,-0.2026,0.72569,0.684248162221036,0.514916713148204,0.97682156396788,0.7018698264870296,-5.50966204625121,False,False,False,False
hsa-mir-892b,-0.0958600000000001,1.06870227866294,0.11658,0.0198299999999998,-0.42399,-0.679470567381655,0.51505411334822,0.97682156396788,0.6227968139648358,-5.51542843319537,False,False,False,False
hsa-mir-1234,-0.08543,1.06100392995488,0.10732,-0.24145,-0.12216,-0.679237102438606,0.515194774641834,0.97682156396788,0.4916884174685988,-5.51557879693875,False,False,False,False
hsa-mir-6880,0.197383333333333,1.1466168087029,-0.59847,0.83818,0.35244,0.697525749560557,0.515821896043436,0.97682156396788,0.6859306971615728,-5.49231159017382,False,False,False,False
hsa-mir-6771,-0.0899333333333334,1.06432099924367,-0.16944,0.1714,-0.27176,-0.678069633422154,0.515898522943636,0.97682156396788,0.5711644098372848,-5.516330022147,False,False,False,False
hsa-miR-5009-5p,0.0794033333333333,1.05658097173408,0.0953200000000001,0.1399,0.00299,0.677883664691895,0.516010679169993,0.97682156396788,0.1877132748173865,-5.5164495808093,True,False,False,False
hsa-miR-1252-3p,-0.0851333333333333,1.06078577426055,-0.0749,-0.26602,0.08552,-0.67763788301615,0.516158931107743,0.97682156396788,0.4902905924853975,-5.51660754844756,False,False,False,False
hsa-mir-4793,0.0858233333333334,1.06129323926525,-0.12088,0.23598,0.14237,0.677617389769645,0.516171293519649,0.97682156396788,0.5060542963406697,-5.51662071747847,False,False,False,False
hsa-miR-4417,0.0870233333333334,1.06217636539602,-0.0242499999999999,-0.0329299999999999,0.31825,0.677343717614179,0.516336401844427,0.97682156396788,0.5302448555693744,-5.51679654633646,False,False,False,False
hsa-mir-3188,0.0893666666666667,1.06390303371077,0.29745,0.12452,-0.15387,0.676829503884238,0.516646718405435,0.97682156396788,0.5667758461052643,-5.51712674813014,False,False,False,False
hsa-miR-3927-3p,0.0833266666666667,1.05945819861156,-0.0862099999999999,0.20945,0.12674,0.676440556195846,0.516881515823006,0.97682156396788,0.4439304555335883,-5.51737636287407,False,False,False,False
hsa-miR-374c-3p,-0.0975733333333333,1.06997221505446,-0.11023,0.21613,-0.39862,-0.6763316223932,0.516947288025938,0.97682156396788,0.6378387478330236,-5.51744625046856,False,False,False,False
hsa-mir-3655,-0.08391,1.05988666216423,0.0827,-0.0896399999999999,-0.24479,-0.674928880160478,0.517794696961246,0.97682156396788,0.46858605727305885,-5.51834530267458,False,False,False,False
hsa-miR-500b-5p,0.08465,1.06043044812826,0.2659,0.06955,-0.0815000000000001,0.674857844718287,0.517837632765052,0.97682156396788,0.4885554640732877,-5.51839078702517,False,False,False,False
hsa-miR-3143,0.07888,1.05619776963736,0.13511,0.09398,0.0075500000000001,0.674655449630237,0.517959977983329,0.97682156396788,0.170739525291882,-5.51852035833952,True,False,False,False
hsa-mir-5699,0.0917633333333333,1.06567190375897,-0.0520400000000001,-0.05966,0.38699,0.674588853652249,0.518000238269517,0.97682156396788,0.5976282225506213,-5.51856298488428,False,False,False,False
hsa-mir-589,-0.0805833333333333,1.05744551727116,-0.186,-0.08798,0.03223,-0.674357519037495,0.5181401054413,0.97682156396788,0.329830215166915,-5.51871102782491,False,False,False,False
hsa-mir-559,0.0797966666666667,1.05686907501405,0.02084,0.0325500000000001,0.186,0.674251006646541,0.518204511661957,0.97682156396788,0.27246634028489114,-5.51877917545313,True,False,False,False
hsa-miR-338-3p,-0.0834733333333333,1.05956591028782,-0.2668,0.0163800000000001,0.0,-0.674117270616332,0.518285386503497,0.97682156396788,0.45911415912170517,-5.51886472750287,False,False,False,False
hsa-mir-3919,0.09772,1.07008099565664,0.39613,0.1233,-0.22627,0.673855129753138,0.51844393467732,0.97682156396788,0.6418373491450751,-5.51903237752395,False,False,False,False
hsa-miR-6500-5p,-0.0803066666666666,1.05724274962607,0.0404200000000001,-0.15622,-0.12512,-0.673486973047822,0.518666653603472,0.97682156396788,0.31879448000570054,-5.51926773144438,False,False,False,False
hsa-mir-4319,-0.0787566666666667,1.05610748110095,0.0,-0.11604,-0.12023,-0.672788977898599,0.519089071490646,0.97682156396788,0.18363177999666477,-5.51971363007132,False,False,False,False
hsa-mir-1302-4,-0.0803033333333333,1.05724030687946,-0.19908,-0.05183,0.01,-0.672779191604581,0.519094995530295,0.97682156396788,0.3246747508913528,-5.51971987891068,False,False,False,False
hsa-mir-548a-2,-0.08115,1.0578609459006,0.05579,-0.18856,-0.11068,-0.672370425486463,0.519342475179481,0.97682156396788,0.37710365055382167,-5.5199808161697,False,False,False,False
hsa-mir-8066,-0.0827433333333333,1.05902990826705,0.0770899999999999,-0.22535,-0.0999699999999999,-0.672015337262426,0.519557515191657,0.97682156396788,0.4451606221501554,-5.52020737372654,False,False,False,False
hsa-mir-4723,0.0842299999999999,1.06012177862303,-0.11627,0.19001,0.17895,0.671782807200172,0.519698363994504,0.97682156396788,0.48942329727096257,-5.52035567772943,False,False,False,False
hsa-mir-378g,0.07968,1.05678361245737,0.18737,0.0516700000000001,0.0,0.671615158404676,0.519799927217202,0.97682156396788,0.28994095839495276,-5.5204625732205,False,False,False,False
hsa-miR-6819-3p,-0.0980133333333333,1.07029859004025,-0.22414,0.26341,-0.33331,-0.671333745130733,0.51997043733274,0.97682156396788,0.6465695286900028,-5.52064195347469,False,False,False,False
hsa-miR-208a-5p,-0.0981733333333333,1.07041729653462,-0.42135,0.21704,-0.0902100000000001,-0.671206792356599,0.520047370033878,0.97682156396788,0.6475631538551874,-5.52072285468048,False,False,False,False
hsa-mir-6076,-0.0803166666666666,1.05725007789978,-0.0135799999999999,-0.20915,-0.0182199999999999,-0.671185026436077,0.520060560764219,0.97682156396788,0.33875854620069007,-5.52073672374359,True,False,False,False
hsa-mir-4304,-0.0810333333333334,1.05777540313737,-0.0157500000000002,-0.00062,-0.22673,-0.67068144446065,0.52036580204603,0.97682156396788,0.3824552959891795,-5.52105749048,True,False,False,False
hsa-mir-4771-1,-0.08345,1.05954877360686,-0.24172,-0.0966100000000001,0.08798,-0.670426359448376,0.520520461110219,0.97682156396788,0.47397520776201624,-5.52121989046929,False,False,False,False
hsa-mir-4771-2,-0.08345,1.05954877360686,-0.24172,-0.0966100000000001,0.08798,-0.670426359448376,0.520520461110219,0.97682156396788,0.47397520776201624,-5.52121989046929,False,False,False,False
hsa-miR-939-3p,-0.0932966666666667,1.06680512932533,0.22398,-0.28009,-0.22378,-0.67041809362067,0.520525473184556,0.97682156396788,0.6177296351714365,-5.52122515199457,False,False,False,False
hsa-miR-6814-5p,0.0842333333333333,1.06012422802726,-0.0764,0.05619,0.27291,0.670271798362086,0.520614185782999,0.97682156396788,0.49502645450326244,-5.52131826516232,False,False,False,False
hsa-miR-551b-5p,0.0854366666666668,1.06100883284542,0.29429,-0.0839700000000001,0.0459900000000002,0.670118013550045,0.520707449963678,0.97682156396788,0.5218279555702927,-5.52141612578084,False,False,False,False
hsa-miR-488-5p,-0.102413333333333,1.07356782041356,0.28582,-0.41472,-0.17834,-0.669843652377177,0.520873864111962,0.97682156396788,0.6680130676542748,-5.52159066536237,False,False,False,False
hsa-miR-4316,-0.08322,1.0593798697245,-0.25373,-0.0684400000000001,0.0725100000000001,-0.669490305249877,0.521088235158546,0.97682156396788,0.47127043067557334,-5.52181535967874,False,False,False,False
hsa-miR-548f-5p,-0.0821833333333333,1.05861891242556,0.02607,-0.25307,-0.01955,-0.668632860312465,0.521608659649144,0.97682156396788,0.44213005530427174,-5.52236017309655,False,False,False,False
hsa-miR-1180-5p,0.0893466666666667,1.06388828498523,0.065,0.34008,-0.13704,0.668385392390705,0.52175891877227,0.97682156396788,0.5844106844230429,-5.52251729679296,False,False,False,False
hsa-miR-3668,-0.0771466666666667,1.05492955742929,-0.0772200000000001,-0.05932,-0.0949,-0.667443692894317,0.522330947150354,0.97682156396788,0.01726784427428951,-5.52311473314412,True,False,False,False
hsa-mir-6833,0.0775766666666666,1.0552440295145,0.09009,0.11886,0.0237799999999999,0.667108389561078,0.522534716938322,0.97682156396788,0.11031790867554653,-5.52332727669649,True,False,False,False
hsa-mir-6887,-0.0795166666666667,1.0566639764881,-0.0157699999999998,-0.0193100000000002,-0.20347,-0.666207381882473,0.52308251521397,0.97682156396788,0.3281343308629707,-5.52389794091891,True,False,False,False
hsa-mir-6715b,-0.0884199999999999,1.06320515152291,-0.29706,0.16354,-0.13174,-0.665752334230035,0.523359309772477,0.97682156396788,0.5790246100599893,-5.5241858902006,False,False,False,False
hsa-miR-6881-3p,0.0871366666666666,1.06225980972286,0.19332,-0.16486,0.23295,0.665746527390389,0.523362842509573,0.97682156396788,0.56215336707564,-5.52418956357564,False,False,False,False
hsa-miR-4732-3p,0.407666666666667,1.32653860968762,1.94484,-0.24623,-0.47561,0.704106865862053,0.523829747908635,0.97682156396788,0.6499667077701906,-5.47623463168295,False,False,False,False
hsa-mir-4783,-0.0829700000000001,1.05919630908681,0.07449,-0.06209,-0.26131,-0.664518586747886,0.524110217073518,0.97682156396788,0.4844058546402023,-5.52496571171056,False,False,False,False
hsa-miR-411-3p,-0.09337,1.0668593572545,-0.42232,0.08152,0.0606900000000001,-0.664236214823982,0.524282171827314,0.97682156396788,0.6276926281105369,-5.52514401105706,False,False,False,False
hsa-miR-3157-5p,-0.0959666666666667,1.06878129683431,0.11939,-0.44995,0.0426599999999999,-0.664123169714646,0.524351022007495,0.97682156396788,0.644428742889043,-5.52521537272206,False,False,False,False
hsa-miR-3184-5p,-0.09263,1.06631227456266,0.21796,-0.31946,-0.17639,-0.664035825479316,0.524404222820499,0.97682156396788,0.6225463425587962,-5.52527050286588,False,False,False,False
hsa-miR-1227-3p,-0.0930366666666667,1.06661288887689,-0.28052,-0.23027,0.23168,-0.663930163246146,0.524468585392502,0.97682156396788,0.6257429263145272,-5.52533718638088,False,False,False,False
hsa-miR-7848-3p,0.0856933333333334,1.06119761135964,0.32211,-0.05033,-0.0146999999999999,0.663633021451499,0.524649610608693,0.97682156396788,0.5451956599177901,-5.52552466215735,False,False,False,False
hsa-mir-205,0.0808933333333334,1.05767276095231,-0.07467,0.19295,0.1244,0.663536573144947,0.524708377164703,0.97682156396788,0.41962180726873893,-5.52558549826054,False,False,False,False
hsa-miR-6883-5p,0.0816366666666666,1.0582178560507,0.25564,0.0087499999999998,-0.0194799999999999,0.66334383497708,0.52482582571313,0.97682156396788,0.44880272154575124,-5.52570704694165,False,False,False,False
hsa-miR-509-5p,-0.10979,1.07907115449525,-0.56404,-0.0319499999999999,0.26662,-0.663238171182761,0.525015363412259,0.97682156396788,0.695594155284476,-5.52565149432136,False,False,False,False
hsa-mir-1229,0.0799366666666667,1.05697163920516,0.0362900000000002,-0.0201899999999999,0.22371,0.661027412286613,0.526238628858818,0.97682156396788,0.3914946885138464,-5.52716541872518,False,False,False,False
hsa-mir-8064,-0.09025,1.06455463973266,-0.17508,-0.29663,0.20096,-0.660769799870226,0.526395890891659,0.97682156396788,0.608012682591732,-5.527327325335,False,False,False,False
hsa-miR-93-5p,0.0899866666666664,1.0643603456296,0.385449999999999,-0.0287100000000002,-0.0867799999999992,0.66021284064275,0.526735989445235,0.97682156396788,0.6065492997128843,-5.52767717592243,False,False,False,False
hsa-miR-130a-5p,-0.0803733333333334,1.05729160574362,-0.23809,0.0125999999999999,-0.01563,-0.660096111800057,0.526807284975662,0.97682156396788,0.41736985984137054,-5.5277504651143,False,False,False,False
hsa-mir-618,0.0901833333333334,1.06450544799944,-0.11188,0.38347,-0.0010399999999999,0.659878962736505,0.52693993061759,0.97682156396788,0.6089657941304751,-5.52788677325997,False,False,False,False
hsa-mir-5697,0.102886666666667,1.07392010470787,-0.16968,0.52765,-0.0493100000000002,0.659764606822972,0.527009793126853,0.97682156396788,0.6797470876362564,-5.52795854033374,False,False,False,False
hsa-mir-196a-1,0.0837500000000001,1.05976912348983,0.13107,-0.12295,0.24313,0.659708784455634,0.527043898259009,0.97682156396788,0.5202082684089304,-5.52799356910735,False,False,False,False
hsa-miR-4766-3p,-0.0794133333333334,1.05658829542067,0.0392999999999999,-0.07484,-0.2027,-0.65963731873732,0.527087562774487,0.97682156396788,0.37369945340551974,-5.52803841029377,False,False,False,False
hsa-mir-6503,-0.0774533333333333,1.0551538225081,-0.0780699999999999,-0.15429,0.0,-0.659196709064554,0.527356817242512,0.97682156396788,0.22417680987799185,-5.52831477530016,False,False,False,False
hsa-mir-6864,-0.0813799999999999,1.05802960761097,0.0579399999999999,-0.0529099999999998,-0.24917,-0.659060458045433,0.527440096434069,0.97682156396788,0.46042502242058747,-5.52840020313102,False,False,False,False
hsa-miR-299-5p,-0.0952366666666666,1.06824063303105,-0.3866,-0.12813,0.22902,-0.658936048257976,0.52751614499023,0.97682156396788,0.6469704387109904,-5.52847819289204,False,False,False,False
hsa-mir-520d,-0.0787266666666667,1.0560855201916,-0.0040599999999999,-0.0233300000000001,-0.20879,-0.657306076723547,0.528513117836917,0.97682156396788,0.3510708483832357,-5.5294987730743,True,False,False,False
hsa-miR-6808-5p,-0.20915,1.15600689274445,-0.0907,-1.04653,0.50978,-0.677934458304567,0.528884262876147,0.97682156396788,0.6897452424566839,-5.50377285747534,False,False,False,False
hsa-miR-211-3p,0.104733333333333,1.07529561525415,0.55593,-0.12543,-0.1163,0.656325625173906,0.529237011099157,0.97682156396788,0.6881225761871612,-5.52999103074568,False,False,False,False
hsa-mir-6129,-0.0766466666666667,1.05456401005327,-0.14785,-0.0546499999999999,-0.0274400000000001,-0.656030885471119,0.529293882093501,0.97682156396788,0.17026250695275288,-5.53029564088828,True,False,False,False
hsa-mir-621,0.120363333333333,1.08700858407694,-0.24143,0.67351,-0.0709899999999999,0.658339363441614,0.529494563457313,0.97682156396788,0.7100432712243987,-5.5272780575481,False,False,False,False
hsa-mir-6738,0.0825466666666667,1.05888555226614,-0.05037,0.0123599999999999,0.28565,0.655493792557398,0.529622937372843,0.97682156396788,0.5075264766961943,-5.53063085719097,False,False,False,False
hsa-miR-2681-5p,0.0762033333333334,1.05423999732845,0.12215,0.0823,0.0241600000000002,0.655201156111509,0.529802275887756,0.97682156396788,0.11569879062220746,-5.53081339748947,True,False,False,False
hsa-mir-1258,-0.0843133333333332,1.06018301542676,-0.27503,0.12795,-0.10586,-0.654952786710387,0.529954514625876,0.97682156396788,0.5454549080081799,-5.53096826786205,False,False,False,False
hsa-mir-4272,-0.0840533333333332,1.05999196829668,0.11155,-0.2871,-0.0766099999999998,-0.65476978021857,0.530066705850062,0.97682156396788,0.5413124458014957,-5.53108234773838,False,False,False,False
hsa-miR-1204,0.0794566666666667,1.05662003198254,0.23431,0.00106,0.003,0.654085777361174,0.530486157106937,0.97682156396788,0.412699855730188,-5.53150847922435,True,False,False,False
hsa-miR-3138,-0.0931166666666667,1.06667203609412,-0.11698,-0.37704,0.21467,-0.653739337652572,0.530698680664547,0.97682156396788,0.641085351085805,-5.53172415822388,False,False,False,False
hsa-miR-4280,-0.07692,1.05476382692056,-0.04369,-0.16849,-0.01858,-0.65373211053724,0.53070311468667,0.97682156396788,0.2389119874424178,-5.53172865643936,True,False,False,False
hsa-miR-676-5p,0.0763499999999999,1.05434717848712,0.0017699999999999,0.0955299999999999,0.13175,0.652524812945349,0.531444135945975,0.97682156396788,0.1874467389155863,-5.5324794646099,True,False,False,False
hsa-mir-3116-1,-0.0944633333333333,1.06766817336681,-0.44991,0.0424599999999999,0.12406,-0.652520824653761,0.531446584930728,0.97682156396788,0.6508636033492762,-5.53248194283946,False,False,False,False
hsa-mir-3116-2,-0.0944633333333333,1.06766817336681,-0.44991,0.0424599999999999,0.12406,-0.652520824653761,0.531446584930728,0.97682156396788,0.6508636033492762,-5.53248194283946,False,False,False,False
hsa-mir-5590,-0.0816766666666666,1.05824719648637,0.11706,-0.2036,-0.15849,-0.65150015379953,0.532073544343055,0.97682156396788,0.5006923165336982,-5.53311571832784,False,False,False,False
hsa-miR-1224-5p,0.118286666666667,1.0854450307618,-0.227,-0.0849099999999998,0.66677,0.653571100517227,0.532227332217121,0.97682156396788,0.7112154724845514,-5.53043985824671,False,False,False,False
hsa-mir-943,0.07846,1.05589033217782,0.11049,-0.05691,0.1818,0.651082547531916,0.53233019209877,0.97682156396788,0.38291229957147255,-5.53337477112307,False,False,False,False
hsa-mir-3132,-0.0791966666666666,1.05642962690931,-0.22686,0.0471900000000001,-0.05792,-0.649981489180199,0.533007224432771,0.97682156396788,0.4256841364497427,-5.53405707612933,False,False,False,False
hsa-miR-5701,0.111366666666667,1.08025107504206,-0.39837,0.40659,0.32588,0.650923601203277,0.533025111837488,0.97682156396788,0.7059137908656252,-5.53289178855199,False,False,False,False
hsa-mir-222,0.0934033333333333,1.06688400722445,0.35196,0.17047,-0.24222,0.649754406015594,0.533146920366537,0.97682156396788,0.6483111393575467,-5.53419766677965,False,False,False,False
hsa-miR-7153-3p,0.0769133333333334,1.05475895288801,0.17967,0.0510700000000002,0.0,0.649745692014596,0.533152281441447,0.97682156396788,0.28679369201278054,-5.53420306087501,False,False,False,False
hsa-miR-7161-3p,-0.0851933333333334,1.06082989201806,0.0711300000000001,0.0115699999999999,-0.33828,-0.649540878521221,0.533278297219553,0.97682156396788,0.5733692281937577,-5.53432982481668,False,False,False,False
hsa-mir-412,-0.0786133333333334,1.05600256087739,-0.16393,0.0698099999999999,-0.14172,-0.649479129402319,0.53331629315838,0.97682156396788,0.4019164193566075,-5.53436803580014,False,False,False,False
hsa-miR-5590-3p,0.0835833333333334,1.05964670123135,0.28524,-0.12103,0.0865400000000001,0.648780951093492,0.533746014486766,0.97682156396788,0.550000916936012,-5.53479984950113,False,False,False,False
hsa-miR-8061,-0.08507,1.060739207507,-0.11731,-0.28838,0.15048,-0.6485966803496,0.533859465773463,0.97682156396788,0.57388388406835,-5.53491374910614,False,False,False,False
hsa-mir-4714,0.0972533333333333,1.06973491394124,0.20701,-0.28467,0.36942,0.648288498636162,0.534049238498598,0.97682156396788,0.6698761362259025,-5.5351041746202,False,False,False,False
hsa-mir-888,0.07635,1.05434717848712,-0.01844,0.13173,0.11576,0.648228883186111,0.534085953278395,0.97682156396788,0.25004202121139874,-5.5351410016632,False,False,False,False
hsa-miR-7851-3p,-0.07982,1.05688616835474,-0.15317,-0.18279,0.0965,-0.6475206936736,0.534522214605869,0.97682156396788,0.46260826900060875,-5.53557824905454,False,False,False,False
hsa-mir-4726,-0.0758633333333333,1.05399157381878,-0.1392,0.0026700000000001,-0.0910600000000001,-0.647049131018508,0.534812826517028,0.97682156396788,0.21015240488017642,-5.53586916195986,False,False,False,False
hsa-mir-302f,-0.0818966666666667,1.05840858342453,0.0724199999999999,-0.28612,-0.0319900000000002,-0.646980669646593,0.534855025353496,0.97682156396788,0.522186531863536,-5.53591138086235,False,False,False,False
hsa-mir-4727,-0.07506,1.05340484491974,-0.08275,-0.0312199999999999,-0.11121,-0.646855122908313,0.53493241615753,0.97682156396788,0.08504034960288186,-5.53598879289437,True,False,False,False
hsa-miR-6781-3p,0.07483,1.05323692044808,0.0983599999999998,0.0838399999999999,0.0422900000000002,0.646387304715878,0.535220852407457,0.97682156396788,0.04689411644453894,-5.53627713079952,True,False,False,False
hsa-miR-3613-3p,0.0841933333333333,1.06009483554994,-0.09389,0.02443,0.32204,0.646385111121544,0.535222205100865,0.97682156396788,0.566424283576836,-5.53627848237271,False,False,False,False
hsa-miR-301a-3p,-0.0797699999999999,1.05684954010607,0.0073100000000001,0.0119900000000002,-0.25861,-0.646346529821555,0.535245996830433,0.97682156396788,0.46652314947871854,-5.536302253394,False,False,False,False
hsa-miR-5001-5p,0.0959933333333334,1.06880105229002,-0.0906099999999999,0.4807,-0.10211,0.64553878273511,0.535744251200167,0.97682156396788,0.667275713077369,-5.53679963718247,False,False,False,False
hsa-mir-3128,-0.0842733333333334,1.06015362131953,-0.0746600000000002,0.12816,-0.30632,-0.644997260168262,0.53607844154619,0.97682156396788,0.571117510612223,-5.53713277675915,False,False,False,False
hsa-miR-7705,-0.0820733333333333,1.05853819984402,0.0664100000000001,-0.29663,-0.016,-0.644857550736537,0.536164680760814,0.97682156396788,0.532989378824587,-5.53721868403231,False,False,False,False
hsa-miR-6753-3p,-0.0921233333333333,1.06593785723085,-0.40523,-0.0621,0.19096,-0.644784475105922,0.53620979185928,0.97682156396788,0.6471841700577519,-5.53726361156562,False,False,False,False
hsa-miR-3202,-0.07606,1.05413526263223,-0.08995,0.0164200000000001,-0.15465,-0.644558840666947,0.536349094965332,0.97682156396788,0.2667218515783852,-5.53740230478728,False,False,False,False
hsa-miR-296-3p,0.14485,1.10561569418392,-0.0648599999999999,-0.31883,0.81824,0.653056162207058,0.536513407794779,0.97682156396788,0.7150800065778365,-5.52688926537855,False,False,False,False
hsa-miR-513b-3p,-0.0774666666666667,1.05516357424512,-0.19985,0.0384099999999999,-0.0709599999999999,-0.644228729703115,0.536552939128541,0.97682156396788,0.37744246372427503,-5.5376051393684,False,False,False,False
hsa-miR-513a-3p,0.0992566666666667,1.0712213848543,-0.16983,-0.0444,0.512,0.644111065023757,0.536625608471783,0.97682156396788,0.6823726163545498,-5.53767741516812,False,False,False,False
hsa-miR-6834-5p,0.0839333333333333,1.05990380431006,0.3119,0.0554300000000001,-0.11553,0.643856315891777,0.53678296086852,0.97682156396788,0.5688658450559869,-5.53783385486347,False,False,False,False
hsa-miR-6726-5p,0.0819633333333334,1.05845749341628,0.21408,0.16966,-0.13785,0.643196561292187,0.537190603289321,0.97682156396788,0.5360170863227032,-5.53823874774864,False,False,False,False
hsa-mir-4669,-0.106676666666667,1.07674503164949,0.20007,0.0686799999999999,-0.58878,-0.642946800442604,0.537465741045685,0.97682156396788,0.7046643586737653,-5.53827457711467,False,False,False,False
hsa-miR-127-5p,0.0866033333333334,1.06186718769016,0.13815,-0.18239,0.30405,0.642494351223291,0.537624680338568,0.97682156396788,0.605802334276149,-5.538669286749,False,False,False,False
hsa-miR-1238-5p,0.0841899999999999,1.06009238621362,0.01956,0.32959,-0.0965800000000001,0.642464905506619,0.537642887019636,0.97682156396788,0.5761076149831627,-5.53868733129191,False,False,False,False
hsa-miR-7151-3p,-0.0982066666666667,1.07044202871137,0.15816,0.05219,-0.50497,-0.642452337657327,0.537650658001051,0.97682156396788,0.6801007044791934,-5.53869503273279,False,False,False,False
hsa-miR-4670-3p,0.0869166666666667,1.06209783554682,0.37576,-0.03765,-0.0773600000000001,0.642283196702883,0.537755248133695,0.97682156396788,0.6094670425470122,-5.53879866731797,False,False,False,False
hsa-mir-5704,0.0888933333333334,1.06355403537485,0.35676,0.0964600000000001,-0.18654,0.642000519975887,0.537930071383027,0.97682156396788,0.628079164269124,-5.5389718119297,False,False,False,False
hsa-mir-20b,0.140326666666667,1.10215464638451,0.70633,0.17392,-0.45927,0.649433606928195,0.538073703038051,0.97682156396788,0.7174718364759682,-5.52978990309212,False,False,False,False
hsa-mir-200c,-0.11339,1.08176715526402,-0.20347,0.38889,-0.52559,-0.642767825764705,0.538459831876527,0.97682156396788,0.7131833362673567,-5.53752578786875,False,False,False,False
hsa-miR-548c-3p,-0.08588,1.06133492592087,0.13652,-0.34472,-0.0494400000000002,-0.64027670057353,0.538996910750118,0.97682156396788,0.6023305504047101,-5.540026202453,False,False,False,False
hsa-miR-6076,-0.115916666666667,1.08366337018613,-0.65285,0.04233,0.26277,-0.642413133013866,0.539072515443587,0.97682156396788,0.7152228423639956,-5.53736095174381,False,False,False,False
hsa-miR-3128,0.0793966666666667,1.05657608930455,-0.03461,0.26365,0.0091499999999999,0.64009487708915,0.539109511181397,0.97682156396788,0.48314579461010637,-5.54013726819532,False,False,False,False
hsa-mir-558,0.0894266666666667,1.06394728111415,0.27423,0.22657,-0.23252,0.639983333833669,0.539178595088746,0.97682156396788,0.6355257393203525,-5.54020538968549,False,False,False,False
hsa-mir-603,-0.07423,1.05279898259989,-0.0927199999999999,-0.10646,-0.0235099999999999,-0.639078582629392,0.539739143805806,0.97682156396788,0.10166455887687839,-5.54075754384943,True,False,False,False
hsa-mir-609,0.07897,1.05626366073814,0.07589,-0.07589,0.23691,0.63907750518373,0.53973981155556,0.97682156396788,0.47409762496795094,-5.54075820097799,False,False,False,False
hsa-mir-3122,0.0813533333333332,1.05801005125199,-0.0477700000000001,0.30051,-0.00868,0.638919151024951,0.539837957291823,0.97682156396788,0.5371061051076451,-5.5408547695464,False,False,False,False
hsa-miR-548i,-0.0936933333333333,1.06709848599627,0.19284,-0.03199,-0.44193,-0.638626549165044,0.5400193357875,0.97682156396788,0.6641742311241203,-5.54103314938799,False,False,False,False
hsa-mir-4327,0.07438,1.05290844998754,0.0745100000000001,0.13265,0.0159800000000001,0.637710482692344,0.540587422321981,0.97682156396788,0.1578685362087427,-5.5415911395025,True,False,False,False
hsa-miR-4708-3p,-0.0840966666666666,1.06002380709409,0.11209,-0.0319499999999999,-0.33243,-0.637509814494931,0.54071191136463,0.97682156396788,0.586512071124061,-5.54171327351108,False,False,False,False
hsa-mir-466,-0.0933366666666667,1.06683470785408,-0.0125599999999999,-0.44634,0.17889,-0.637328149957533,0.540824625716265,0.97682156396788,0.6639134368425966,-5.54182381141616,False,False,False,False
hsa-mir-6788,-0.0778233333333333,1.05542446666386,-0.03443,-0.23668,0.0376400000000001,-0.636831484609059,0.541132854428006,0.97682156396788,0.4432644317515633,-5.54212587423007,False,False,False,False
hsa-miR-7856-5p,0.0888366666666667,1.06351226155801,-0.20111,0.35599,0.11163,0.636180148728404,0.541537228826478,0.97682156396788,0.636957928514783,-5.54252168412145,False,False,False,False
hsa-miR-503-5p,-0.134113333333334,1.09741814371962,0.48783,-0.62289,-0.26728,-0.64215491225258,0.541603531940329,0.97682156396788,0.7218436899542036,-5.53521369182581,False,False,False,False
hsa-miR-1307-5p,-0.0782333333333332,1.0557244507304,-0.0653299999999999,-0.23524,0.0658700000000001,-0.635881410445667,0.541722756901176,0.97682156396788,0.4641415226717145,-5.54270310243234,False,False,False,False
hsa-miR-3684,0.0791033333333333,1.0563612847397,0.26925,-0.01597,-0.01597,0.635811799152485,0.541765993622579,0.97682156396788,0.49291916954341825,-5.54274536509847,False,False,False,False
hsa-mir-3157,-0.07776,1.05537813526291,-0.08378,-0.21856,0.0690599999999999,-0.6355006517441,0.541959277374851,0.97682156396788,0.4481118926629467,-5.54293421922329,False,False,False,False
hsa-miR-4307,0.111393333333333,1.08027104250625,0.0246700000000001,0.60706,-0.29755,0.636652840896908,0.542114452220614,0.97682156396788,0.7148027808922306,-5.54138984360391,False,False,False,False
hsa-mir-548az,-0.0850966666666667,1.06075881431196,0.19399,-0.22968,-0.2196,-0.635066806354398,0.542228848817893,0.97682156396788,0.6041075906215263,-5.5431974074272,False,False,False,False
hsa-mir-4328,0.08425,1.06013647513333,0.26072,0.17233,-0.1803,0.634357919669228,0.542669488823278,0.97682156396788,0.5955569840782056,-5.54362709906231,False,False,False,False
hsa-mir-1290,0.0757833333333333,1.05393312973619,0.0401100000000001,0.19929,-0.0120500000000001,0.63388465093646,0.542963787825443,0.97682156396788,0.35543814949744845,-5.54391373063156,False,False,False,False
hsa-mir-6511a-2,0.0853933333333334,1.06097696446185,-0.01576,0.3673,-0.0953600000000001,0.633464107696592,0.543225378944439,0.97682156396788,0.6105740564491802,-5.54416826795334,False,False,False,False
hsa-mir-6511a-3,0.0853933333333334,1.06097696446185,-0.01576,0.3673,-0.0953600000000001,0.633464107696592,0.543225378944439,0.97682156396788,0.6105740564491802,-5.54416826795334,False,False,False,False
hsa-mir-6511b-2,0.0853933333333334,1.06097696446185,-0.01576,0.3673,-0.0953600000000001,0.633464107696592,0.543225378944439,0.97682156396788,0.6105740564491802,-5.54416826795334,False,False,False,False
hsa-mir-6511a-4,0.0853933333333334,1.06097696446185,-0.01576,0.3673,-0.0953600000000001,0.633464107696592,0.543225378944439,0.97682156396788,0.6105740564491802,-5.54416826795334,False,False,False,False
hsa-mir-6511a-1,0.0853933333333334,1.06097696446185,-0.01576,0.3673,-0.0953600000000001,0.633464107696592,0.543225378944439,0.97682156396788,0.6105740564491802,-5.54416826795334,False,False,False,False
hsa-mir-6511b-1,0.0853933333333334,1.06097696446185,-0.01576,0.3673,-0.0953600000000001,0.633464107696592,0.543225378944439,0.97682156396788,0.6105740564491802,-5.54416826795334,False,False,False,False
hsa-miR-922,0.0734333333333333,1.05221777985181,0.06948,0.0388899999999999,0.11193,0.633392067126762,0.543270197911057,0.97682156396788,0.0740483307822208,-5.54421185586714,True,False,False,False
hsa-miR-3065-3p,-0.0768066666666668,1.05468097143012,-0.15677,0.0778399999999999,-0.15149,-0.632342074506933,0.543923682969651,0.97682156396788,0.4253049627895088,-5.54484664424441,False,False,False,False
hsa-mir-3155a,0.0768333333333333,1.05470046625406,-0.0568900000000001,0.2129,0.07449,0.632126324263459,0.544058017105297,0.97682156396788,0.42790922442144735,-5.54497696183082,False,False,False,False
hsa-miR-519d-5p,-0.0762466666666667,1.05427166335489,-0.0272300000000001,0.01572,-0.21723,-0.632108058280128,0.544069391085193,0.97682156396788,0.3983283885701971,-5.54498799302295,False,False,False,False
hsa-miR-637,0.0792933333333334,1.05650041453183,0.15101,0.20629,-0.11942,0.63209474285421,0.544077682508568,0.97682156396788,0.5132743311810266,-5.54499603429381,False,False,False,False
hsa-mir-4431,0.0769266666666667,1.05476870097564,-0.02125,0.23556,0.01647,0.631160103008384,0.544659862434063,0.977144363198423,0.4380138869818022,-5.54556008830336,False,False,False,False
hsa-miR-877-5p,-0.104323333333333,1.07499007004188,0.2786,-0.5525,-0.0390699999999997,-0.631286416468273,0.544699424532816,0.977144363198423,0.7085594272181227,-5.54536938759107,False,False,False,False
hsa-miR-6775-5p,-0.19421,1.14409749695424,-1.05262,0.0902399999999997,0.37975,-0.650364017404004,0.54502120087113,0.977325121756747,0.7003705248934624,-5.521867938399,False,False,False,False
hsa-miR-5681b,-0.07788,1.0554659227993,-0.25869,0.02593,-0.0008799999999999,-0.629880267113228,0.54545765751362,0.977711293686756,0.4811598173427025,-5.54633124859812,False,False,False,False
hsa-mir-27a,-0.0774933333333333,1.05518307798955,-0.21949,-0.0990599999999999,0.0860699999999999,-0.628393384513963,0.546385379793802,0.978408797273826,0.4751360331062935,-5.54722539348897,False,False,False,False
hsa-miR-520g-3p,0.0802866666666666,1.05722809323104,0.28962,-0.0986100000000001,0.04985,0.62753338370069,0.546922389893752,0.978408797273826,0.5513910869025538,-5.54774169040415,False,False,False,False
hsa-miR-1185-5p,-0.10269,1.07377371902943,-0.56669,0.21821,0.0404099999999999,-0.627376347207823,0.547137905452501,0.978408797273826,0.707745353496457,-5.54772234433043,False,False,False,False
hsa-miR-1914-3p,-0.09783,1.07016258836593,0.04335,0.18432,-0.52116,-0.626766929049857,0.547424927602316,0.978408797273826,0.6944109538280264,-5.54817839642839,False,False,False,False
hsa-miR-892c-3p,0.0821599999999999,1.05860179106068,-0.10084,0.0184299999999999,0.32889,0.626001673673674,0.547879602349671,0.978408797273826,0.5869165709401657,-5.5486596656623,False,False,False,False
hsa-miR-4275,-0.0776333333333334,1.05528547856254,-0.17627,-0.16463,0.108,-0.625978669752942,0.547893985688035,0.978408797273826,0.49118196250556045,-5.54867343681549,False,False,False,False
hsa-miR-4454,0.0980033333333334,1.07029117132146,0.46666,-0.28351,0.11086,0.626050944535258,0.547938363913388,0.978408797273826,0.6953416775904623,-5.54854359319019,False,False,False,False
hsa-mir-3618,0.0733966666666667,1.05219103765944,-0.01012,0.10421,0.1261,0.62574777696506,0.548038365040438,0.978408797273826,0.22436590569107112,-5.54881163405768,False,False,False,False
hsa-mir-6752,0.0875466666666667,1.06256173660396,0.0188999999999999,0.39678,-0.15304,0.625510971451076,0.548186464837914,0.978408797273826,0.6437902661086585,-5.54895332250411,False,False,False,False
hsa-miR-191-5p,-0.076046666666666,1.05412552039878,0.0718500000000013,-0.103719999999999,-0.19627,-0.625076414108196,0.548458300993076,0.978408797273826,0.4354881264221489,-5.54921320646588,False,False,False,False
hsa-mir-3127,0.0978866666666667,1.07020462340171,-0.0780699999999999,-0.15795,0.52968,0.624552609028892,0.548898573921449,0.978408797273826,0.6962735358319257,-5.54941756031,False,False,False,False
hsa-mir-548aj-1,-0.0862633333333333,1.06161696689202,-0.3977,0.04976,0.08915,-0.623912728996865,0.549186629729827,0.978408797273826,0.6361082951840324,-5.54990833770041,False,False,False,False
hsa-mir-6731,0.0762333333333333,1.05426191986083,0.19278,0.11835,-0.08243,0.623753764147136,0.549286166777103,0.978408797273826,0.4515708439848355,-5.55000320514718,False,False,False,False
hsa-miR-4765,0.08043,1.05733313521863,0.12235,-0.14211,0.26105,0.623292876777106,0.549574814553132,0.978408797273826,0.566585367086625,-5.55027813134963,False,False,False,False
hsa-mir-8077,0.0853600000000001,1.06095245097199,0.11194,0.3335,-0.18936,0.622886321206365,0.549829508645454,0.978408797273826,0.6299290854223782,-5.55052049554682,False,False,False,False
hsa-mir-548ba,0.0723766666666668,1.05144739085714,0.0186300000000001,0.0957700000000001,0.10273,0.622753875025131,0.54991249684986,0.978408797273826,0.11517108171523784,-5.55059942123552,True,False,False,False
hsa-let-7c-3p,-0.09552,1.06845044722842,-0.29468,0.31984,-0.31172,-0.622181975942752,0.550270921744086,0.978408797273826,0.6907983701088491,-5.55094004626759,False,False,False,False
hsa-mir-106b,-0.08118,1.05788294372927,-0.18218,0.16701,-0.22837,-0.622086532400136,0.550330752124368,0.978408797273826,0.5821505713225157,-5.55099686525011,False,False,False,False
hsa-mir-8057,-0.0762466666666666,1.05427166335489,-0.23682,0.0503900000000002,-0.0423099999999998,-0.62185737287835,0.550474420113557,0.978408797273826,0.4627006861184535,-5.55113325523605,False,False,False,False
hsa-miR-517-5p,-0.0759533333333334,1.05405732728561,-0.15877,0.08863,-0.15772,-0.621379668220537,0.550773980001401,0.978408797273826,0.4534589813847658,-5.55141742712672,False,False,False,False
hsa-miR-4707-3p,-0.11073,1.07977446141378,0.10674,-0.6477,0.20877,-0.622449661218182,0.551333719867523,0.978408797273826,0.7215733937398439,-5.54959243512258,False,False,False,False
hsa-mir-6797,0.0833166666666667,1.05945085503238,0.36436,-0.0390999999999999,-0.07531,0.62024948755161,0.55148307438818,0.978408797273826,0.6142617600307136,-5.55208895157698,False,False,False,False
hsa-mir-421,0.0809933333333333,1.0577460757824,0.25322,0.15421,-0.16445,0.619362903507952,0.552039704500762,0.978408797273826,0.5862242291562538,-5.55261496397393,False,False,False,False
hsa-miR-502-5p,0.0739533333333334,1.05259710593866,-0.0018,0.02319,0.20047,0.618508662543776,0.552576337877192,0.978408797273826,0.36530475580645044,-5.55312114381219,False,False,False,False
hsa-miR-4288,0.0714933333333333,1.05080380768534,0.063,0.0925800000000001,0.0588999999999998,0.618494405264209,0.552585296862285,0.978408797273826,0.021320575625688478,-5.5531295865941,True,False,False,False
hsa-miR-10b-3p,-0.0791833333333333,1.05641986347153,-0.24439,0.13854,-0.1317,-0.618384265906604,0.552654509047909,0.978408797273826,0.5579606916142972,-5.55319480226361,False,False,False,False
hsa-miR-4473,-0.0930966666666666,1.06665724898233,-0.0001999999999999,0.19548,-0.47457,-0.617635761278573,0.553125007129609,0.978408797273826,0.6858313549339324,-5.55363772830236,False,False,False,False
hsa-mir-876,0.07768,1.05531961429516,-0.00465,-0.0456799999999999,0.28337,0.616494576437104,0.553842785785899,0.978408797273826,0.5313072786817264,-5.55431208826016,False,False,False,False
hsa-mir-324,-0.09703,1.06956932872294,-0.52465,0.03287,0.20069,-0.61631666321144,0.554069791036167,0.978408797273826,0.7013233756992951,-5.55430631096483,False,False,False,False
hsa-miR-5693,-0.0749266666666667,1.05330749413861,0.05254,-0.21909,-0.05823,-0.615692280402146,0.554347735008948,0.978408797273826,0.4423119451202146,-5.55478551331818,False,False,False,False
hsa-miR-6877-5p,-0.0965866666666666,1.06924070564337,0.07761,-0.5299,0.16253,-0.615045651867508,0.554869685746798,0.978408797273826,0.7010876721723138,-5.55505618248093,False,False,False,False
hsa-mir-6090,-0.07579,1.05393799995263,0.0292399999999999,-0.25186,-0.00475,-0.614822809979503,0.554895264007403,0.978408797273826,0.482357526102224,-5.55529794720442,False,False,False,False
hsa-mir-3670-1,0.0723333333333333,1.05141580966034,0.10488,-0.01986,0.13198,0.614554406302639,0.555064348373912,0.978408797273826,0.26191698633546434,-5.5554560020564,False,False,False,False
hsa-mir-3670-2,0.0723333333333333,1.05141580966034,0.10488,-0.01986,0.13198,0.614554406302639,0.555064348373912,0.978408797273826,0.26191698633546434,-5.5554560020564,False,False,False,False
hsa-mir-554,-0.0806733333333333,1.05751148621292,-0.08334,0.14281,-0.30149,-0.614472921852304,0.555115686466431,0.978408797273826,0.5936363071537364,-5.55550397343581,False,False,False,False
hsa-miR-182-5p,-0.0852166666666664,1.06084704941928,0.21978,-0.308409999999999,-0.16702,-0.614272526381416,0.555241954424208,0.978408797273826,0.6433956457291506,-5.55562192540221,False,False,False,False
hsa-mir-4421,-0.0838633333333333,1.05985237870431,0.13156,-0.37255,-0.0105999999999999,-0.61366982536217,0.555621812928621,0.978408797273826,0.63248682252422,-5.55597646286544,False,False,False,False
hsa-mir-3119-2,-0.0737633333333333,1.05245849017049,-0.07019,0.04359,-0.19469,-0.613464242405684,0.555751418116779,0.978408797273826,0.3959161228366991,-5.5560973244772,False,False,False,False
hsa-miR-33a-3p,-0.0757533333333334,1.05391121404073,-0.17436,-0.15744,0.10454,-0.613073468699806,0.555997820935757,0.978408797273826,0.4897246676735536,-5.55632695807479,False,False,False,False
hsa-miR-5705,0.08362,1.05967363291478,0.34624,0.0748,-0.17018,0.612962566132447,0.556067762198073,0.978408797273826,0.6314527884104202,-5.55639210452966,False,False,False,False
hsa-miR-564,0.0719333333333333,1.05112433570745,0.15799,0.0145599999999999,0.04325,0.612552630933846,0.556326334085,0.978408797273826,0.24236470645084549,-5.55663281626009,True,False,False,False
hsa-miR-378d,-0.198543333333333,1.14753911752619,0.16511,-1.11629,0.35555,-0.631342490466453,0.556552399460622,0.978408797273826,0.7093395309657491,-5.53379007364324,False,False,False,False
hsa-miR-20a-5p,-0.0889700000000004,1.06361055550349,0.272919999999999,-0.28866,-0.25117,-0.612093933933239,0.55661574554754,0.978408797273826,0.6721237146684598,-5.55690198771681,False,False,False,False
hsa-miR-374b-5p,-0.176383333333333,1.13004743554068,0.29224,-1.01016,0.18877,-0.628414368241354,0.556652838973718,0.978408797273826,0.7140516937234822,-5.53724276100014,False,False,False,False
hsa-miR-4738-3p,-0.07647,1.05443488026738,-0.26931,-0.0107899999999999,0.0506900000000001,-0.611965924322695,0.556696527795565,0.978408797273826,0.5170490546593121,-5.55697707340103,False,False,False,False
hsa-miR-7515,0.0805999999999999,1.05745773343137,0.30239,-0.14831,0.0877199999999999,0.61186267520468,0.556761689528094,0.978408797273826,0.598884768820975,-5.55703762513318,False,False,False,False
hsa-mir-4263,-0.0742633333333333,1.05282330770245,-0.09663,0.06965,-0.19581,-0.611323144433017,0.557102265451616,0.978408797273826,0.43878248170798473,-5.55735388909357,False,False,False,False
hsa-mir-128-1,-0.0845866666666666,1.06038389697295,0.20754,-0.13277,-0.32853,-0.611215641925547,0.557170140216054,0.978408797273826,0.6432272628609164,-5.55741687506801,False,False,False,False
hsa-miR-200c-5p,-0.0823933333333333,1.05877301717113,-0.36129,0.11411,0.0,-0.610671516188146,0.557513762745392,0.978408797273826,0.6233406539238154,-5.55773552562366,False,False,False,False
hsa-mir-4692,0.0757366666666667,1.05389903885128,-0.0606499999999999,0.03383,0.25403,0.610380579771593,0.55769754309766,0.978408797273826,0.5018838266947871,-5.55790579807518,False,False,False,False
hsa-miR-4531,-0.0720366666666666,1.05119962540361,0.0310900000000001,-0.12976,-0.11744,-0.609507101934269,0.558249516527527,0.978408797273826,0.2980673575312856,-5.55841656476629,False,False,False,False
hsa-mir-374a,-0.08849,1.06325673981016,-0.37502,-0.1367,0.24625,-0.609176288753065,0.55845864824245,0.978408797273826,0.6732037304976599,-5.5586098348161,False,False,False,False
hsa-mir-369,-0.07252,1.05155185849708,0.03278,-0.17504,-0.0753000000000001,-0.60881097162097,0.558689644952128,0.978408797273826,0.3503525381139364,-5.55882315245242,False,False,False,False
hsa-mir-4634,0.08124,1.05792694075895,0.34773,-0.111,0.00699,0.608565836903371,0.558844678988448,0.978408797273826,0.6145764443707876,-5.55896622756207,False,False,False,False
hsa-miR-569,0.0755133333333333,1.05373590488217,0.26197,-0.02471,-0.0107200000000001,0.608501802654606,0.558885181162117,0.978408797273826,0.5033514293296606,-5.55900359312531,False,False,False,False
hsa-miR-4783-5p,0.07569,1.05386494906909,-0.10354,0.10971,0.2209,0.608272985947713,0.559029923373768,0.978408797273826,0.5099015712365133,-5.55913708417454,False,False,False,False
hsa-miR-6757-5p,0.0827533333333333,1.05903724892844,0.26675,-0.20964,0.19115,0.608137621109916,0.559115561052729,0.978408797273826,0.6319259453175039,-5.55921603421499,False,False,False,False
hsa-mir-4763,0.0748133333333333,1.05322475304834,-0.0962800000000001,0.13099,0.18973,0.608042944506344,0.559175462076366,0.978408797273826,0.48136962105857856,-5.55927124382094,False,False,False,False
hsa-miR-4999-3p,0.0872933333333334,1.06237517002785,-0.15747,0.42829,-0.0089399999999999,0.6072419645581,0.559682382633543,0.978408797273826,0.6687257822048536,-5.55973801425977,False,False,False,False
hsa-mir-3911,0.0744466666666668,1.05295710581329,0.24426,0.0037800000000001,-0.0246999999999999,0.606628338517951,0.560070910315148,0.978408797273826,0.47483850775652503,-5.56009522664504,False,False,False,False
hsa-mir-24-1,0.0775766666666666,1.0552440295145,0.16725,0.2122,-0.14672,0.606554567081973,0.560117630386529,0.978408797273826,0.5629701130315043,-5.5601381494118,False,False,False,False
hsa-mir-491,-0.0780433333333332,1.0555854231244,-0.0616299999999999,-0.28777,0.11527,-0.606440858340784,0.560189647478134,0.978408797273826,0.5723187518931756,-5.56020429980114,False,False,False,False
hsa-miR-4662a-5p,-0.0723433333333334,1.05142309754464,-0.0986800000000001,0.0448599999999999,-0.16321,-0.606415597461235,0.560205647103391,0.978408797273826,0.3604665145020271,-5.56021899386281,False,False,False,False
hsa-miR-33b-5p,0.0843333333333334,1.06019771278599,-0.13078,-0.01325,0.39703,0.605395324815657,0.560852082439057,0.978408797273826,0.6507387938715332,-5.5608120142721,False,False,False,False
hsa-miR-510-3p,-0.0775066666666667,1.05519282999695,0.0099199999999999,0.06026,-0.3027,-0.605377556636547,0.560863343987757,0.978408797273826,0.565266128067285,-5.56082233376707,False,False,False,False
hsa-mir-586,0.07317,1.05202573737496,-0.0110399999999999,0.01132,0.21923,0.605358346942669,0.560875519320833,0.978408797273826,0.4234101446158366,-5.56083349016307,False,False,False,False
hsa-mir-190a,0.07266,1.05165390667724,-0.06168,0.12352,0.15614,0.604954221888607,0.561131693779302,0.978408797273826,0.3961840897403285,-5.56106811897842,False,False,False,False
hsa-miR-6504-5p,0.0765266666666667,1.05447629753275,0.13517,-0.12945,0.22386,0.604885439854358,0.561175301328221,0.978408797273826,0.5457418827864158,-5.56110803860504,False,False,False,False
hsa-mir-7151,0.09086,1.06500484966351,0.37101,-0.28978,0.19135,0.604883727397736,0.561176387044044,0.978408797273826,0.6903113943594131,-5.56110903242577,False,False,False,False
hsa-miR-375,-0.0802733333333333,1.0572183224139,-0.25318,-0.17248,0.18484,-0.604552964920417,0.561386116598395,0.978408797273826,0.6114016025941044,-5.56130094185119,False,False,False,False
hsa-miR-340-3p,0.0716366666666667,1.05090821138142,-0.0384399999999998,0.12492,0.12843,0.60428477612341,0.561556202505873,0.978408797273826,0.3228643698781821,-5.56145647584478,False,False,False,False
hsa-mir-4520a,0.0730866666666667,1.05196497174048,-0.0442499999999999,0.21291,0.0506,0.603385642252767,0.56212665073657,0.978770321951999,0.43301683686092557,-5.56197746409103,False,False,False,False
hsa-miR-6760-3p,-0.0722633333333333,1.05136479588467,-0.19224,-0.06185,0.0373,-0.602557007264236,0.56265266545592,0.978770321951999,0.3905168127760046,-5.56245697880313,False,False,False,False
hsa-miR-7154-5p,0.0734633333333333,1.05223966033293,-0.0137700000000001,0.23416,0.0,0.602446624294343,0.562722757465019,0.978770321951999,0.45753850295515974,-5.56252081005064,False,False,False,False
hsa-mir-606,-0.108113333333333,1.07781781150749,-0.55474,-0.15622,0.38662,-0.60405275756102,0.562905314103197,0.978770321951999,0.7301705485432406,-5.56043897718881,False,False,False,False
hsa-miR-3614-3p,-0.0696433333333333,1.04945720212228,-0.0878300000000001,-0.0319499999999999,-0.0891499999999998,-0.601195967370816,0.563517260339734,0.978770321951999,0.0660838895197983,-5.56324328590532,True,False,False,False
hsa-mir-658,0.07101,1.05045182516273,0.17154,0.04149,0.0,0.60082756698597,0.563751415729778,0.978770321951999,0.30310187223012186,-5.56345584211455,False,False,False,False
hsa-mir-135a-1,0.07035,1.04997137737224,0.11706,-0.0093400000000001,0.10333,0.600707760792968,0.563827576562457,0.978770321951999,0.22101140153552487,-5.56352494124355,False,False,False,False
hsa-miR-6079,-0.0753733333333334,1.05363365467344,0.12148,-0.21619,-0.13141,-0.600121266616898,0.564200495918681,0.978770321951999,0.5348273129740695,-5.56386302537508,False,False,False,False
hsa-mir-6882,-0.07634,1.05433987033471,-0.28608,-0.0265500000000001,0.0836100000000002,-0.600098510593698,0.564214968059616,0.978770321951999,0.5581134493299698,-5.56387613701504,False,False,False,False
hsa-miR-433-5p,0.0852133333333333,1.06084459834497,0.0364199999999999,0.4011,-0.18188,0.599662581974681,0.564492246374207,0.978770321951999,0.666012320599969,-5.56412722448559,False,False,False,False
hsa-mir-181a-2,0.08529,1.06090097448682,0.42628,-0.08232,-0.08809,0.599660109053855,0.564493819530936,0.978770321951999,0.6665331045134826,-5.56412864837251,False,False,False,False
hsa-miR-302f,-0.101786666666667,1.07310159362728,-0.08657,0.32728,-0.54607,-0.600147612186764,0.564664816774068,0.978770321951999,0.7256012068172819,-5.5633876619912,False,False,False,False
hsa-miR-758-3p,0.0761933333333333,1.05423268991895,-0.0829200000000001,0.02271,0.28879,0.597981693391471,0.565562126205639,0.978770321951999,0.5620183863671473,-5.56509383356451,False,False,False,False
hsa-miR-874-5p,-0.09938,1.07131296550564,0.2052,-0.58342,0.0800800000000002,-0.598103893119427,0.565595470043746,0.978770321951999,0.7239794924222196,-5.5649174226159,False,False,False,False
hsa-miR-4790-5p,-0.0753766666666666,1.05363608908691,-0.25955,0.10024,-0.0668199999999999,-0.59782030332031,0.565664911212024,0.978770321951999,0.54374164226718,-5.56518651236357,False,False,False,False
hsa-mir-3189,0.0692833333333333,1.04919536060441,0.06402,0.0337499999999999,0.11008,0.597364964221458,0.565954961833036,0.978770321951999,0.08909261409563726,-5.56544786964728,True,False,False,False
hsa-mir-5196,0.06908,1.04904749750733,0.08803,0.0439999999999998,0.07521,0.597307055870375,0.565991855473877,0.978770321951999,0.03400596652578807,-5.56548109511228,True,False,False,False
hsa-miR-5690,0.109073333333333,1.07853525310359,0.48106,-0.4375,0.28366,0.599301046430524,0.566120616330559,0.978770321951999,0.7337001397911933,-5.56299789142342,False,False,False,False
hsa-mir-206,-0.0748066666666666,1.05321988612779,0.0514600000000001,-0.27238,-0.0035,-0.59685023425003,0.566282946355523,0.978770321951999,0.532614242554234,-5.56574309803786,False,False,False,False
hsa-miR-1273g-3p,0.0847433333333332,1.06049905355577,0.41614,-0.14805,-0.0138600000000011,0.596217940290634,0.566685990359955,0.978770321951999,0.6678505754895598,-5.56610543925274,False,False,False,False
hsa-mir-6821,0.0717766666666666,1.05101019709864,0.20999,0.0208299999999999,-0.01549,0.596203787218259,0.566695013839056,0.978770321951999,0.4124400775662488,-5.56611354578483,False,False,False,False
hsa-miR-7113-5p,-0.13714,1.0997228619089,-0.73039,-0.16964,0.48861,-0.604188034264664,0.566944297455423,0.978770321951999,0.7345932065868381,-5.55640042055539,False,False,False,False
hsa-mir-3914-2,-0.0964566666666666,1.06914436163071,0.16956,0.1011,-0.56003,-0.595547226719049,0.567224320259626,0.978770321951999,0.7186490443523734,-5.5663838428159,False,False,False,False
hsa-miR-587,0.0803399999999999,1.05726717740264,0.29578,0.13653,-0.19129,0.595343685961606,0.567243536165648,0.978770321951999,0.6316565879912157,-5.56660586169528,False,False,False,False
hsa-miR-4503,0.0709866666666666,1.05043483588663,0.18918,0.03979,-0.0160100000000001,0.59518860443925,0.567342470197933,0.978770321951999,0.3661621505917982,-5.56669456038335,False,False,False,False
hsa-mir-6773,0.0724833333333334,1.05152513322915,0.23239,-0.01241,-0.0025299999999999,0.594746765474854,0.56762439447362,0.978770321951999,0.4605672350303467,-5.56694715421728,False,False,False,False
hsa-miR-1288-5p,0.0742766666666666,1.05283303790085,0.25693,0.0438799999999999,-0.0779799999999999,0.594565764775478,0.567739908594952,0.978770321951999,0.5271315148368526,-5.56705058072017,False,False,False,False
hsa-miR-4670-5p,0.0810166666666666,1.05776318330731,0.28738,0.16447,-0.2088,0.593827245689072,0.568211367637045,0.978898399372227,0.6415274618741804,-5.56747228426363,False,False,False,False
hsa-mir-5189,0.0694633333333334,1.04932627319609,0.14135,-0.00025,0.0672900000000001,0.592784515433403,0.568877408383639,0.978898399372227,0.2314646901040388,-5.56806688277861,False,False,False,False
hsa-mir-562,0.08216,1.05860179106068,0.20765,-0.23092,0.26975,0.592587874833035,0.56900306153803,0.978898399372227,0.6540517923606961,-5.56817890685047,False,False,False,False
hsa-miR-450a-1-3p,-0.0832033333333333,1.05936763135902,-0.38941,-0.0351600000000001,0.17496,-0.59179793478702,0.569507990900862,0.978898399372227,0.6635672552430785,-5.56862858584736,False,False,False,False
hsa-miR-4731-3p,0.0712466666666667,1.05062416049165,0.20206,0.0485800000000001,-0.0368999999999999,0.591795237698552,0.569509715313206,0.978898399372227,0.41534191847572627,-5.56863012024727,False,False,False,False
hsa-mir-4673,0.0723166666666667,1.05140366329876,0.0728,0.2159,-0.07175,0.591049923918789,0.569986352893964,0.978898399372227,0.4756389409017949,-5.56905389213027,False,False,False,False
hsa-mir-592,0.0884499999999999,1.06322726048237,-0.10104,-0.11445,0.48084,0.590093975271069,0.570598024323958,0.978898399372227,0.6963300751551367,-5.56959671407164,False,False,False,False
hsa-mir-1255b-1,0.06902,1.04900386975564,0.07345,0.13361,0.0,0.589916445375592,0.570711659086344,0.978898399372227,0.2159270490019432,-5.5696974336574,False,False,False,False
hsa-miR-6776-3p,-0.07183,1.05104905140374,-0.0826299999999999,0.07132,-0.20418,-0.589604850925208,0.570911137878151,0.978898399372227,0.4626354885793512,-5.56987414639592,False,False,False,False
hsa-miR-30b-5p,0.144953333333333,1.10569488697478,0.877599999999999,-0.135059999999999,-0.30768,0.600144900442665,0.570964935365892,0.978898399372227,0.7328308160171573,-5.55735108767499,False,False,False,False
hsa-mir-4303,-0.0809333333333333,1.05770208627453,-0.25009,-0.2181,0.22539,-0.588413676452777,0.57167407545072,0.978898399372227,0.6505443033224274,-5.5705489047038,False,False,False,False
hsa-miR-7112-3p,-0.0742566666666667,1.05281844263698,-0.08839,-0.24846,0.11408,-0.58807323445945,0.571892231422371,0.978898399372227,0.5523765946099106,-5.57074152420588,False,False,False,False
hsa-miR-3925-3p,-0.0727166666666667,1.05169521470844,-0.18466,-0.14097,0.10748,-0.58792032036054,0.571990234386688,0.978898399372227,0.5079660961592654,-5.57082800872258,False,False,False,False
hsa-mir-4680,0.08154,1.05814695335619,-0.0116400000000001,0.3896,-0.13334,0.587632892841646,0.572174472904472,0.978898399372227,0.6571640847667001,-5.57099051520096,False,False,False,False
hsa-miR-26b-3p,-0.0692766666666668,1.04919051230357,-0.0028100000000002,-0.16514,-0.0398800000000001,-0.587449927797746,0.572291769312346,0.978898399372227,0.29379993578645286,-5.5710939226326,True,False,False,False
hsa-mir-6822,-0.0733066666666667,1.05212540061418,0.121,-0.18778,-0.15314,-0.586976393188379,0.572595408831337,0.978898399372227,0.5311956395704076,-5.57136141643729,False,False,False,False
hsa-miR-5591-5p,0.0700666666666667,1.04976519195448,0.11193,0.15244,-0.05417,0.586285698074094,0.573038458494485,0.978898399372227,0.38310271762251297,-5.57175122825248,False,False,False,False
hsa-miR-3928-5p,-0.07542,1.05366773697387,-0.07589,0.12686,-0.27723,-0.586042102250305,0.573194760205025,0.978898399372227,0.5842155095917511,-5.5718886079116,False,False,False,False
hsa-miR-9-5p,0.08268,1.05898341859314,0.35989,0.10488,-0.21673,0.585583498024597,0.573489085765588,0.978898399372227,0.6692734025118345,-5.57214710337811,False,False,False,False
hsa-mir-103a-1,-0.0738033333333332,1.05248767092042,-0.25634,-0.0702999999999998,0.10523,-0.584941784280135,0.573901070995049,0.978898399372227,0.5528456670711713,-5.57250849941734,False,False,False,False
hsa-miR-541-3p,0.0836766666666667,1.0597152559537,-0.12567,-0.0514399999999999,0.42814,0.584723687739268,0.574041128538468,0.978898399372227,0.6773245768210066,-5.57263124311582,False,False,False,False
hsa-miR-4760-5p,0.0748966666666666,1.05328559145274,-0.0622800000000001,0.30199,-0.01502,0.584190247738233,0.5743837746998,0.978898399372227,0.5797852508023125,-5.57293128431687,False,False,False,False
hsa-miR-373-5p,-0.0700933333333332,1.04978459591469,-0.15273,-0.12104,0.06349,-0.583851827951619,0.574601212453712,0.978898399372227,0.40766042970151944,-5.57312150374464,False,False,False,False
hsa-miR-3688-5p,-0.0841266666666666,1.06004584989867,0.26873,-0.29207,-0.22904,-0.583375616830647,0.57490726061242,0.978898399372227,0.6820159599039468,-5.57338900243902,False,False,False,False
hsa-miR-19a-5p,0.0818,1.05833766795091,-0.12016,0.40659,-0.04103,0.582606555004259,0.575401709130351,0.978898399372227,0.6673782636460892,-5.57382058066699,False,False,False,False
hsa-miR-7704,-0.0768233333333329,1.05469315565286,0.185440000000002,-0.21668,-0.19923,-0.582077309821654,0.575742112128803,0.978898399372227,0.6175225752811837,-5.57411727736519,False,False,False,False
hsa-mir-548f-2,0.0681433333333333,1.04836662671632,-0.0125599999999999,0.10291,0.11408,0.581687765106267,0.575992733830216,0.978898399372227,0.2343360001060356,-5.57433549991859,False,False,False,False
hsa-miR-6128,0.07613,1.05418641083505,-0.0959699999999999,0.32436,0.0,0.580987192176347,0.576443615695919,0.978898399372227,0.6101781764673397,-5.57472762384591,False,False,False,False
hsa-miR-5010-3p,0.0690400000000001,1.04901841213794,0.18381,0.0233100000000002,0.0,0.580872834522028,0.576517233907485,0.978898399372227,0.3546016557968624,-5.57479159094188,False,False,False,False
hsa-mir-4775,0.0678566666666666,1.04815833466456,0.03817,0.0244199999999999,0.14098,0.580678200431167,0.576642542500147,0.978898399372227,0.20631669715263712,-5.57490043497126,True,False,False,False
hsa-miR-4442,0.101573333333333,1.07294292432549,-0.35677,0.104,0.55749,0.581672525066188,0.576767916001647,0.978898399372227,0.7374164612090988,-5.57361863833223,False,False,False,False
hsa-mir-2116,0.07172,1.05096891597326,0.12064,-0.10331,0.19783,0.580408524185607,0.576816189627601,0.978898399372227,0.5103559370124804,-5.57505118920081,False,False,False,False
hsa-miR-6717-5p,-0.0764033333333333,1.05438615615553,0.13529,-0.05183,-0.31267,-0.580269681191413,0.576905603368413,0.978898399372227,0.6159816400144409,-5.57512878012524,False,False,False,False
hsa-mir-5192,0.0759766666666666,1.05407437515031,0.2245,-0.17643,0.17986,0.580132466956928,0.576993975814537,0.978898399372227,0.6100382021037805,-5.57520544414386,False,False,False,False
hsa-mir-4312,-0.0693366666666668,1.04923414781767,-0.0680900000000002,-0.17984,0.03992,-0.580035421269009,0.577056482388579,0.978898399372227,0.3885148272793057,-5.57525965526743,False,False,False,False
hsa-miR-4304,0.0771666666666667,1.05494418195963,0.2811,0.1306,-0.1802,0.579859072908058,0.577170077049534,0.978898399372227,0.6272121551786309,-5.57535814476335,False,False,False,False
hsa-miR-7849-3p,-0.06872,1.04878575821152,0.03249,-0.15573,-0.0829200000000001,-0.579816556662068,0.577197465726221,0.978898399372227,0.3365175494359411,-5.57538188572936,False,False,False,False
hsa-mir-8052,0.0681,1.04833513805313,0.09592,-0.022,0.13038,0.57887308914234,0.577805427918216,0.978898399372227,0.2779195226665689,-5.57590830560656,False,False,False,False
hsa-miR-1207-5p,0.17887,1.13199689425559,-0.60888,0.911700000000001,0.23379,0.595923017452168,0.577962489454214,0.978898399372227,0.7236233046431134,-5.5556464087133,False,False,False,False
hsa-miR-8079,0.0712766666666667,1.05064600783404,-0.0517999999999998,0.02298,0.24265,0.578382365852138,0.578121786981475,0.978898399372227,0.504554395881109,-5.57618180070768,False,False,False,False
hsa-miR-2116-5p,0.0700733333333333,1.04977004291091,-0.07995,0.11862,0.17155,0.577469082248607,0.578710819066385,0.978898399372227,0.45662772977624383,-5.57669023606932,False,False,False,False
hsa-mir-7162,0.07027,1.04991315621049,-0.08389,0.18669,0.10801,0.576325654752309,0.57944875626534,0.978898399372227,0.4740758969081865,-5.57732575755554,False,False,False,False
hsa-miR-582-5p,0.0699833333333334,1.04970455689045,-0.0588599999999999,0.20828,0.06053,0.576221318917329,0.579516117866938,0.978898399372227,0.4606494459811472,-5.57738369036336,False,False,False,False
hsa-miR-4640-3p,0.0703533333333333,1.04997380332404,0.14284,-0.0923499999999999,0.16057,0.576149987087603,0.579562173836405,0.978898399372227,0.4790524049810061,-5.57742329205957,False,False,False,False
hsa-mir-98,-0.0685466666666667,1.04865975887964,0.0491900000000001,-0.10748,-0.14735,-0.575469343049235,0.58000173956965,0.978898399372227,0.3714896119256697,-5.57780094309655,False,False,False,False
hsa-miR-548aj-3p,-0.07081,1.05030621171193,0.10371,-0.16944,-0.1467,-0.575273356108375,0.580128343984714,0.978898399372227,0.5033640819711858,-5.5779096093463,False,False,False,False
hsa-miR-6838-3p,-0.0691166666666666,1.04907415980437,-0.17232,0.0602500000000001,-0.09528,-0.575084225745668,0.580250533728379,0.978898399372227,0.41863676797170984,-5.57801444175377,False,False,False,False
hsa-miR-15a-5p,-0.0989099999999995,1.07096401089588,0.413670000000001,-0.40279,-0.30761,-0.575343206840681,0.580667647315939,0.978898399372227,0.7381299922503304,-5.5773189911916,False,False,False,False
hsa-mir-135a-2,-0.0776966666666667,1.05533180589583,-0.12315,-0.30241,0.19247,-0.574387549662592,0.580700752331186,0.978898399372227,0.644948453872437,-5.57840032731919,False,False,False,False
hsa-mir-548ap,0.0673933333333333,1.04782176407622,0.0550299999999999,-0.0004299999999999,0.14758,0.574169710513224,0.580841568097202,0.978898399372227,0.258896792434157,-5.57852089937713,False,False,False,False
hsa-mir-6716,0.0677266666666667,1.04806389028049,0.0393,0.16388,0.0,0.574168670485795,0.58084224043809,0.978898399372227,0.30393081386846504,-5.5785214749226,False,False,False,False
hsa-miR-150-3p,-0.10632,1.07647886895899,0.21793,-0.674,0.13711,-0.576254553036743,0.580923253251833,0.978898399372227,0.7447671349221785,-5.57601504000216,False,False,False,False
hsa-miR-6083,0.0715733333333333,1.05086207823666,0.14879,0.18802,-0.12209,0.573246182021728,0.581438766704585,0.978898399372227,0.5392612628346514,-5.57903159849462,False,False,False,False
hsa-miR-3658,-0.0747566666666666,1.05318338494059,-0.17655,0.17364,-0.22136,-0.572803605412959,0.581725079046529,0.978898399372227,0.6101644351597233,-5.57927607030377,False,False,False,False
hsa-mir-320d-2,0.0805800000000001,1.05744307405606,-0.0878299999999999,-0.0814299999999999,0.411,0.572528250020768,0.581903251825056,0.978898399372227,0.673977934405233,-5.57942808455053,False,False,False,False
hsa-miR-769-5p,0.06677,1.04736913816716,0.11172,0.09378,-0.00519,0.571533652260687,0.582547072891277,0.978898399372227,0.20764136672594974,-5.57997660921238,False,False,False,False
hsa-miR-4676-3p,0.07875,1.05610260085941,0.21468,0.25094,-0.22937,0.571465536973416,0.582591179573561,0.978898399372227,0.6607672001752971,-5.58001414304924,False,False,False,False
hsa-miR-6786-3p,-0.0728133333333333,1.0517656850947,-0.23889,0.13789,-0.11744,-0.571041939417491,0.582865513134991,0.978898399372227,0.5793179996112316,-5.5802474675409,False,False,False,False
hsa-miR-133a-3p,0.0690033333333334,1.04899175125773,0.21468,0.00703,-0.0146999999999999,0.571026532684087,0.582875492311403,0.978898399372227,0.4448738165057956,-5.58025595083018,False,False,False,False
hsa-miR-4761-5p,0.0707666666666666,1.05027466479151,-0.00818,-0.0354400000000001,0.25592,0.570583858580459,0.583162259465966,0.978898399372227,0.5258204879538753,-5.58049960728332,False,False,False,False
hsa-mir-6133,-0.0665666666666667,1.0472215324396,-0.01339,-0.13021,-0.0561,-0.570570758981474,0.583170746659847,0.978898399372227,0.19039871345243198,-5.58050681491574,True,False,False,False
hsa-mir-127,0.08068,1.05751637296491,0.01088,0.39962,-0.16846,0.570468579397333,0.583236950874054,0.978898399372227,0.6778749869867774,-5.5805630307277,False,False,False,False
hsa-mir-4780,0.07116,1.05056104849886,0.22213,-0.1102,0.10155,0.570239988105287,0.5833850748341,0.978898399372227,0.540019044734473,-5.58068876059577,False,False,False,False
hsa-mir-6879,0.07082,1.05031349190506,0.16544,0.16446,-0.11744,0.570012125929794,0.583532747034832,0.978898399372227,0.5303290761813433,-5.58081404339745,False,False,False,False
hsa-miR-4747-3p,-0.0692166666666667,1.04914687860419,0.04271,-0.0332000000000001,-0.21716,-0.569988195964087,0.583548256690483,0.978898399372227,0.46430434892004074,-5.58082719786411,False,False,False,False
hsa-mir-6502,-0.06743,1.04784839522036,-0.1723,-0.00153,-0.0284599999999999,-0.569860461109982,0.583631048945835,0.978898399372227,0.3312455307350884,-5.58089740601541,True,False,False,False
hsa-miR-3648,-0.176233333333333,1.12992994826941,0.06195,-1.02947,0.43882,-0.586595152132894,0.583730770876326,0.978898399372227,0.7276560794474314,-5.56118396342571,False,False,False,False
hsa-mir-7973-1,0.0883500000000001,1.06315356573868,-0.33771,0.29749,0.30527,0.569124832641631,0.584107978091819,0.978898399372227,0.7186068446007221,-5.58130145545664,False,False,False,False
hsa-mir-5100,-0.0924366666666667,1.06616938927643,0.23734,0.02982,-0.54447,-0.569285769125394,0.584108665412282,0.978898399372227,0.7307798389983602,-5.5811142773977,False,False,False,False
hsa-mir-4480,0.0670666666666666,1.04758453466578,0.16106,0.0,0.0401399999999998,0.569044561807685,0.584160033009349,0.978898399372227,0.30016705321820947,-5.58134551581205,False,False,False,False
hsa-mir-5188,0.0672433333333333,1.04771282553438,-0.00726,0.16788,0.04111,0.568682609722878,0.584394787509103,0.978898399372227,0.32674067785131217,-5.58154411904464,False,False,False,False
hsa-miR-345-3p,0.0720666666666667,1.05122148471258,0.23563,0.11132,-0.13075,0.568331649162677,0.58462246285061,0.978898399372227,0.5718833749871699,-5.58173658039888,False,False,False,False
hsa-miR-7-1-3p,0.0753133333333333,1.05358983619281,-0.04529,-0.0709199999999999,0.34215,0.568188112653687,0.584715592037958,0.978898399372227,0.6297768343073971,-5.58181526216192,False,False,False,False
hsa-miR-4715-3p,-0.0733433333333334,1.05215214113834,0.0220100000000001,-0.30887,0.06683,-0.568166560232594,0.584729576360847,0.978898399372227,0.5989859145123286,-5.5818270748794,False,False,False,False
hsa-miR-7153-5p,-0.0663533333333333,1.04706668977572,-0.0741099999999999,-0.12495,0.0,-0.567993237611714,0.584842043727677,0.978898399372227,0.20889740795700545,-5.58192205672027,False,False,False,False
hsa-miR-4427,0.07949,1.05664444537111,0.30234,0.17272,-0.23659,0.567923536844245,0.58488727524268,0.978898399372227,0.6729448107879985,-5.58196024565584,False,False,False,False
hsa-mir-424,0.06565,1.04655635501892,0.07755,0.07707,0.04233,0.567825304578404,0.584951025221986,0.978898399372227,0.030130617507167598,-5.5820140596429,True,False,False,False
hsa-mir-640,0.0717966666666667,1.05102476729473,-0.13584,0.21251,0.13872,0.567624944703182,0.585081065025056,0.978898399372227,0.5679815568249711,-5.58212379506975,False,False,False,False
hsa-mir-548c,0.0737,1.05241228897104,0.0241100000000001,0.30641,-0.10942,0.566954395925784,0.585516387967287,0.978978343486503,0.608732834339488,-5.58249079021295,False,False,False,False
hsa-mir-4755,-0.0696333333333334,1.04944992786449,-0.24146,0.0084899999999998,0.02407,-0.566851106649164,0.585583459634056,0.978978343486503,0.5032706897606901,-5.58254728559098,False,False,False,False
hsa-mir-5582,0.0707933333333333,1.05029407816886,0.26779,-0.03698,-0.0184300000000002,0.566026873815626,0.586118832985049,0.978978343486503,0.5474675420950917,-5.58299777124199,False,False,False,False
hsa-miR-645,0.08167,1.05824230635727,0.32363,-0.26566,0.18704,0.565514174717365,0.586451988112533,0.978978343486503,0.6915334212551248,-5.58327768372368,False,False,False,False
hsa-mir-3118-2,-0.0660466666666667,1.04684414355669,0.00618,-0.10717,-0.0971500000000001,-0.565385540590513,0.586535591724912,0.978978343486503,0.20987094136186255,-5.58334787604076,False,False,False,False
hsa-miR-7114-3p,0.0780766666666666,1.05560981260815,-0.23311,0.2198,0.24754,0.565066369205386,0.58674306016144,0.978978343486503,0.6659935611057719,-5.58352197621081,False,False,False,False
hsa-miR-125b-5p,0.47945,1.39421204823952,2.4831,-0.30995,-0.7348,0.601737108545929,0.586828947307387,0.978978343486503,0.6815857617472447,-5.540051026805,False,False,False,False
hsa-miR-3683,-0.0686966666666666,1.04876879588123,-0.14573,0.08809,-0.14845,-0.564825046233026,0.58689995218967,0.978978343486503,0.4732986518560433,-5.5836535519716,False,False,False,False
hsa-mir-6881,-0.0656399999999999,1.04654910086819,-0.0854599999999999,-0.0040899999999999,-0.10737,-0.563500101807381,0.587761752829879,0.980046180623576,0.17188375771215725,-5.5843750263123,True,False,False,False
hsa-miR-135b-3p,0.0743733333333333,1.05290358452863,0.194,0.21821,-0.18909,0.562820304528093,0.588204191515875,0.980399263076219,0.6296833091940686,-5.58474459255549,False,False,False,False
hsa-mir-16-1,-0.06713,1.04763052392544,-0.19317,-0.0082199999999998,0.0,-0.561798342763273,0.58886966767525,0.980399263076219,0.39862586434750863,-5.58529940135686,False,False,False,False
hsa-miR-3074-5p,0.0740133333333333,1.05264088313195,-0.07466,-0.0369600000000001,0.33366,0.561736924475587,0.588909674872758,0.980399263076219,0.6272352403544497,-5.58533271493074,False,False,False,False
hsa-miR-586,-0.0756366666666667,1.05382599066823,-0.0602400000000001,0.16553,-0.3322,-0.559962961122202,0.590065857015507,0.980399263076219,0.651590497742264,-5.58629347419474,False,False,False,False
hsa-mir-6808,0.152736666666667,1.11167622611691,0.89475,-0.48174,0.0451999999999999,0.572473249418047,0.590277560923263,0.980399263076219,0.73992538515498,-5.5715697076415,False,False,False,False
hsa-mir-6085,-0.0793266666666667,1.05652482515662,0.12235,0.0544699999999998,-0.4148,-0.55954553504742,0.59033809502204,0.980399263076219,0.6847840928250037,-5.58651914095907,False,False,False,False
hsa-mir-4325,0.0785466666666666,1.05595376432499,-0.22646,0.33776,0.12434,0.558900915909465,0.590758639116119,0.980399263076219,0.6800681429684632,-5.58686732720404,False,False,False,False
hsa-miR-33b-3p,-0.0697866666666667,1.04956147202497,-0.1472,0.12698,-0.18914,-0.557575576603317,0.591623792703648,0.980399263076219,0.554348475628134,-5.58758203782366,False,False,False,False
hsa-miR-4310,0.0647333333333333,1.04589160010769,0.01491,0.08606,0.0932299999999999,0.557484179534027,0.591683480228718,0.980399263076219,0.12234801521169397,-5.58763126754349,True,False,False,False
hsa-miR-4750-3p,-0.0922366666666667,1.06602159705961,-0.47992,-0.15156,0.35477,-0.557382874398743,0.591852177219903,0.980399263076219,0.7405488450933264,-5.58759009433142,False,False,False,False
hsa-mir-2682,-0.0788333333333334,1.05616360549962,-0.4075,0.0244,0.1466,-0.556952703907959,0.592030629278957,0.980399263076219,0.6852061137446601,-5.58791739189621,False,False,False,False
hsa-mir-548ak,0.0949566666666667,1.06803332771351,0.60249,-0.18243,-0.13519,0.557596749094175,0.592052174154923,0.980399263076219,0.7445552517346266,-5.58715764871636,False,False,False,False
hsa-mir-4311,-0.06436,1.04562098457965,-0.0372000000000001,-0.06673,-0.0891499999999998,-0.556222199958753,0.59250796050603,0.980399263076219,0.05052866762665431,-5.58831025434735,True,False,False,False
hsa-miR-548au-5p,0.0652333333333334,1.04625414133456,0.12263,0.09207,-0.0189999999999999,0.555825344613525,0.592767364380872,0.980399263076219,0.26877775175270935,-5.58852348250306,False,False,False,False
hsa-mir-5687,0.06815,1.04837147120999,0.0236399999999999,-0.05114,0.23195,0.55577140398998,0.592802627352517,0.980399263076219,0.5054792665603457,-5.58855245366696,False,False,False,False
hsa-miR-6512-5p,-0.0656133333333333,1.04652975671207,-0.16511,-0.0317299999999999,0.0,-0.555690412393983,0.592855576683102,0.980399263076219,0.3240658618527466,-5.58859594886693,False,False,False,False
hsa-miR-6823-5p,0.103036666666667,1.07403176821662,-0.30866,-0.03386,0.65163,0.557288495158704,0.593217044524176,0.980399263076219,0.7527608461742198,-5.58642348889987,False,False,False,False
hsa-mir-8084,0.0642099999999999,1.04551227484552,0.03278,0.0765599999999999,0.0832899999999999,0.55480580848847,0.5934340656039,0.980399263076219,0.05577566034279797,-5.58907063023546,True,False,False,False
hsa-miR-619-3p,-0.0768566666666667,1.05471752452062,0.10959,-0.38947,0.04931,-0.554650367481087,0.593535748303294,0.980399263076219,0.6733968801885074,-5.58915396835297,False,False,False,False
hsa-miR-181d-3p,-0.06897,1.04896751468189,0.08382,-0.24339,-0.0473399999999999,-0.554361777491677,0.593724556323687,0.980399263076219,0.5435870665261566,-5.58930863583299,False,False,False,False
hsa-mir-936,-0.0712833333333334,1.05065086286072,-0.27098,0.13219,-0.0750599999999999,-0.554130293159312,0.593876026924295,0.980399263076219,0.602626713109516,-5.5894326443347,False,False,False,False
hsa-miR-92a-3p,-0.10481,1.075352759362,0.464,-0.495900000000001,-0.28253,-0.556770458903285,0.5939345337175,0.980399263076219,0.7531970978944653,-5.58634846319114,False,False,False,False
hsa-miR-622,0.09949,1.07139465215152,0.13793,0.55185,-0.39131,0.555709356127044,0.593935632179988,0.980399263076219,0.7504120720276028,-5.58756652130331,False,False,False,False
hsa-miR-3912-5p,0.0830966666666666,1.05928930916787,0.27974,0.2799,-0.31035,0.553816518417613,0.5940813773157,0.980399263076219,0.7138087040308663,-5.58960066037317,False,False,False,False
hsa-mir-660,-0.11452,1.08261478813226,-0.10606,0.43782,-0.67532,-0.558086568090149,0.59425547142369,0.980399263076219,0.7556559113490172,-5.58453318544173,False,False,False,False
hsa-miR-544b,0.0694033333333334,1.04928263385068,0.24387,0.06954,-0.1052,0.553139938363425,0.594524297292388,0.980399263076219,0.5621492884993486,-5.58996264795122,False,False,False,False
hsa-miR-4792,0.0775933333333333,1.05525622024198,0.3456,0.10608,-0.2189,0.553098084097115,0.59455170287176,0.980399263076219,0.6819959032642534,-5.58998502764176,False,False,False,False
hsa-miR-190a-5p,-0.06742,1.04784113211392,-0.21466,0.0626199999999999,-0.0502199999999999,-0.552846309242527,0.594716575921398,0.980399263076219,0.49046056219259876,-5.59011961997419,False,False,False,False
hsa-mir-4720,0.0730733333333334,1.05195524956468,0.32102,-0.13174,0.02994,0.552436307785161,0.594985115602601,0.980399263076219,0.636604962137379,-5.59033867513673,False,False,False,False
hsa-mir-378i,-0.0750600000000001,1.05340484491974,0.0767,0.06744,-0.36932,-0.5522922606434,0.595079478109922,0.980399263076219,0.6607152861848423,-5.59041560089522,False,False,False,False
hsa-miR-6513-3p,-0.0715733333333333,1.05086207823666,-0.15128,0.16594,-0.22938,-0.552196799608512,0.59514201725992,0.980399263076219,0.6137971576968774,-5.59046656992595,False,False,False,False
hsa-mir-378f,0.0804833333333333,1.05737222327348,-0.14075,0.44285,-0.0606500000000001,0.552148323866847,0.59517377641434,0.980399263076219,0.7025284995185885,-5.59049244922213,False,False,False,False
hsa-mir-1178,0.0657333333333334,1.04661680823042,0.0071999999999998,0.18646,0.0035400000000001,0.551634403001361,0.595510530982743,0.980399263076219,0.38995913571925056,-5.59076668244237,True,False,False,False
hsa-mir-3663,-0.0672033333333333,1.04768377716943,-0.15157,0.09233,-0.14237,-0.551558898909681,0.595560014889111,0.980399263076219,0.48840911119192454,-5.59080695230782,False,False,False,False
hsa-mir-6783,0.0663633333333333,1.04707394751412,0.19026,-0.05237,0.0611999999999999,0.55111787484659,0.595849097889385,0.980399263076219,0.44365859077095093,-5.59104206941103,False,False,False,False
hsa-miR-4768-5p,0.0730566666666666,1.05194309697129,-0.11368,0.33285,0.0,0.55081048401694,0.596050631685117,0.980399263076219,0.6402389837972238,-5.59120584177679,False,False,False,False
hsa-miR-6765-5p,-0.10446,1.07509190879801,0.12517,-0.68479,0.24624,-0.553157931144125,0.596308378705154,0.980399263076219,0.754971168848728,-5.58827981174594,False,False,False,False
hsa-miR-6822-5p,0.0643633333333334,1.04562340047989,0.025,0.14248,0.02561,0.549958354713401,0.596609503465408,0.980399263076219,0.24114443789859105,-5.59165939998345,True,False,False,False
hsa-miR-6878-5p,0.0668533333333334,1.04742963832822,0.21993,0.0163599999999999,-0.0357299999999998,0.549942086622871,0.59662017569835,0.980399263076219,0.4817077244758483,-5.59166805260283,False,False,False,False
hsa-mir-4278,-0.06632,1.04704249767774,0.08355,-0.14023,-0.14228,-0.547617956431916,0.598145915984972,0.982176491261585,0.4695172541647684,-5.59290177347159,False,False,False,False
hsa-mir-4730,-0.0652933333333333,1.04629765472588,-0.0652599999999999,0.04027,-0.17089,-0.54761793905399,0.598145927401051,0.982176491261585,0.39622471168389944,-5.59290178267829,False,False,False,False
hsa-mir-4737,-0.0833433333333333,1.05947043802331,-0.22253,-0.3467,0.3192,-0.54662080137941,0.598801170100483,0.982640605627876,0.7230130484395961,-5.59342961427713,False,False,False,False
hsa-miR-4774-5p,0.08057,1.0574357444446,0.44115,-0.19335,-0.0060899999999999,0.546481851541525,0.598892507965126,0.982640605627876,0.7102939364359738,-5.59350309633358,False,False,False,False
hsa-mir-548p,-0.0950533333333333,1.06810489285908,-0.54734,-0.09765,0.35983,-0.547176703053813,0.599095222246213,0.982640605627876,0.7514026337666664,-5.59252399809016,False,False,False,False
hsa-miR-126-5p,0.064,1.04536010020516,0.12123,0.0909,-0.02013,0.545342538016958,0.59964171155419,0.983172283460373,0.2747961068139697,-5.59410495800867,False,False,False,False
hsa-miR-4664-3p,0.0650866666666666,1.04614778288506,0.0950700000000001,-0.05508,0.15527,0.544992989953889,0.599871672493513,0.983184779750302,0.40732982932575723,-5.59428937984524,False,False,False,False
hsa-mir-659,0.07041,1.05001504536227,-0.1703,0.21365,0.16788,0.543035857507938,0.601160106284997,0.983251157651995,0.6196962527609303,-5.59531994361871,False,False,False,False
hsa-mir-548n,0.0710233333333333,1.05046153344387,-0.1599,0.0929599999999999,0.28001,0.541735122889857,0.602017234773724,0.983251157651995,0.6334246762029802,-5.59600297124528,False,False,False,False
hsa-miR-340-5p,-0.0685833333333334,1.04868641132202,0.0392999999999999,0.03685,-0.2819,-0.54164048533318,0.602079622376607,0.983251157651995,0.586100764512289,-5.59605260711916,False,False,False,False
hsa-miR-3613-5p,0.328503333333333,1.25571001210238,0.12184,-0.88704,1.75071,0.569542901599055,0.602313053675729,0.983251157651995,0.7106444423413627,-5.56351236774645,False,False,False,False
hsa-miR-6090,0.0645433333333335,1.04575386738283,-0.0034100000000005,0.18661,0.0104300000000013,0.541213376092187,0.60236122718812,0.983251157651995,0.40196370491109223,-5.59627651915761,False,False,False,False
hsa-miR-8057,-0.0645933333333334,1.04579011107812,0.0173399999999999,-0.0251100000000001,-0.18601,-0.541205757124016,0.602366251221369,0.983251157651995,0.40646658732934127,-5.59628051191739,False,False,False,False
hsa-miR-548ay-3p,-0.0634766666666667,1.04498096770804,-0.14392,0.0007099999999999,-0.04722,-0.54105514999566,0.602465567851154,0.983251157651995,0.27414853955956636,-5.59635942768169,False,False,False,False
hsa-miR-625-5p,-0.0937733333333333,1.06715766014146,0.37373,-0.12938,-0.52567,-0.541777158620467,0.602633896841374,0.983251157651995,0.753097587269075,-5.59538574938337,False,False,False,False
hsa-miR-4747-5p,-0.0704199999999999,1.05002232353718,-0.1369,-0.24415,0.16979,-0.54036106633083,0.602923388655609,0.983251157651995,0.6274360476623422,-5.59672285374997,False,False,False,False
hsa-mir-6844,-0.0633033333333334,1.0448554254772,-0.0988500000000001,-0.11151,0.0204499999999999,-0.539774042415222,0.603310737286682,0.983251157651995,0.27104207571416344,-5.59702988551283,False,False,False,False
hsa-mir-4521,-0.0759033333333333,1.05402079707541,0.05861,0.11853,-0.40485,-0.53912934075137,0.603736297594628,0.983251157651995,0.6913138236494138,-5.59736672835196,False,False,False,False
hsa-miR-194-3p,-0.11052,1.07961729990139,0.52223,-0.48447,-0.36932,-0.543046904642165,0.603964283285658,0.983251157651995,0.761430447134012,-5.5927119326399,False,False,False,False
hsa-miR-4646-5p,-0.0665499999999999,1.04720943453194,0.0393,-0.24686,0.00791,-0.538340889707826,0.604256962690039,0.983251157651995,0.5391010371254823,-5.59777817019371,False,False,False,False
hsa-miR-187-5p,-0.0785033333333333,1.05592204777509,0.28256,-0.2073,-0.31077,-0.538199039035088,0.604350661220098,0.983251157651995,0.7097054454801054,-5.59785213370753,False,False,False,False
hsa-mir-4270,0.0785166666666667,1.05593180661206,-0.2871,0.22657,0.29608,0.537280242967725,0.604957753207542,0.983251157651995,0.710991651067493,-5.59833077320289,False,False,False,False
hsa-miR-6724-5p,0.0682666666666669,1.0484562534731,0.113020000000001,0.23072,-0.13894,0.537111130146218,0.605069529381626,0.983251157651995,0.5951720699984593,-5.59841878858204,False,False,False,False
hsa-mir-4710,-0.0656333333333334,1.04654426479564,-0.17837,-0.11879,0.10026,-0.535237766058116,0.606308475201841,0.983251157651995,0.5195230422991826,-5.59939206913693,False,False,False,False
hsa-miR-6516-3p,-0.0620633333333333,1.04395775545287,-0.02978,-0.10487,-0.0515399999999999,-0.535089584649378,0.606406532124282,0.983251157651995,0.10854478558150724,-5.59946892016614,True,False,False,False
hsa-miR-5007-5p,-0.06432,1.04559199421204,0.0695399999999999,-0.10155,-0.16095,-0.534756193775171,0.606627179505131,0.983251157651995,0.45016346158869985,-5.59964175385543,False,False,False,False
hsa-miR-6509-3p,0.0627333333333333,1.04444269101941,0.1271,0.07931,-0.0182100000000001,0.534631442944313,0.60670975402905,0.983251157651995,0.2800217039578865,-5.59970640044197,False,False,False,False
hsa-miR-6742-5p,-0.0650166666666667,1.04609702470944,0.03416,-0.21987,-0.0093399999999999,-0.534540413830543,0.606770011381973,0.983251157651995,0.4943409239303871,-5.59975356341466,False,False,False,False
hsa-miR-3622b-5p,0.0788533333333334,1.05617824713762,0.29505,-0.29691,0.23842,0.53442994734293,0.606843139699958,0.983251157651995,0.7164784874319221,-5.59981078705351,False,False,False,False
hsa-miR-449b-3p,-0.0865599999999999,1.06183529352511,-0.20384,0.36254,-0.41838,-0.534095862917842,0.607161985131592,0.983251157651995,0.7458612476224864,-5.59989413808976,False,False,False,False
hsa-mir-548u,0.0623466666666667,1.04416280022629,-0.0032699999999998,0.0707900000000001,0.11952,0.533889648362219,0.607200882480124,0.983251157651995,0.22282815328592423,-5.60009051362766,False,False,False,False
hsa-mir-4515,-0.0800833333333333,1.05707909808099,-0.30878,-0.24339,0.31192,-0.533528646775764,0.607439971102767,0.983251157651995,0.7236192661555776,-5.60027726706714,False,False,False,False
hsa-mir-3065,0.0677466666666666,1.04807841963181,0.14327,0.20776,-0.14779,0.532736406247185,0.6079648406713,0.983251157651995,0.5987793811613131,-5.60068669825402,False,False,False,False
hsa-mir-143,-0.0619733333333334,1.04389263201047,-0.06888,-0.0051000000000001,-0.11194,-0.532134220166086,0.608363957125317,0.983251157651995,0.18392602379518552,-5.60099753125655,True,False,False,False
hsa-mir-7-1,0.0906833333333334,1.06487444141242,-0.29683,0.56888,0.0,0.53266753333851,0.608430175329309,0.983251157651995,0.7552174095263087,-5.60033736626861,False,False,False,False
hsa-miR-8081,-0.06293,1.0445850780505,0.00069,-0.0174400000000001,-0.17204,-0.530959666557269,0.609142825166298,0.983251157651995,0.3696737424464158,-5.60160286657953,False,False,False,False
hsa-mir-4483,-0.0791633333333334,1.05640521848404,0.25527,-0.41614,-0.0766199999999999,-0.530777581903427,0.609263615944543,0.983251157651995,0.7225360103123322,-5.60169659722787,False,False,False,False
hsa-miR-1237-3p,-0.0704133333333333,1.05001747141497,-0.33869,0.0794,0.0480500000000001,-0.530434617747867,0.609491164804905,0.983251157651995,0.6527105489530991,-5.60187306179757,False,False,False,False
hsa-mir-8055,0.0629533333333333,1.04460197271516,0.17547,0.0233099999999999,-0.0099199999999999,0.530024068641367,0.609763613660917,0.983251157651995,0.38496912384813126,-5.60208416139849,False,False,False,False
hsa-miR-380-5p,0.06505,1.04612119496211,0.0911,-0.0947,0.19875,0.529771944948707,0.609930959957828,0.983251157651995,0.5271179466218345,-5.60221372524081,False,False,False,False
hsa-mir-1298,0.0616133333333334,1.04363217886316,0.09405,0.08988,0.0009100000000001,0.529230432463908,0.610290468936646,0.983251157651995,0.1796946415320484,-5.60249180950773,True,False,False,False
hsa-miR-4438,0.0732833333333334,1.05210838427084,0.04742,0.35843,-0.186,0.528428941639301,0.610822781713237,0.983251157651995,0.6878182930721347,-5.6029029161507,False,False,False,False
hsa-mir-4299,0.0660700000000001,1.04686107475849,0.23879,-0.10211,0.0615300000000001,0.528425979375846,0.610824749563297,0.983251157651995,0.5712302455338941,-5.60290443450312,False,False,False,False
hsa-miR-2117,0.06968,1.04948387483226,-0.18366,0.25279,0.13991,0.528362882302476,0.610866666134164,0.983251157651995,0.6474757050334883,-5.60293677397286,False,False,False,False
hsa-miR-4722-5p,-0.06692,1.04747804097326,-0.26863,-0.0289899999999998,0.09686,-0.528054956901219,0.611071248469038,0.983251157651995,0.5961740880645885,-5.60309454508291,False,False,False,False
hsa-miR-875-3p,0.0666833333333334,1.04730622170665,-0.12031,0.07586,0.2445,0.5276700431388,0.611327031701695,0.983251157651995,0.5916738546167071,-5.603291642358,False,False,False,False
hsa-miR-1471,-0.06683,1.04741269793086,-0.0837300000000001,-0.24339,0.12663,-0.527386112108996,0.611515745858104,0.983251157651995,0.5964727127083953,-5.60343694524265,False,False,False,False
hsa-miR-6790-5p,0.236056666666667,1.17776904949991,-0.84933,0.39985,1.15765,0.551056380145142,0.611536158176805,0.983251157651995,0.7256758746646979,-5.57639126107613,False,False,False,False
hsa-miR-548ak,-0.06379,1.04520794771387,0.0524500000000001,-0.0406200000000001,-0.2032,-0.526876260558798,0.611854694416905,0.983251157651995,0.48311155986463566,-5.60369768141927,False,False,False,False
hsa-mir-656,-0.07176,1.05099805542286,-0.18235,0.22519,-0.25812,-0.52508993092637,0.613043021361349,0.983251157651995,0.6797066773062738,-5.60460935369673,False,False,False,False
hsa-miR-2115-3p,0.0655466666666666,1.04648139788606,0.13893,-0.12829,0.186,0.52468535061614,0.613312329747331,0.983251157651995,0.5719829470752693,-5.60481543560649,False,False,False,False
hsa-mir-3184,0.06335,1.0448892238248,-0.0792999999999999,0.10873,0.16062,0.524384357475298,0.613512725640247,0.983251157651995,0.47636572801137084,-5.60496865725007,False,False,False,False
hsa-miR-6893-5p,0.185676666666667,1.13735029910038,-0.60287,0.0779999999999998,1.0819,0.542341480913659,0.613607627616857,0.983251157651995,0.7408498793774101,-5.58452714526262,False,False,False,False
hsa-miR-1277-3p,0.0624366666666666,1.04422794052319,0.08761,-0.05192,0.15162,0.524117804827708,0.613690220273367,0.983251157651995,0.4079089882671298,-5.60510427854604,False,False,False,False
hsa-miR-3129-3p,-0.0841233333333333,1.06004340067552,-0.49296,-0.05735,0.29794,-0.523731199664581,0.614043200885536,0.983251157651995,0.7482836744946533,-5.60521394209001,False,False,False,False
hsa-miR-7155-3p,0.0620733333333333,1.0439649916417,0.0220100000000001,-0.00774,0.17195,0.523341600376173,0.614207239722251,0.983251157651995,0.3804133917497248,-5.60549884391973,False,False,False,False
hsa-miR-3191-5p,0.0607766666666666,1.04302711744009,0.0392999999999999,0.03091,0.11212,0.523225173441865,0.614284809786887,0.983251157651995,0.14250978826891017,-5.60555797989809,True,False,False,False
hsa-mir-4451,-0.072,1.05117290908771,-0.30096,-0.13545,0.22041,-0.523088555048729,0.614375839046886,0.983251157651995,0.6857704199791541,-5.60562735598006,False,False,False,False
hsa-mir-510,-0.0652366666666666,1.04625655869771,0.12206,-0.20334,-0.11443,-0.522796228221017,0.614570640995104,0.983251157651995,0.5708981415781917,-5.60577574560799,False,False,False,False
hsa-miR-376b-3p,0.0689133333333334,1.04892631378812,0.27363,0.10922,-0.17611,0.521999718520716,0.61510158604998,0.983251157651995,0.6522559657168974,-5.60617967449395,False,False,False,False
hsa-miR-519a-3p,-0.0768466666666667,1.05471021380117,0.29748,-0.2862,-0.24182,-0.521889778698743,0.615174889584494,0.983251157651995,0.7217852676317946,-5.60623538254929,False,False,False,False
hsa-miR-8055,-0.0609766666666667,1.04317172172421,0.0043499999999999,-0.0626899999999999,-0.12459,-0.52165057263609,0.615334398492088,0.983251157651995,0.2431266920823045,-5.60635655388785,False,False,False,False
hsa-miR-23b-5p,0.0655766666666667,1.04650315908123,0.20957,-0.13272,0.11988,0.5212825741673,0.615579831684641,0.983251157651995,0.587737687929507,-5.60654286484749,False,False,False,False
hsa-miR-4788,-0.0712399999999999,1.05061930558837,0.23038,-0.23249,-0.21161,-0.520437273749752,0.616143790200392,0.983251157651995,0.6834093952361525,-5.60697036154692,False,False,False,False
hsa-miR-1468-3p,0.0680766666666667,1.04831818301085,-0.10906,0.31329,0.0,0.520061638159802,0.616394489075978,0.983251157651995,0.6445534286249861,-5.60716012567798,False,False,False,False
hsa-miR-4266,0.0681133333333334,1.04834482677184,-0.1723,0.1157,0.26094,0.519680572047512,0.616648866519868,0.983251157651995,0.6461560889067756,-5.60735250281033,False,False,False,False
hsa-miR-6885-3p,-0.0711133333333334,1.05052706668845,0.15948,-0.01755,-0.35527,-0.519453079443233,0.616800753305886,0.983251157651995,0.6840277402942161,-5.60746728739301,False,False,False,False
hsa-miR-4716-3p,-0.0678266666666666,1.04813653905134,-0.28629,0.1489,-0.06609,-0.519015570404995,0.617092913492882,0.983251157651995,0.6433484574888532,-5.60768790710593,False,False,False,False
hsa-miR-6071,0.0653866666666667,1.0463653458206,0.10352,-0.13023,0.22287,0.518790604195906,0.617243169635485,0.983251157651995,0.592781685526734,-5.6078012818667,False,False,False,False
hsa-miR-924,0.0669733333333334,1.04751676469973,-0.12509,0.04227,0.28374,0.51865253492063,0.617335396262347,0.983251157651995,0.6293392330400486,-5.60787084106524,False,False,False,False
hsa-miR-4645-5p,-0.06873,1.04879302786563,-0.33429,0.03383,0.0942700000000001,-0.518242444633156,0.617609367943715,0.983251157651995,0.6588722777108068,-5.60807734253041,False,False,False,False
hsa-mir-3920,0.0685933333333334,1.04869368028751,-0.14434,0.03731,0.31281,0.518172753387451,0.61765593330324,0.983251157651995,0.6571421274467425,-5.6081124205113,False,False,False,False
hsa-mir-9-3,0.0604766666666666,1.04281024859747,0.0401799999999999,0.1306,0.0106499999999998,0.51775161208308,0.617937364624968,0.983251157651995,0.23572096048243787,-5.60832430173989,True,False,False,False
hsa-miR-4488,-0.125746666666667,1.09107227090335,0.44095,-0.812950000000001,-0.0052399999999996,-0.52601321775275,0.618030589715787,0.983251157651995,0.7645033924182374,-5.59901183730052,False,False,False,False
hsa-miR-497-5p,-0.0623166666666668,1.04414108769701,-0.18695,-0.05635,0.0563499999999999,-0.517387873716953,0.618180489487308,0.983251157651995,0.4688895646558434,-5.60850717364,False,False,False,False
hsa-miR-6719-3p,0.0697933333333333,1.04956632204001,0.07616,0.31466,-0.18144,0.517322302197651,0.61822432315476,0.983251157651995,0.6742701500146718,-5.60854012741716,False,False,False,False
hsa-miR-372-3p,0.0628966666666667,1.04456094328926,0.20656,-0.0621,0.04423,0.517320563355407,0.618225485569056,0.983251157651995,0.5052245621625439,-5.60854100124083,False,False,False,False
hsa-mir-3689d-1,-0.0809299999999999,1.05769964246662,-0.09546,0.30076,-0.44809,-0.517371911256486,0.618263169840846,0.983251157651995,0.7442276608356926,-5.60845000687808,False,False,False,False
hsa-mir-3689d-2,-0.0809299999999999,1.05769964246662,-0.09546,0.30076,-0.44809,-0.517371911256486,0.618263169840846,0.983251157651995,0.7442276608356926,-5.60845000687808,False,False,False,False
hsa-miR-4672,-0.06375,1.04517896879793,0.11015,-0.11481,-0.18659,-0.516575006671365,0.618723993880941,0.983251157651995,0.5497076795474258,-5.60891541498676,False,False,False,False
hsa-miR-3160-5p,-0.0635133333333332,1.0450075266513,0.09894,-0.0894799999999998,-0.2,-0.516162551287432,0.618999867125786,0.983251157651995,0.5424090608763537,-5.60912233112675,False,False,False,False
hsa-miR-6863,-0.0722833333333333,1.05137937099657,0.00692,-0.38528,0.16151,-0.516102318424704,0.619040159565992,0.983251157651995,0.7003536707870636,-5.60915253520057,False,False,False,False
hsa-miR-6754-5p,-0.0611966666666666,1.04333080959205,-0.15157,0.0401199999999999,-0.0721399999999999,-0.515950181142723,0.619141937006405,0.983251157651995,0.3858518833202974,-5.60922881057603,False,False,False,False
hsa-mir-4490,-0.0902433333333333,1.06454972045705,-0.31004,0.4351,-0.39579,-0.516891863640635,0.619180898148667,0.983251157651995,0.7649165195768229,-5.60815093793964,False,False,False,False
hsa-miR-888-3p,0.0599400000000001,1.04242240681047,0.02871,0.0378400000000001,0.11327,0.515781825152385,0.61925457460452,0.983251157651995,0.15474624221032246,-5.60931319290382,True,False,False,False
hsa-miR-550a-3-5p,0.0595566666666665,1.04214546527965,0.0750799999999998,0.0367100000000002,0.0668799999999994,0.515121798424349,0.619696263936271,0.983251157651995,0.036293369387440697,-5.60964375964155,True,False,False,False
hsa-miR-6800-3p,-0.0597933333333334,1.04231643788139,-0.01454,-0.10126,-0.06358,-0.514916364172727,0.61983377361022,0.983251157651995,0.14015857203918367,-5.60974656844778,True,False,False,False
hsa-mir-4425,0.0854400000000001,1.06101128429919,-0.19491,0.57157,-0.12034,0.51495329985315,0.61990272517251,0.983251157651995,0.759669780708049,-5.60964346342166,False,False,False,False
hsa-miR-548ad,-0.0604233333333333,1.04277169885756,-0.14603,0.00178,-0.03702,-0.514372483506403,0.620197902270212,0.983251157651995,0.30534751755631584,-5.61001856681413,False,False,False,False
hsa-miR-550a-5p,0.0615566666666663,1.0435911875284,0.11645,-0.0674300000000008,0.13565,0.514247452354742,0.620281626377141,0.983251157651995,0.4419928822523635,-5.61008105782501,False,False,False,False
hsa-miR-4746-5p,-0.0619466666666666,1.04387333695587,-0.0757899999999999,-0.17652,0.06647,-0.514204779155943,0.620310202796003,0.983251157651995,0.4721755504941063,-5.61010238279651,False,False,False,False
hsa-miR-4294,0.06864,1.04872760279264,0.34134,-0.0994900000000001,-0.03593,0.51413313706603,0.620358179973411,0.983251157651995,0.6673108192480278,-5.61013818060758,False,False,False,False
hsa-miR-4762-5p,0.0672,1.04768135650871,-0.15113,0.28551,0.0672200000000001,0.513847227192749,0.620549666794706,0.983251157651995,0.647250599526882,-5.6102809964809,False,False,False,False
hsa-mir-6748,-0.0618933333333333,1.04383474791659,0.0771,-0.11126,-0.15152,-0.513776325562807,0.620597157557309,0.983251157651995,0.47237334997495073,-5.61031640134126,False,False,False,False
hsa-miR-4784,-0.09302,1.06660056695279,-0.27273,-0.45538,0.44905,-0.515282812797508,0.620674559946515,0.983251157651995,0.768268905217762,-5.60858114239235,False,False,False,False
hsa-miR-106a-5p,0.0654766666666671,1.04643062352373,0.282390000000001,-0.0850200000000001,-0.0009399999999999,0.513414603684169,0.620839472414942,0.983251157651995,0.6154489734686298,-5.61049695688212,False,False,False,False
hsa-miR-185-3p,0.306583333333333,1.23677523240738,1.81908,-0.52807,-0.37126,0.538954194026894,0.621207220193851,0.983251157651995,0.7248923505950324,-5.58127628068322,False,False,False,False
hsa-miR-7159-3p,-0.0658466666666667,1.04669903020209,0.0995999999999999,-0.28874,-0.0084,-0.512443426294114,0.621490298509156,0.983251157651995,0.6267408230984679,-5.61098113861252,False,False,False,False
hsa-miR-1184,0.0593233333333332,1.0419769281979,0.0914999999999999,0.02508,0.0613899999999998,0.512048133790681,0.621755301011736,0.983251157651995,0.09073406679635712,-5.611177967195,True,False,False,False
hsa-mir-4691,-0.0655899999999999,1.04651283086878,0.0020999999999999,-0.28916,0.0902900000000002,-0.511358836493076,0.6222175423472,0.983251157651995,0.6249860528531889,-5.61152085083271,False,False,False,False
hsa-miR-6786-5p,0.0725400000000003,1.05156643620225,-0.23047,0.0929500000000001,0.35514,0.511183644273629,0.622335054070429,0.983251157651995,0.7101340015064314,-5.61160792962095,False,False,False,False
hsa-miR-5692b,-0.0746033333333333,1.05307145585435,-0.44093,0.12026,0.09686,-0.511146683521263,0.622359847279101,0.983251157651995,0.7234152628270035,-5.61162629729786,False,False,False,False
hsa-mir-1225,-0.06132,1.04342000582772,-0.15157,-0.10307,0.0706800000000001,-0.510742890442863,0.622630744075746,0.983251157651995,0.45935645337424746,-5.61182688183067,False,False,False,False
hsa-miR-1278,0.0607766666666667,1.04302711744009,0.03071,-0.0237499999999999,0.17537,0.510527645070031,0.622775172716375,0.983251157651995,0.413925016801313,-5.61193374465981,False,False,False,False
hsa-mir-1264,-0.0776533333333334,1.05530010802703,0.31673,-0.18243,-0.36726,-0.509467669440524,0.62348666255143,0.983251157651995,0.7404231430478772,-5.61245937687275,False,False,False,False
hsa-mir-4536-1,0.0666900000000001,1.0473110613002,0.2052,0.18154,-0.18667,0.509218602189038,0.623653905060606,0.983251157651995,0.6515794774965047,-5.61258273898809,False,False,False,False
hsa-mir-4668,0.0603,1.04268255804208,0.1538,0.0608199999999999,-0.03372,0.509084477966496,0.623743975700722,0.983251157651995,0.38123246873002825,-5.6126491468908,False,False,False,False
hsa-miR-198,-0.0603733333333333,1.04273555977066,-0.00858,0.0,-0.17254,-0.508753778851925,0.623966084017801,0.983251157651995,0.39468744458128235,-5.61281281359664,False,False,False,False
hsa-miR-6868-5p,-0.0657366666666667,1.04661922643152,-0.30107,0.0991,0.0047599999999998,-0.507253347041147,0.624974332203065,0.983251157651995,0.6408182990800464,-5.6135541458305,False,False,False,False
hsa-mir-610,-0.07086,1.05034261318219,0.21582,-0.34401,-0.0843900000000002,-0.506921299594508,0.625197571462172,0.983251157651995,0.7041010028541482,-5.61371792704853,False,False,False,False
hsa-miR-181a-3p,0.103663333333333,1.07449839913267,0.0406599999999999,-0.41248,0.68281,0.50976828292314,0.625901008075074,0.983251157651995,0.7752147522640349,-5.60995408608456,False,False,False,False
hsa-miR-431-5p,0.13764,1.10010406286274,0.80322,-0.58056,0.19026,0.51659959171518,0.626126605235546,0.983251157651995,0.7637652847123452,-5.60215680679547,False,False,False,False
hsa-mir-3137,-0.0618466666666666,1.04380098367743,0.0393000000000001,0.0036099999999998,-0.22845,-0.504878062318642,0.62657216016875,0.983251157651995,0.5379381470018706,-5.61472353969613,False,False,False,False
hsa-miR-4726-5p,0.0680266666666665,1.04828185170079,0.19598,-0.2173,0.2254,0.504539051522237,0.626800378931862,0.983251157651995,0.6810073151606317,-5.61489002204328,False,False,False,False
hsa-miR-3909,0.0615166666666667,1.04356225343794,0.13849,0.14759,-0.10153,0.503748478008613,0.627332749966804,0.983251157651995,0.5294355664567144,-5.61527785265875,False,False,False,False
hsa-mir-6848,0.0599566666666667,1.0424344494159,-0.0580799999999999,0.13212,0.10583,0.503594532621248,0.627436443357181,0.983251157651995,0.4197346698536959,-5.61535330726643,False,False,False,False
hsa-miR-192-5p,-0.204623333333333,1.15238543646248,0.86903,-0.65648,-0.826420000000001,-0.524276325878749,0.627468721461623,0.983251157651995,0.7407649000029262,-5.59225230308098,False,False,False,False
hsa-mir-4290,0.0938733333333334,1.06723163243745,0.41282,0.34783,-0.47903,0.505503649716362,0.62746891197235,0.983251157651995,0.7747131847814601,-5.61323488591436,False,False,False,False
hsa-miR-4758-5p,0.0795766666666668,1.0567079228213,0.43779,0.12554,-0.324599999999999,0.503271046476776,0.627745627037195,0.983251157651995,0.7535532814334747,-5.61543022906306,False,False,False,False
hsa-miR-4539,-0.0958033333333332,1.06866030263561,0.258,-0.67844,0.13303,-0.505425338671747,0.627875665615252,0.983251157651995,0.7751330495328049,-5.61295578226555,False,False,False,False
hsa-mir-3941,-0.0603466666666667,1.04271628610309,0.06379,-0.16906,-0.0757700000000001,-0.502529588527448,0.628153999472922,0.983251157651995,0.4665470224765304,-5.61587468673376,False,False,False,False
hsa-mir-7846,-0.0638466666666668,1.04524900255354,0.0165899999999999,-0.28008,0.07195,-0.502127014891615,0.628425361065099,0.983251157651995,0.6182086700454954,-5.61607151127888,False,False,False,False
hsa-mir-5692c-1,0.0593166666666666,1.04197211325323,-0.04451,0.11261,0.10985,0.501779235912442,0.628659835360796,0.983251157651995,0.371587825508623,-5.61624142700185,False,False,False,False
hsa-mir-4753,-0.0737933333333333,1.05248037565709,0.27363,-0.12713,-0.36788,-0.501670972427458,0.628732836206822,0.983251157651995,0.7313621164259059,-5.61629429922178,False,False,False,False
hsa-mir-7-2,-0.07224,1.05134779184281,-0.42281,0.14793,0.0581599999999999,-0.50112379066044,0.629101860572611,0.983251157651995,0.7229954418805118,-5.61656136087478,False,False,False,False
hsa-mir-4471,-0.0880766666666667,1.06295215950011,0.26924,0.0737399999999999,-0.60721,-0.50211728799358,0.629129437130457,0.983251157651995,0.7717311234789689,-5.61545333120844,False,False,False,False
hsa-mir-6855,0.0646033333333333,1.04579735996791,-0.06294,0.30048,-0.04373,0.500800778331894,0.629319754634615,0.983251157651995,0.639160692965234,-5.61671888463145,False,False,False,False
hsa-mir-507,0.0647166666666667,1.04587951756392,-0.0055499999999999,-0.0982399999999999,0.29794,0.500347538581729,0.629625560618678,0.983251157651995,0.6427530001119586,-5.61693975619541,False,False,False,False
hsa-mir-33a,-0.06571,1.04659988097921,-0.1072,-0.26462,0.17469,-0.500289758426317,0.629664550958712,0.983251157651995,0.6599672873100206,-5.61696790000646,False,False,False,False
hsa-miR-6833-5p,0.23867,1.17990442281684,0.03132,1.39975,-0.71506,0.523024722351924,0.629698578127327,0.983251157651995,0.7370518698309345,-5.59160015413959,False,False,False,False
hsa-mir-3135b,0.0809266666666667,1.05769719866436,0.03278,0.50631,-0.29631,0.499326761231426,0.630405018743076,0.983251157651995,0.7614376993587698,-5.61735598459979,False,False,False,False
hsa-mir-1207,0.0611366666666667,1.04328741958578,0.12844,0.16099,-0.10602,0.498970429691947,0.63055517361705,0.983251157651995,0.5428508944431987,-5.61760969616,False,False,False,False
hsa-miR-1291,0.0784266666666666,1.05586593621277,0.42782,0.13521,-0.32775,0.497389520941783,0.6317132711486,0.983251157651995,0.755525407738257,-5.61829662741169,False,False,False,False
hsa-miR-6499-5p,0.0648633333333334,1.04598584873975,0.0149000000000001,-0.12164,0.30133,0.497205661692064,0.631747489453621,0.983251157651995,0.6546336858732906,-5.61846569696038,False,False,False,False
hsa-miR-3917,-0.05914,1.04184452532626,-0.13818,0.0555399999999999,-0.0947800000000001,-0.49713418327648,0.631795805820523,0.983251157651995,0.419727875496288,-5.61850030768551,False,False,False,False
hsa-mir-1304,-0.0575366666666666,1.04068731874932,-0.07643,-0.0246299999999999,-0.07155,-0.49704831667317,0.631853850456981,0.983251157651995,0.0734177239676635,-5.61854187918174,True,False,False,False
hsa-mir-4644,-0.0604433333333335,1.04278615484302,-0.0746600000000002,-0.19284,0.0861699999999999,-0.495413216894435,0.632959668696269,0.983251157651995,0.5326793950818949,-5.61933221264602,False,False,False,False
hsa-miR-208b-5p,-0.06051,1.0428343429086,0.0872299999999999,-0.07039,-0.19837,-0.494841603828544,0.633346480600921,0.983251157651995,0.540015160425239,-5.61960792865804,False,False,False,False
hsa-miR-4687-3p,0.0787900000000003,1.05613188264695,-0.34233,0.426,0.152700000000001,0.494541315213514,0.633639203782763,0.983251157651995,0.7594999470082141,-5.61967337619142,False,False,False,False
hsa-miR-7158-3p,0.0586333333333333,1.04147869942643,-0.01367,0.17139,0.01818,0.49362759092131,0.634168400466147,0.983251157651995,0.41260755764408413,-5.62019251423725,False,False,False,False
hsa-mir-6888,0.0756466666666666,1.05383329525869,-0.32519,0.18693,0.3652,0.493577759632981,0.634202149059038,0.983251157651995,0.7497202606108693,-5.62021648080126,False,False,False,False
hsa-mir-1245a,-0.06784,1.04814622593459,0.16228,-0.3578,-0.008,-0.493555713941139,0.634217079947891,0.983251157651995,0.7009834674406885,-5.6202270830437,False,False,False,False
hsa-miR-6507-3p,0.0596566666666668,1.04221770380232,0.15345,0.11123,-0.08571,0.493332656697514,0.634368159892385,0.983251157651995,0.5032359546725629,-5.62033433103427,False,False,False,False
hsa-mir-4728,-0.0590166666666666,1.04175546376975,-0.0879999999999999,0.0658100000000001,-0.15486,-0.492710888193835,0.634789388225635,0.983251157651995,0.4616768407038391,-5.620633043008,False,False,False,False
hsa-mir-203b,0.06178,1.04375275094459,0.25988,-0.06718,-0.00736,0.492549661926479,0.634898636797003,0.983251157651995,0.6015021044323068,-5.62071044213047,False,False,False,False
hsa-miR-4701-3p,0.06429,1.04557025196382,0.26324,-0.16706,0.0966899999999999,0.492263828821355,0.635092343424651,0.983251157651995,0.6588694563667103,-5.62084760224048,False,False,False,False
hsa-mir-8079,0.07293,1.05185074184938,0.31376,0.20843,-0.3034,0.492240676326264,0.635108034968425,0.983251157651995,0.7388352054396011,-5.62085870894513,False,False,False,False
hsa-miR-625-3p,-0.0608166666666667,1.04305603669323,-0.21654,-0.06199,0.0960799999999999,-0.492212329294244,0.635127247360976,0.983251157651995,0.5698310733074585,-5.62087230690324,False,False,False,False
hsa-miR-6087,-0.0569233333333331,1.04024498509912,-0.0664699999999989,-0.0293600000000005,-0.0749399999999998,-0.492084334075431,0.635214000614897,0.983251157651995,0.055478297446241026,-5.62093369654894,True,False,False,False
hsa-mir-4474,-0.0663066666666667,1.04703282099505,0.21803,-0.23041,-0.18654,-0.491951449603892,0.635304074017943,0.983251157651995,0.6879159488037134,-5.6209974153485,False,False,False,False
hsa-miR-425-5p,-0.0611866666666672,1.04332357779902,0.118069999999999,-0.0937300000000008,-0.2079,-0.491499205756262,0.63561066752995,0.983251157651995,0.5873177486789529,-5.62121414762973,False,False,False,False
hsa-mir-1302-7,0.0755166666666667,1.05373833953188,-0.1765,-0.0872499999999998,0.4903,0.490606022360096,0.636216408629954,0.983251157651995,0.7524415823868339,-5.6216416451009,False,False,False,False
hsa-mir-4685,-0.115273333333333,1.08318024566445,0.41538,-0.79736,0.03616,-0.497415434440572,0.636265490144318,0.983251157651995,0.7781058264114462,-5.61420881481395,False,False,False,False
hsa-miR-3944-5p,-0.0764300000000001,1.05440564553008,-0.2772,-0.305,0.35291,-0.490506887524175,0.636283657922057,0.983251157651995,0.756023508828001,-5.62168904823904,False,False,False,False
hsa-miR-6127,0.22537,1.1690770368243,-0.42749,-0.3262,1.4298,0.511150148948309,0.636740732865021,0.983251157651995,0.7444625905774277,-5.59852582204522,False,False,False,False
hsa-mir-6766,-0.0659966666666667,1.04680786333205,-0.04847,-0.32167,0.17215,-0.489568070334417,0.636920691950296,0.983251157651995,0.6894134679524825,-5.62213751498909,False,False,False,False
hsa-mir-4280,-0.06603,1.04683205000877,-0.14965,0.21287,-0.26131,-0.489537552168734,0.636941405387331,0.983251157651995,0.6898685837985282,-5.62215207977637,False,False,False,False
hsa-miR-6082,-0.0661233333333333,1.04689977567663,-0.28954,0.20311,-0.11194,-0.489385508894225,0.637044605949444,0.983251157651995,0.6912703777680833,-5.62222462968806,False,False,False,False
hsa-mir-6510,-0.0587633333333334,1.04157255039792,0.0416100000000001,-0.18903,-0.0288700000000002,-0.48902870589249,0.637286821575267,0.983251157651995,0.47990403690113353,-5.62239480091416,False,False,False,False
hsa-miR-3151-5p,-0.07941,1.05658585418617,0.34623,-0.46133,-0.12313,-0.488723215498033,0.637582517822891,0.983251157651995,0.7667978277059869,-5.62246265049578,False,False,False,False
hsa-miR-136-3p,-0.0590333333333333,1.04176749867031,-0.19711,-0.0395300000000001,0.0595400000000001,-0.48757426836679,0.63827464154923,0.983251157651995,0.5123264874277633,-5.62308726442518,False,False,False,False
hsa-miR-609,0.0588366666666667,1.04162549570249,0.06955,-0.0720699999999999,0.17903,0.48713841275081,0.638570813033557,0.983251157651995,0.5032301891428712,-5.62329439968946,False,False,False,False
hsa-miR-1199-3p,0.0642166666666667,1.04551710614926,-0.13609,0.30975,0.0189899999999998,0.487040013977967,0.638637686182761,0.983251157651995,0.671762689831142,-5.62334113846847,False,False,False,False
hsa-miR-1244,0.07217,1.05129678136731,0.33816,0.17629,-0.29794,0.486852749949619,0.638764963004686,0.983251157651995,0.7416995328802714,-5.62343006315933,False,False,False,False
hsa-miR-4645-3p,0.0640233333333333,1.0453770074047,0.05355,-0.15509,0.29361,0.486472925179322,0.639023155410955,0.983251157651995,0.670302908396778,-5.62361032906203,False,False,False,False
hsa-miR-556-3p,0.0696833333333333,1.04948629965769,-0.0497800000000002,0.41305,-0.15422,0.486204891373964,0.639205387234666,0.983251157651995,0.7279821571934831,-5.62373745908749,False,False,False,False
hsa-miR-4771,-0.05818,1.04115149040043,0.0295800000000002,-0.18444,-0.0196800000000001,-0.486048670786062,0.639311610991616,0.983251157651995,0.4635025762353933,-5.6238115250664,False,False,False,False
hsa-miR-196a-3p,0.0655566666666668,1.0464886515675,-0.15585,0.01519,0.33733,0.484710245339652,0.640222046318184,0.983251157651995,0.6946848433245383,-5.62444517099474,False,False,False,False
hsa-mir-3909,-0.0656333333333333,1.04654426479564,0.0686500000000001,-0.35644,0.0908900000000001,-0.484397811578803,0.640434665324951,0.983251157651995,0.6962019704070683,-5.62459284890184,False,False,False,False
hsa-miR-6844,0.0899266666666667,1.0643160810477,0.0423500000000001,-0.38086,0.60829,0.485110940789323,0.641174121152764,0.983251157651995,0.7833489817352232,-5.62318002222616,False,False,False,False
hsa-miR-4712-5p,0.0597766666666668,1.04230439663927,0.21107,0.0736800000000002,-0.10542,0.482855240426725,0.641484936688127,0.983251157651995,0.5811121241024086,-5.62532066274343,False,False,False,False
hsa-mir-302c,-0.0706766666666667,1.05020914729208,0.25859,-0.38086,-0.0897600000000001,-0.482710350860973,0.641583629649647,0.983251157651995,0.7389972389247489,-5.62538891217132,False,False,False,False
hsa-mir-4731,0.0573833333333333,1.04057671770651,0.11484,-0.05897,0.11628,0.482610809305969,0.641651437719234,0.983251157651995,0.4279441894594208,-5.62543578950444,False,False,False,False
hsa-mir-600,-0.0630933333333333,1.04470334644147,0.0904,0.03383,-0.31351,-0.482258467187182,0.641891482938886,0.983251157651995,0.6668593925297084,-5.62560164571853,False,False,False,False
hsa-mir-4252,0.0669233333333334,1.04748046116422,-0.24827,0.24939,0.19965,0.482047685936448,0.642035106164468,0.983251157651995,0.7135014087042039,-5.62570081122776,False,False,False,False
hsa-miR-3190-3p,-0.05595,1.03954340672188,-0.07989,-0.08307,-0.00489,-0.481724470412487,0.642255371296772,0.983251157651995,0.1599184043207803,-5.62585279406735,True,False,False,False
hsa-mir-4703,0.0584166666666667,1.04132229993235,-0.0182199999999999,-0.01823,0.2117,0.481354148375145,0.642507784503656,0.983251157651995,0.5255597966192473,-5.62602680949171,False,False,False,False
hsa-miR-3942-3p,0.0565666666666667,1.03998784492584,0.13472,-0.02111,0.05609,0.481268276709097,0.642566322024718,0.983251157651995,0.3355237338815191,-5.62606714285708,False,False,False,False
hsa-mir-3672,0.0582166666666667,1.04117795201477,0.20664,0.0,-0.03199,0.480796289136793,0.642888116405643,0.983251157651995,0.5177738551936053,-5.62628871146304,False,False,False,False
hsa-miR-4774-3p,-0.05573,1.03938489636009,-0.08402,-0.0706800000000001,-0.0124899999999999,-0.480550514997561,0.643055713187179,0.983251157651995,0.12647840180892095,-5.62640400602078,True,False,False,False
hsa-miR-4535,-0.08935,1.06389074309196,-0.37121,-0.38021,0.48337,-0.482168570228689,0.643169045484744,0.983251157651995,0.7845586590677265,-5.62457904220219,False,False,False,False
hsa-mir-15b,-0.0559133333333333,1.03951698664964,-0.04138,-0.0123899999999999,-0.11397,-0.480312029198067,0.64321836055277,0.983251157651995,0.2054156379215891,-5.62651582852128,True,False,False,False
hsa-miR-548p,0.05726,1.0404877645279,0.0014400000000001,-0.0093,0.17964,0.480089420526427,0.643370198019522,0.983251157651995,0.44866723905755906,-5.62662015932382,False,False,False,False
hsa-mir-296,0.0603233333333333,1.04269942193621,-0.05396,0.26402,-0.0290900000000001,0.479796490250742,0.643570027540727,0.983251157651995,0.6145151771623367,-5.62675737863414,False,False,False,False
hsa-mir-5091,0.0584100000000001,1.0413174880127,-0.0886199999999999,0.0733400000000002,0.19051,0.478706251028082,0.64431402940781,0.983251157651995,0.5453996105295125,-5.6272673939315,False,False,False,False
hsa-miR-429,-0.06994,1.04967302804129,0.21592,-0.0126999999999999,-0.41304,-0.478688230982189,0.644326330216207,0.983251157651995,0.7401805313379706,-5.62727581455481,False,False,False,False
hsa-miR-6843-3p,-0.05748,1.04064644308151,-0.0860800000000002,-0.15875,0.07239,-0.478347512058907,0.64455893284329,0.983251157651995,0.48827689004281977,-5.62743497360477,False,False,False,False
hsa-miR-4439,-0.0677933333333333,1.04811232223487,0.22184,-0.0626499999999999,-0.36257,-0.478338921289839,0.6445647981392,0.983251157651995,0.7267012573634901,-5.62743898520673,False,False,False,False
hsa-mir-4419b,-0.0739933333333334,1.0526262905319,0.24673,0.00573,-0.47444,-0.477719694647846,0.6449876405174,0.983251157651995,0.7603547603264449,-5.62772796463936,False,False,False,False
hsa-mir-3910-1,0.0649766666666667,1.04606802114339,0.02294,0.33981,-0.16782,0.477298645305227,0.645275234245609,0.983251157651995,0.7035887270379338,-5.62792425772031,False,False,False,False
hsa-miR-588,0.0626533333333334,1.04438477642464,-0.0419099999999999,-0.08802,0.31789,0.477179942277581,0.645356324591819,0.983251157651995,0.673630413164114,-5.62797956757702,False,False,False,False
hsa-mir-320e,-0.096166666666667,1.06892947165328,-0.65012,0.43195,-0.0703300000000002,-0.480373194370614,0.645402398942577,0.983251157651995,0.7874621661803465,-5.62454057196478,False,False,False,False
hsa-miR-6836-5p,-0.262273333333334,1.19936712463724,-1.64711,0.30467,0.55562,-0.500606033215084,0.645417487868363,0.983251157651995,0.7425932176057787,-5.60238014717346,False,False,False,False
hsa-miR-4797-3p,-0.0565133333333334,1.0399493995222,-0.16192,0.0240499999999999,-0.0316700000000001,-0.476688605743334,0.645692027612108,0.983251157651995,0.4129254789451925,-5.62820836874506,False,False,False,False
hsa-miR-6751-5p,-0.0926333333333333,1.06631473827,0.28298,-0.68436,0.12348,-0.479442625698131,0.645707550748203,0.983251157651995,0.7862953009116092,-5.62526690971558,False,False,False,False
hsa-miR-4749-5p,-0.0684066666666667,1.0485580012393,0.1618,-0.41248,0.0454599999999998,-0.476361995702028,0.645915229546605,0.983251157651995,0.7339863139524685,-5.62836033869629,False,False,False,False
hsa-mir-6799,-0.0630733333333334,1.04468886387828,0.15533,-0.30507,-0.0394800000000002,-0.476012749247751,0.64615394282561,0.983251157651995,0.6829829050354803,-5.62852273267611,False,False,False,False
hsa-miR-335-3p,-0.0604166666666667,1.04276688024027,-0.27597,0.0678599999999999,0.0268599999999999,-0.475810546416336,0.646292170150227,0.983251157651995,0.6334137193740036,-5.62861670244139,False,False,False,False
hsa-mir-6734,-0.07376,1.05245605847784,-0.44471,-0.06752,0.29095,-0.475790334136499,0.646305988208123,0.983251157651995,0.7615170383430815,-5.62862609363027,False,False,False,False
hsa-miR-99b-5p,-0.123703333333333,1.08952804553273,0.61868,-0.31396,-0.67583,-0.485027003997142,0.646308673831632,0.983251157651995,0.7787814072176966,-5.61873628772773,False,False,False,False
hsa-miR-8074,-0.0561466666666667,1.03968512584218,0.05189,-0.0993900000000001,-0.12094,-0.473914507069959,0.647589020688386,0.983251157651995,0.41031417378964447,-5.62949601845384,False,False,False,False
hsa-mir-4531,-0.0677233333333333,1.04806146874152,-0.0211699999999999,-0.38862,0.20662,-0.47339490068101,0.647944642305757,0.983251157651995,0.7337970137401231,-5.62973641572637,False,False,False,False
hsa-miR-329-3p,-0.0686866666666667,1.04876152639508,0.19464,0.0146899999999999,-0.41539,-0.472838222727729,0.648325741686855,0.983251157651995,0.7407892684201862,-5.629993688351,False,False,False,False
hsa-mir-3118-6,-0.0642533333333334,1.04554367871886,0.2206,-0.27148,-0.14188,-0.472683684056497,0.64843155760135,0.983251157651995,0.7051810236906386,-5.63006505886156,False,False,False,False
hsa-mir-3118-4,-0.0642533333333334,1.04554367871886,0.2206,-0.27148,-0.14188,-0.472683684056497,0.64843155760135,0.983251157651995,0.7051810236906386,-5.63006505886156,False,False,False,False
hsa-mir-194-2,-0.0575333333333333,1.04068491425383,0.0113000000000001,0.0314099999999999,-0.21531,-0.47261982825268,0.648475283487617,0.983251157651995,0.5426398563437311,-5.63009454292913,False,False,False,False
hsa-mir-4508,0.0629566666666667,1.04460438626099,0.0165799999999998,-0.1466,0.31889,0.472613234910125,0.648479798425333,0.983251157651995,0.6896555480983664,-5.63009758705172,False,False,False,False
hsa-miR-6501-3p,0.0600433333333333,1.04249707320684,-0.15832,0.16433,0.17412,0.472270778125486,0.648714324387237,0.983251157651995,0.6376776153524772,-5.63025564305633,False,False,False,False
hsa-mir-564,0.0872633333333333,1.06235307878692,-0.27895,-0.10584,0.64658,0.473898405233033,0.648721235850224,0.983251157651995,0.787747019414037,-5.6285307919616,False,False,False,False
hsa-miR-548w,-0.0641733333333333,1.04548570307405,0.0412399999999999,-0.35566,0.1219,-0.471797765845834,0.649038327135259,0.983251157651995,0.7061236473781187,-5.63047377736938,False,False,False,False
hsa-miR-5003-5p,0.05553,1.03924081700505,-0.03335,0.12655,0.07339,0.471692730912946,0.649110284391481,0.983251157651995,0.35898303862509584,-5.63052218729798,False,False,False,False
hsa-miR-4633-5p,0.0560866666666667,1.03964188745249,0.03224,0.16801,-0.03199,0.471346614261242,0.64934742923174,0.983251157651995,0.4418259618448408,-5.63068163829387,False,False,False,False
hsa-miR-8089,-0.108283333333333,1.0779448236747,-0.57778,-0.32793,0.58086,-0.477296534548236,0.649350076842676,0.983251157651995,0.7874707498839308,-5.62436872752133,False,False,False,False
hsa-mir-4454,0.0727133333333333,1.05169278477934,0.01729,0.46181,-0.26096,0.470920895099594,0.649639172254328,0.983251157651995,0.7626953328842025,-5.6308776095999,False,False,False,False
hsa-miR-520c-3p,0.0566433333333334,1.04004311268359,-0.05287,0.03732,0.18548,0.470724426377086,0.649773832702829,0.983251157651995,0.5005784714632271,-5.63096799370762,False,False,False,False
hsa-miR-548u,-0.0570600000000001,1.04034353229347,-0.20826,-0.0006,0.0376799999999999,-0.470313323337491,0.650055648285775,0.983251157651995,0.5330285021326333,-5.63115700374491,False,False,False,False
hsa-miR-4759,0.0642033333333333,1.04550744356411,-0.1945,0.32344,0.06367,0.470297473996521,0.650066514369915,0.983251157651995,0.7094619486766395,-5.63116428756864,False,False,False,False
hsa-mir-4424,-0.0622866666666666,1.04411937561923,0.0861100000000001,0.05531,-0.32828,-0.47019015998604,0.650140089661084,0.983251157651995,0.686259891848862,-5.63121359938289,False,False,False,False
hsa-miR-1910-3p,0.06348,1.04498338212954,0.27872,0.12126,-0.20954,0.469971562608441,0.650289974180545,0.983251157651995,0.7021783612522075,-5.63131401412203,False,False,False,False
hsa-mir-1253,-0.0606133333333334,1.04290903881103,0.0143199999999999,0.0964799999999999,-0.29264,-0.469598210207611,0.650546007580441,0.983251157651995,0.6596539641957542,-5.63148541511759,False,False,False,False
hsa-miR-374a-5p,0.0604666666666667,1.04280302041268,0.28298,0.0144200000000001,-0.116,0.469217702272192,0.650806998375158,0.983251157651995,0.6579335854458919,-5.63165996884254,False,False,False,False
hsa-miR-744-5p,0.0565466666666659,1.03997342773292,0.198419999999999,-0.0078700000000004,-0.0209100000000007,0.469082073730638,0.650900038417677,0.983251157651995,0.5094916975404166,-5.63172215462182,False,False,False,False
hsa-miR-3177-5p,-0.0552766666666666,1.0390583451596,-0.0952099999999999,-0.11237,0.04175,-0.468868662620471,0.651046449715175,0.983251157651995,0.37458286362675247,-5.63181996940523,False,False,False,False
hsa-mir-5685,0.0650533333333334,1.04612361201809,-0.0684799999999999,-0.11627,0.37991,0.468776796549524,0.651109479611523,0.983251157651995,0.720520292783177,-5.63186206233643,False,False,False,False
hsa-miR-154-3p,-0.05757,1.0407113640098,-0.06514,-0.20263,0.0950599999999999,-0.46865695500899,0.651191708103786,0.983251157651995,0.5722373380121202,-5.63191696189318,False,False,False,False
hsa-mir-210,0.0585633333333334,1.04142816779066,0.0795000000000001,-0.12126,0.21745,0.468457509664976,0.651328567389175,0.983251157651995,0.6118958578635477,-5.63200829867379,False,False,False,False
hsa-miR-1253,-0.0615033333333333,1.04355260891939,-0.21181,-0.16709,0.19439,-0.46818503680352,0.651515560648732,0.983251157651995,0.6796382962347451,-5.63213301937214,False,False,False,False
hsa-mir-3620,-0.05817,1.04114427371324,0.0841399999999999,-0.23629,-0.0223599999999999,-0.468136763608932,0.651548692392654,0.983251157651995,0.5998965051254157,-5.6321551086183,False,False,False,False
hsa-miR-4649-3p,0.0572366666666667,1.04047093640357,-0.10249,0.17458,0.09962,0.467981052433721,0.651655568504089,0.983251157651995,0.5606119388346741,-5.63222634556574,False,False,False,False
hsa-miR-5002-5p,0.05691,1.0402353712385,-0.0120099999999999,-0.0319400000000001,0.21468,0.46750353800053,0.651983374963978,0.983251157651995,0.5465394119942977,-5.63244466608612,False,False,False,False
hsa-miR-554,-0.0743333333333334,1.05287439224728,-0.44232,-0.11099,0.33031,-0.467620181267611,0.651987276066731,0.983251157651995,0.771352558925642,-5.63231908550082,False,False,False,False
hsa-mir-4729,0.0570700000000001,1.04035074343032,0.0307600000000001,0.21062,-0.0701699999999998,0.467000165071627,0.652329019288065,0.983251157651995,0.5589544020695097,-5.63267458129449,False,False,False,False
hsa-miR-4507,0.0610133333333331,1.04319823468417,-0.0718800000000002,0.31327,-0.0583500000000008,0.466425100754667,0.652723999405857,0.983251157651995,0.6764929600609297,-5.63293695522815,False,False,False,False
hsa-mir-5092,-0.0682600000000001,1.04845140858765,-0.00181,0.21341,-0.41638,-0.466227806974769,0.652859536300465,0.983251157651995,0.7473119068183325,-5.63302690045492,False,False,False,False
hsa-mir-4286,0.0593133333333334,1.04196970578923,0.20112,-0.15657,0.13339,0.466169811403813,0.6528993806877,0.983251157651995,0.6428814609038807,-5.63305333350371,False,False,False,False
hsa-miR-759,0.05836,1.04128139932402,-0.0676700000000001,0.25529,-0.01254,0.465847035706653,0.653121157009648,0.983251157651995,0.6176968094106513,-5.63320039050149,False,False,False,False
hsa-miR-8069,-0.0570133333333332,1.04030988098237,-0.121079999999999,0.10943,-0.15939,-0.465411282620649,0.653420616782309,0.983251157651995,0.5671210346024882,-5.63339876750034,False,False,False,False
hsa-mir-383,0.0556866666666667,1.03935367747149,0.17476,0.03898,-0.0466799999999998,0.465340233830907,0.653469449463952,0.983251157651995,0.4787476651655277,-5.63343109589873,False,False,False,False
hsa-mir-4751,0.05513,1.03895271820898,0.10157,-0.05355,0.11737,0.465266523660242,0.65352011320542,0.983251157651995,0.41844550983131384,-5.63346463034219,False,False,False,False
hsa-mir-425,-0.0557233333333332,1.03938009339311,-0.02712,0.0409900000000003,-0.18104,-0.465044136405441,0.653672979717986,0.983251157651995,0.48550524959221736,-5.6335657750135,False,False,False,False
hsa-mir-378j,0.05936,1.04200341079133,0.2021,-0.16222,0.1382,0.46456368760519,0.654003293709613,0.983251157651995,0.6499320394123965,-5.63378413351453,False,False,False,False
hsa-miR-18a-5p,-0.0572366666666664,1.04047093640357,0.0871600000000008,-0.21823,-0.0406399999999998,-0.464335151445241,0.654160443136487,0.983251157651995,0.584297511026029,-5.63388792573935,False,False,False,False
hsa-miR-4637,0.0566633333333333,1.04005753084255,0.219,-0.00384,-0.04517,0.463719055633849,0.654584182681849,0.983251157651995,0.5611582432682918,-5.63416749202611,False,False,False,False
hsa-miR-890,0.0570266666666667,1.04031949553161,-0.07467,0.0244500000000001,0.2213,0.463629857400357,0.654645542559628,0.983251157651995,0.5793922514981311,-5.63420793850803,False,False,False,False
hsa-mir-548i-1,0.0615466666666667,1.04358395393058,0.25538,-0.19927,0.12853,0.462793554552638,0.655220973743054,0.983251157651995,0.6941059813773353,-5.63458679801328,False,False,False,False
hsa-mir-335,0.0589966666666667,1.0417410220726,-0.15845,0.12202,0.21342,0.462048368301129,0.655733915476365,0.983251157651995,0.6506225259642053,-5.63492383533639,False,False,False,False
hsa-miR-4692,0.0617633333333335,1.04374069310963,-0.0489999999999999,-0.10525,0.33954,0.460711225418257,0.656654807817806,0.983251157651995,0.7018802178737136,-5.63552731874188,False,False,False,False
hsa-miR-5000-5p,0.0603333333333333,1.04270664940291,0.01583,0.29956,-0.13439,0.460384469002836,0.656879939653937,0.983251157651995,0.6820852503775521,-5.63567453994325,False,False,False,False
hsa-mir-4485,-0.06327,1.04483128446968,0.0989999999999999,0.0805100000000001,-0.36932,-0.460279709407036,0.656952125771202,0.983251157651995,0.7195424008447746,-5.63572171881563,False,False,False,False
hsa-mir-663b,0.05769,1.04079793154772,0.02969,0.24351,-0.10013,0.460192768017641,0.657012036879287,0.983251157651995,0.6228811165784963,-5.63576086548084,False,False,False,False
hsa-mir-655,-0.0616833333333334,1.04368281744081,0.15743,-0.0198400000000001,-0.32264,-0.45984248388662,0.657253443349583,0.983251157651995,0.7028524207855255,-5.6359185152972,False,False,False,False
hsa-mir-6082,0.0566333333333333,1.04003590367906,-0.0682,0.22679,0.0113099999999999,0.45971203608793,0.657343355334843,0.983251157651995,0.5862720038017926,-5.63597719596313,False,False,False,False
hsa-mir-4489,-0.0613966666666667,1.04347545597975,-0.0508,0.17236,-0.30575,-0.459422732481325,0.657542780701862,0.983251157651995,0.7001431301669602,-5.63610728015798,False,False,False,False
hsa-mir-5701-1,0.0531933333333332,1.03755896892395,0.0256799999999999,0.0850799999999998,0.0488199999999999,0.459420924292056,0.657544027230149,0.983251157651995,0.09136300949603758,-5.63610809295933,True,False,False,False
hsa-mir-5701-2,0.0531933333333332,1.03755896892395,0.0256799999999999,0.0850799999999998,0.0488199999999999,0.459420924292056,0.657544027230149,0.983251157651995,0.09136300949603758,-5.63610809295933,True,False,False,False
hsa-mir-3146,-0.06516,1.04620096075824,0.13893,-0.40088,0.06647,-0.459361022032785,0.657585323247644,0.983251157651995,0.737195800239361,-5.63613501798551,False,False,False,False
hsa-mir-508,0.0558933333333333,1.03950257598416,-0.00333,0.2132,-0.04219,0.45894532213606,0.657871936748792,0.983251157651995,0.5546092250989467,-5.63632177636079,False,False,False,False
hsa-mir-7157,0.0600233333333334,1.04248262122887,-0.14155,0.02881,0.29281,0.458722327632958,0.658025709844795,0.983251157651995,0.6815848278287833,-5.63642189349721,False,False,False,False
hsa-miR-889-3p,-0.0544199999999999,1.038441539529,-0.07626,0.0519400000000001,-0.13894,-0.458570667653553,0.658130301713823,0.983251157651995,0.43485648046927283,-5.63648995749253,False,False,False,False
hsa-mir-548h-5,0.0605466666666666,1.04286084729385,0.3209,-0.0341100000000001,-0.10515,0.458297650489327,0.658318607225022,0.983251157651995,0.6910198270700344,-5.63661243210717,False,False,False,False
hsa-miR-4536-5p,0.0548633333333333,1.03876069671678,0.0393000000000001,0.175,-0.0497100000000001,0.458034206742923,0.658500334134417,0.983251157651995,0.48943589648934116,-5.63673054667754,False,False,False,False
hsa-mir-4266,-0.0555966666666666,1.03928884123745,-0.18927,0.0768300000000001,-0.0543499999999999,-0.458016975041137,0.658512221619648,0.983251157651995,0.5444319439471534,-5.63673827024304,False,False,False,False
hsa-miR-4482-5p,-0.0543733333333333,1.03840794974042,-0.16552,0.02566,-0.0232599999999998,-0.457667832950864,0.658753103309627,0.983251157651995,0.44308180359351856,-5.63689470290733,False,False,False,False
hsa-mir-4517,-0.06858,1.04868398834472,0.26306,-0.05107,-0.41773,-0.457068123731942,0.659166955457588,0.983251157651995,0.7606575806434599,-5.63716313829798,False,False,False,False
hsa-miR-1913,-0.0711266666666667,1.05053677566498,-0.18216,0.34297,-0.37419,-0.456930688906321,0.659261815031171,0.983251157651995,0.7715588457040436,-5.6372246084682,False,False,False,False
hsa-miR-6718-5p,0.06266,1.04438960251821,-0.13421,-0.0395300000000001,0.36172,0.456814640363681,0.659341918535763,0.983251157651995,0.7201640142408964,-5.63727649961537,False,False,False,False
hsa-miR-1273d,0.05626,1.03976680326251,0.23238,-0.0344399999999998,-0.0291600000000001,0.456711024751448,0.659413444020392,0.983251157651995,0.5883545041177918,-5.63732282082862,False,False,False,False
hsa-mir-548ae-1,-0.0534366666666667,1.0377339844111,0.0196499999999999,-0.12714,-0.0528199999999999,-0.455530405693396,0.660228681860016,0.983251157651995,0.3344749551613518,-5.63784991236621,False,False,False,False
hsa-miR-578,0.05517,1.03898152449421,0.20519,-0.0219199999999999,-0.01776,0.455504665482766,0.660246461256263,0.983251157651995,0.5386390460605837,-5.63786138978338,False,False,False,False
hsa-mir-8068,0.0537233333333333,1.03794020491582,0.0477699999999999,0.14303,-0.02963,0.455246248233305,0.66042496901289,0.983251157651995,0.3945103804480987,-5.63797658256524,False,False,False,False
hsa-miR-6130,-0.0534599999999999,1.03775076826915,0.0256800000000001,-0.12713,-0.0589299999999999,-0.455111323956532,0.660518180223014,0.983251157651995,0.35001528964189565,-5.6380367021803,False,False,False,False
hsa-mir-519c,0.0681,1.04833513805313,-0.15156,-0.10239,0.45825,0.454933835245377,0.660640806202703,0.983251157651995,0.7609408670509927,-5.63811576196877,False,False,False,False
hsa-miR-219b-5p,-0.0528333333333334,1.03730009603732,-0.05168,-0.0986200000000002,-0.0081999999999999,-0.454774238333243,0.660751080067459,0.983251157651995,0.18032724958120822,-5.63818682717277,True,False,False,False
hsa-miR-299-3p,0.07299,1.05189448800162,-0.24286,-0.05504,0.51687,0.454647375096149,0.660920106859136,0.983251157651995,0.779647906915144,-5.63817437317052,False,False,False,False
hsa-mir-6073,0.0565966666666666,1.04000947108997,0.08632,0.20725,-0.12378,0.453819908289689,0.661410658956795,0.983251157651995,0.6176284734072407,-5.63861127769948,False,False,False,False
hsa-mir-587,0.0629333333333333,1.04458749155729,0.14786,0.28445,-0.24351,0.453339205858075,0.661743011443406,0.983251157651995,0.7292378002021902,-5.6388247563623,False,False,False,False
hsa-miR-526a,0.0549466666666666,1.0388206996204,0.0719099999999999,0.1772,-0.0842700000000001,0.453143791415005,0.661878141502129,0.983251157651995,0.5445939018580177,-5.63891147810876,False,False,False,False
hsa-miR-520c-5p,0.0549466666666666,1.0388206996204,0.0719099999999999,0.1772,-0.0842700000000001,0.453143791415005,0.661878141502129,0.983251157651995,0.5445939018580177,-5.63891147810876,False,False,False,False
hsa-miR-518d-5p,0.0549466666666666,1.0388206996204,0.0719099999999999,0.1772,-0.0842700000000001,0.453143791415005,0.661878141502129,0.983251157651995,0.5445939018580177,-5.63891147810876,False,False,False,False
hsa-mir-1343,0.0545633333333334,1.03854471495917,0.0131699999999999,0.19358,-0.0430599999999999,0.452449548515598,0.66235831956554,0.983251157651995,0.524491355293703,-5.63921928526363,False,False,False,False
hsa-miR-30c-1-3p,-0.0588333333333333,1.04162308903935,-0.30433,0.05854,0.0692900000000001,-0.452422638971956,0.662376935061497,0.983251157651995,0.6791091297649788,-5.63923120717063,False,False,False,False
hsa-miR-6764-5p,0.0653033333333333,1.04630490713371,-0.0203500000000001,0.40772,-0.19146,0.452087706521652,0.662608655487719,0.983251157651995,0.7491464898342781,-5.63937953819673,False,False,False,False
hsa-mir-4655,0.072,1.05117290908771,-0.10072,-0.20085,0.51757,0.452116713709284,0.662669440958835,0.983251157651995,0.7789801985471221,-5.63929841836199,False,False,False,False
hsa-miR-508-3p,-0.05309,1.03748465620767,-0.0967399999999999,0.03731,-0.0998399999999999,-0.451610550135701,0.662938838625332,0.983251157651995,0.36115983403037866,-5.63959067589602,False,False,False,False
hsa-miR-548av-5p,-0.0645233333333333,1.04573937025642,-0.37042,0.23118,-0.05433,-0.450717134369806,0.663557274273734,0.983251157651995,0.7460097840863374,-5.6399854365122,False,False,False,False
hsa-mir-1972-1,0.0531466666666667,1.0375254076833,-0.0049099999999999,0.15059,0.01376,0.450706319690277,0.663564762022757,0.983251157651995,0.3915761474870873,-5.63999021049737,False,False,False,False
hsa-mir-1972-2,0.0531466666666667,1.0375254076833,-0.0049099999999999,0.15059,0.01376,0.450706319690277,0.663564762022757,0.983251157651995,0.3915761474870873,-5.63999021049737,False,False,False,False
hsa-miR-1537-3p,0.0539233333333333,1.03808410395524,-0.0746500000000001,0.10529,0.13113,0.450484515843947,0.663718340925757,0.983251157651995,0.4923850627460191,-5.6400880986681,False,False,False,False
hsa-mir-4637,0.0605466666666667,1.04286084729385,-0.01576,-0.13832,0.33572,0.449775354353245,0.66420948292501,0.983251157651995,0.7114520437135721,-5.64040076467422,False,False,False,False
hsa-miR-505-5p,-0.0545699999999997,1.03854951406587,0.0425300000000002,-0.206099999999999,-0.00014,-0.449591983610762,0.664336507347828,0.983251157651995,0.5508605490677532,-5.64048153597423,False,False,False,False
hsa-mir-596,0.05265,1.03716828744564,0.03437,0.1306,-0.00702,0.449343070359926,0.664508952624651,0.983251157651995,0.3256451039776674,-5.64059112751542,False,False,False,False
hsa-miR-6780b-5p,-0.0781366666666667,1.055653715099,-0.46845,-0.18482,0.41886,-0.4500294158244,0.66456186432737,0.983251157651995,0.7933845458514595,-5.63984362949897,False,False,False,False
hsa-mir-3130-2,0.0638533333333334,1.04525383264069,0.40423,-0.0986199999999999,-0.11405,0.449172599711275,0.66462706559894,0.983251157651995,0.7436519925373785,-5.64066614913383,False,False,False,False
hsa-miR-3194-3p,0.0596333333333333,1.04220084769916,0.0256400000000001,0.30794,-0.15468,0.449080158292921,0.664691119061014,0.983251157651995,0.7010980713045105,-5.64070681994861,False,False,False,False
hsa-miR-488-3p,-0.0586899999999999,1.04151960778453,-0.16005,0.19182,-0.20784,-0.448802388073796,0.664883605936952,0.983251157651995,0.687193660960923,-5.64082898082736,False,False,False,False
hsa-miR-1825,0.0717733333333333,1.05100776875226,0.25051,0.343,-0.37819,0.448876954946343,0.664912135738675,0.983251157651995,0.7814089916467211,-5.6407287458348,False,False,False,False
hsa-mir-490,0.0520733333333333,1.03675379869836,0.0946400000000001,0.01189,0.04969,0.448664610030506,0.664979091937365,0.983251157651995,0.1613863539104346,-5.6408895477891,True,False,False,False
hsa-miR-4318,-0.0556533333333334,1.03932966357987,-0.23005,0.0950799999999999,-0.0319900000000001,-0.447635003182429,0.66569285701111,0.983251157651995,0.6159145701805009,-5.64134160245647,False,False,False,False
hsa-mir-6835,-0.0583433333333333,1.04126937003907,-0.26081,0.16726,-0.08148,-0.447628191559732,0.665697580301024,0.983251157651995,0.6845718774966236,-5.64134458985675,False,False,False,False
hsa-mir-4700,-0.0527300000000001,1.0372258018622,-0.0320200000000002,0.018,-0.14417,-0.447570056539156,0.665737892709612,0.983251157651995,0.38611672139615477,-5.64137008460749,False,False,False,False
hsa-miR-6775-3p,-0.0600766666666667,1.042521160282,0.18878,-0.07104,-0.29797,-0.447480199267209,0.665800204447086,0.983251157651995,0.7108116971332192,-5.64140948477266,False,False,False,False
hsa-mir-520c,0.05716,1.04041564591133,0.27371,0.0,-0.10223,0.447412006745424,0.665847494539569,0.983251157651995,0.6611519852350838,-5.6414393804773,False,False,False,False
hsa-miR-8066,0.0553266666666667,1.03909435680175,0.0965900000000002,-0.12104,0.19043,0.446513787909975,0.66647053765656,0.983251157651995,0.6095741064897815,-5.64183275743811,False,False,False,False
hsa-miR-27b-5p,-0.0617566666666667,1.04373587001465,0.22909,-0.30655,-0.10781,-0.446493072372997,0.666484910065314,0.983251157651995,0.7309651234180279,-5.64184182100367,False,False,False,False
hsa-miR-718,-0.0680899999999999,1.04832787157286,-0.01057,-0.44772,0.25402,-0.446423171702675,0.666533408118506,0.983251157651995,0.7709415058704645,-5.64187240135001,False,False,False,False
hsa-miR-1266-3p,-0.05345,1.03774357515389,-0.11869,0.0806799999999999,-0.12234,-0.4453875083449,0.667252159369971,0.983251157651995,0.509086304587419,-5.64232495386407,False,False,False,False
hsa-miR-548au-3p,0.0554666666666667,1.03919519603975,0.21055,0.07541,-0.11956,0.445343826406606,0.667282482642108,0.983251157651995,0.6211696355728573,-5.64234401957692,False,False,False,False
hsa-mir-4426,0.06245,1.04423759128316,0.0945,0.32819,-0.23534,0.44525385987755,0.667344937935452,0.983251157651995,0.7392053073634123,-5.64238328138069,False,False,False,False
hsa-mir-8056,0.05234,1.03694544920275,-0.00285,0.0180500000000001,0.14182,0.445252722732336,0.667345727365844,0.983251157651995,0.3660116550897736,-5.64238377758786,False,False,False,False
hsa-mir-544a,0.0562366666666666,1.03974998679851,0.2646,-0.01597,-0.07992,0.444730687696465,0.667708181308051,0.983251157651995,0.6481894974211018,-5.64261144688069,False,False,False,False
hsa-miR-1343-3p,-0.0530966666666666,1.03748945041584,0.07175,-0.10872,-0.12232,-0.444596326973916,0.667801484135888,0.983251157651995,0.4853327909070879,-5.64267000308591,False,False,False,False
hsa-miR-5584-3p,-0.0575566666666667,1.04070174583894,0.17723,-0.12645,-0.22345,-0.444201321505314,0.668075819270345,0.983251157651995,0.680454320990703,-5.64284205447204,False,False,False,False
hsa-miR-3689f,0.05301,1.03742712743757,0.04732,-0.0516000000000001,0.16331,0.444074237323652,0.668164091657885,0.983251157651995,0.4832647572497556,-5.6428973772856,False,False,False,False
hsa-miR-412-3p,-0.0659266666666666,1.04675707312991,0.30794,-0.32568,-0.18004,-0.444058572798388,0.668174972578979,0.983251157651995,0.7635953116979852,-5.64290419539117,False,False,False,False
hsa-miR-26a-2-3p,-0.0548566666666666,1.03875589663422,-0.08646,-0.19558,0.11747,-0.443041548334871,0.668881596915142,0.983444166165811,0.6105636909862278,-5.64334637431583,False,False,False,False
hsa-mir-320c-1,-0.0521733333333333,1.03682566348623,-0.09659,-0.10303,0.0431000000000001,-0.442943909445847,0.66894945433107,0.983444166165811,0.38799232148404705,-5.64338877480541,False,False,False,False
hsa-miR-6069,0.0689433333333333,1.04894812582441,-0.11592,-0.17357,0.49632,0.44290956061804,0.66897332696218,0.983444166165811,0.77821577921905,-5.64340368895539,False,False,False,False
hsa-miR-4632-3p,-0.09142,1.06541832476701,-0.60231,0.50142,-0.17337,-0.445631580470592,0.669380839609961,0.983491122953638,0.8027248252813325,-5.64028951354475,False,False,False,False
hsa-miR-6511b-3p,-0.0546433333333334,1.0386023057032,0.12216,-0.11124,-0.17485,-0.442223701619943,0.669450085954421,0.983491122953638,0.6065664884444297,-5.64370125672906,False,False,False,False
hsa-miR-221-3p,0.171073333333333,1.12589581485964,1.21578,-0.32665,-0.375909999999999,0.456573507855947,0.670811787727765,0.98428585848259,0.7744689976244036,-5.62766557189153,False,False,False,False
hsa-miR-6512-3p,-0.0568,1.0401560602785,-0.29476,0.07165,0.05271,-0.439540249287544,0.671316943451587,0.98428585848259,0.6804674929910394,-5.6448612919463,False,False,False,False
hsa-miR-8071,-0.0617200000000001,1.04370934339064,0.05583,-0.38589,0.1449,-0.439487783109098,0.671353467825634,0.98428585848259,0.7429999211380378,-5.64488390577462,False,False,False,False
hsa-miR-6811-5p,-0.0706466666666666,1.05018730903385,-0.18293,-0.39952,0.37051,-0.439304456151213,0.671559388455642,0.98428585848259,0.7871074985820792,-5.64489789364833,False,False,False,False
hsa-miR-7845-5p,-0.132563333333333,1.09623973480842,0.52342,0.0267999999999999,-0.94791,-0.449989710226036,0.671982010752142,0.98428585848259,0.7880202893178105,-5.63357772329267,False,False,False,False
hsa-mir-4462,-0.0519166666666666,1.03664122054538,-0.14353,-0.0538999999999998,0.0416800000000002,-0.438570594647642,0.67199211804459,0.98428585848259,0.4340286839596646,-5.64527881524981,False,False,False,False
hsa-miR-8080,-0.06034,1.04271146774187,0.1625,-0.35539,0.01187,-0.438389040852774,0.672118569638427,0.98428585848259,0.7326782167110168,-5.64535689300242,False,False,False,False
hsa-miR-3127-3p,-0.0529833333333333,1.03740795188977,0.0528,-0.0164499999999999,-0.1953,-0.438034634528511,0.672365444137817,0.98428585848259,0.5478854431860953,-5.64550921793055,False,False,False,False
hsa-mir-4754,-0.0622633333333332,1.04410248875975,-0.19377,0.27584,-0.26886,-0.437822337647042,0.672513347260666,0.98428585848259,0.7498907898802564,-5.64560040767854,False,False,False,False
hsa-miR-6511b-5p,-0.0880166666666666,1.06290795348181,-0.46323,0.53126,-0.33208,-0.440328655671918,0.67278643915572,0.98428585848259,0.8043423943023625,-5.64283949200415,False,False,False,False
hsa-mir-378d-2,-0.05378,1.037980974285,0.0668899999999999,-0.00619,-0.22204,-0.437379143373351,0.672822160576186,0.98428585848259,0.5984567067218969,-5.64579064132474,False,False,False,False
hsa-miR-6088,0.0547299999999999,1.03866469927978,0.0074699999999996,0.24502,-0.0883000000000003,0.43730677929941,0.672872589355655,0.98428585848259,0.6361761247349887,-5.64582168497811,False,False,False,False
hsa-mir-3141,0.06791,1.04819708354049,0.24577,0.31464,-0.35668,0.437289398987577,0.672884701536153,0.98428585848259,0.780295114502509,-5.64582914027597,False,False,False,False
hsa-mir-6506,0.0626266666666666,1.04436547227336,0.29121,0.17654,-0.27987,0.436873211375726,0.6731747689463,0.984384533161554,0.7539139239136639,-5.64600758009085,False,False,False,False
hsa-mir-548al,-0.0548166666666667,1.03872709660463,-0.01576,-0.25021,0.10152,-0.435129702175587,0.674390557166322,0.984768925293575,0.6489756876741758,-5.64675335008926,False,False,False,False
hsa-miR-6818-5p,0.0752233333333334,1.05352411188868,-0.26974,0.58424,-0.0888300000000001,0.435215780136129,0.674808094472615,0.984768925293575,0.799431022167657,-5.64632207592439,False,False,False,False
hsa-miR-7156-3p,0.0609333333333334,1.0431403890948,-0.0429199999999998,0.38133,-0.15561,0.434437449177766,0.674873560916365,0.984768925293575,0.7451277549231492,-5.64704866791303,False,False,False,False
hsa-mir-362,-0.0567666666666667,1.04013202784811,0.0017299999999997,-0.29842,0.12639,-0.434049652494609,0.675144206688333,0.984768925293575,0.6966155163083724,-5.64721390793118,False,False,False,False
hsa-miR-4735-3p,-0.0547166666666666,1.03865510002403,-0.26298,0.03773,0.0610999999999999,-0.433694568420347,0.675392065842132,0.984768925293575,0.6523507412547078,-5.6473650859377,False,False,False,False
hsa-miR-607,-0.0530866666666667,1.03748225911189,0.01491,0.04569,-0.21986,-0.43341144763816,0.675589722425803,0.984768925293575,0.5914326749014198,-5.64748554099029,False,False,False,False
hsa-mir-892c,0.0536100000000001,1.03785867098136,0.1162,-0.12641,0.17104,0.433187409195015,0.675746150360308,0.984768925293575,0.6168648503284673,-5.64758080611644,False,False,False,False
hsa-miR-3920,-0.05459,1.03856391151901,-0.2154,-0.08849,0.14012,-0.432912341254514,0.675938230786863,0.984768925293575,0.6520912257112499,-5.64769770576167,False,False,False,False
hsa-miR-4450,0.05811,1.04110097464056,-0.1478,0.32686,-0.00473,0.432864126565944,0.675971901767263,0.984768925293575,0.7194473689720954,-5.64771818898156,False,False,False,False
hsa-miR-1200,0.0505900000000001,1.03568838909321,0.0192600000000001,0.00642,0.12609,0.43259600100851,0.676159162682197,0.984768925293575,0.3139006910485176,-5.64783205810277,True,False,False,False
hsa-miR-494-3p,-0.381683333333333,1.30286114437507,1.43852,-0.356800000000001,-2.22677,-0.457138519714978,0.676469242150248,0.984768925293575,0.7528535183666901,-5.62208065141,False,False,False,False
hsa-miR-548ao-5p,-0.0580766666666666,1.04107692037827,-0.10445,-0.2765,0.20672,-0.431952138206637,0.676608938380993,0.984768925293575,0.7211108269680626,-5.64810522314788,False,False,False,False
hsa-miR-31-3p,0.0565199999999999,1.03995420511993,0.1809,-0.19735,0.18601,0.431504231750732,0.676921907911216,0.984768925293575,0.6997007360237856,-5.64829502329589,False,False,False,False
hsa-miR-6792-5p,0.0734366666666667,1.05222021099391,0.0083900000000001,-0.32929,0.54121,0.431918123676934,0.676963872928652,0.984768925293575,0.7992390758088811,-5.64784737053909,False,False,False,False
hsa-miR-548a-5p,-0.06239,1.04419416356569,-0.0863499999999999,0.25878,-0.3596,-0.4312883505604,0.677072776080418,0.984768925293575,0.7605900573076498,-5.64838643587413,False,False,False,False
hsa-miR-6759-3p,-0.0644833333333334,1.04571037660652,0.32496,-0.23421,-0.2842,-0.431071963615682,0.677224013123467,0.984768925293575,0.7725956435076566,-5.64847801888793,False,False,False,False
hsa-mir-6754,-0.0497833333333333,1.03510945747378,-0.0705899999999999,-0.03575,-0.04301,-0.430679275988733,0.677498509572819,0.984768925293575,0.04256155862517843,-5.64864410711138,True,False,False,False
hsa-mir-7155,0.0645600000000001,1.04576594847502,-0.31372,0.34596,0.16144,0.430476173240858,0.677640502367067,0.984768925293575,0.7737040807195793,-5.64872995336067,False,False,False,False
hsa-miR-6742-3p,-0.0522033333333333,1.03684722389395,0.01433,-0.20831,0.03737,-0.429249543607686,0.678498349953717,0.984768925293575,0.5737375163742671,-5.64924759775521,False,False,False,False
hsa-mir-6772,0.05991,1.04240073047128,-0.25569,0.27418,0.16124,0.429106399631818,0.678598490424159,0.984768925293575,0.7457346826128752,-5.64930791359343,False,False,False,False
hsa-let-7f-1,0.0516733333333333,1.0364663893546,0.0851599999999999,-0.08386,0.15372,0.428872977860613,0.678761801755605,0.984768925293575,0.5403533762843803,-5.64940622820445,False,False,False,False
hsa-mir-1286,0.0503733333333333,1.03553285913357,0.10062,-0.0386500000000001,0.08915,0.428691009188024,0.678889126829322,0.984768925293575,0.3762492562274375,-5.6494828359925,False,False,False,False
hsa-miR-6735-3p,-0.07105,1.05048095027532,0.21467,0.12751,-0.55533,-0.428743247461351,0.678928762974585,0.984768925293575,0.7978871891090182,-5.64939850719906,False,False,False,False
hsa-mir-148a,-0.0726500000000001,1.0516466171931,-0.0965100000000001,0.37477,-0.49621,-0.428828360666441,0.679121544619413,0.984768925293575,0.8000352083349981,-5.64915609741282,False,False,False,False
hsa-mir-298,0.0506966666666667,1.03576496626933,0.0395000000000001,-0.0364,0.14899,0.428134432938057,0.679278635583169,0.984768925293575,0.44556798330897834,-5.64971695915409,False,False,False,False
hsa-miR-3610,-0.05719,1.04043728097142,0.21423,-0.14864,-0.23716,-0.42796467403721,0.679397458183821,0.984768925293575,0.718964052873583,-5.64978831034927,False,False,False,False
hsa-mir-6501,-0.0528199999999999,1.03729050939313,0.0575700000000001,-0.23023,0.0142,-0.427888937614055,0.679450472878946,0.984768925293575,0.615185843277527,-5.64982013434989,False,False,False,False
hsa-miR-4456,0.0623366666666666,1.04415556266636,0.23676,0.25451,-0.30426,0.427029758241047,0.680052020994486,0.985131882750404,0.7662766373339431,-5.65018078056243,False,False,False,False
hsa-miR-4680-3p,0.0571966666666666,1.04044208882365,-0.0551700000000002,-0.10988,0.33664,0.42603492090008,0.680748850969976,0.985131882750404,0.7235766547681757,-5.65059750673288,False,False,False,False
hsa-miR-4448,0.0508766666666666,1.03589420309327,-0.0584800000000001,0.05162,0.15949,0.425840102169018,0.680885348891976,0.985131882750404,0.5036646756692942,-5.65067900559456,False,False,False,False
hsa-miR-1290,0.0518466666666666,1.03659092361985,-0.0086,0.20896,-0.04482,0.425825753005845,0.680895402989336,0.985131882750404,0.5801445389343065,-5.65068500689974,False,False,False,False
hsa-mir-1305,0.0639066666666666,1.04529247414144,-0.22668,-0.0223200000000001,0.44072,0.425299799478645,0.681263971792469,0.985131882750404,0.7768808944666477,-5.6509048453686,False,False,False,False
hsa-miR-6508-3p,-0.0587933333333334,1.04159420951541,-0.34982,-0.01257,0.18601,-0.425013518397683,0.681464624954428,0.985131882750404,0.7431043638598722,-5.65102439645747,False,False,False,False
hsa-mir-4732,-0.0596166666666667,1.04218880779239,0.02244,0.17383,-0.37512,-0.424861182445081,0.681571407460042,0.985131882750404,0.7506105842203696,-5.65108798071287,False,False,False,False
hsa-mir-7110,-0.04936,1.03480576747667,-0.08962,-0.05846,0.0,-0.424845546086742,0.681582368462669,0.985131882750404,0.20100142018633563,-5.65109450601939,False,False,False,False
hsa-miR-4270,-0.16756,1.12315730493024,-1.21883,0.43742,0.27873,-0.440427548195598,0.681852948743212,0.985131882750404,0.7808985616703502,-5.63507649764783,False,False,False,False
hsa-mir-4796,0.0628133333333333,1.04450060882574,0.13893,0.34745,-0.29794,0.424351553180189,0.681928695861372,0.985131882750404,0.7725464477746532,-5.6513005393559,False,False,False,False
hsa-mir-4478,0.0581633333333334,1.04113946261624,0.08487,0.3083,-0.21868,0.423460475372642,0.682553611661835,0.985712629251676,0.7399487199216876,-5.65167160962416,False,False,False,False
hsa-mir-583,-0.0579533333333333,1.04098792444008,-0.2556,0.23964,-0.1579,-0.422955656947238,0.682907757141789,0.98590209013418,0.7388067880980492,-5.6518815002202,False,False,False,False
hsa-miR-486-5p,-0.0719733333333335,1.05115347946626,0.42197,-0.42343,-0.214460000000001,-0.422545841006982,0.683518477264474,0.986109097666342,0.8037118658683604,-5.65178959181832,False,False,False,False
hsa-miR-4666a-5p,0.0570933333333333,1.0403675696107,0.2893,-0.20989,0.0918699999999999,0.421683139859214,0.683800833989314,0.986109097666342,0.7320362976085513,-5.65240952010644,False,False,False,False
hsa-mir-4518,-0.06403,1.04538183808336,0.02399,-0.45078,0.2347,-0.421461650917932,0.683956332857552,0.986109097666342,0.782023439856152,-5.65250126986482,False,False,False,False
hsa-miR-376c-5p,-0.0553866666666665,1.03913757241981,0.18502,-0.25774,-0.09344,-0.421156055555999,0.684170905715656,0.986109097666342,0.7099516416234743,-5.65262778439822,False,False,False,False
hsa-mir-141,-0.05032,1.03549457841813,-0.16279,0.06026,-0.04843,-0.420526412852812,0.684613102807373,0.986109097666342,0.5163722744008321,-5.65288817627995,False,False,False,False
hsa-miR-501-3p,-0.05747,1.04063922989503,0.2301,-0.27606,-0.12645,-0.4204825338125,0.684643923772892,0.986109097666342,0.7387230008260188,-5.6529063088135,False,False,False,False
hsa-mir-6747,-0.04939,1.0348272858814,0.03834,-0.1073,-0.07921,-0.420331088476573,0.684750304893318,0.986109097666342,0.3835468985411982,-5.65296887806569,False,False,False,False
hsa-mir-6810,0.0592366666666666,1.04191433565258,0.19772,-0.27137,0.25136,0.420210307805036,0.684835151273934,0.986109097666342,0.7553767825528706,-5.65301876286579,False,False,False,False
hsa-mir-3187,0.05382,1.0380097536274,-0.15157,0.06965,0.24338,0.419846410238658,0.685090811682731,0.986156109785494,0.6840641197360484,-5.6531689769929,False,False,False,False
hsa-mir-211,0.0615399999999999,1.04357913155988,-0.0799700000000001,-0.16726,0.43185,0.418571805144945,0.685986637433048,0.98617081022116,0.7731942046856657,-5.65369414421223,False,False,False,False
hsa-miR-3124-5p,-0.0504466666666667,1.03558549742804,-0.05698,-0.17107,0.07671,-0.418204186158684,0.686245107050046,0.98617081022116,0.5540875427815017,-5.65384532851138,False,False,False,False
hsa-mir-338,-0.0488133333333333,1.03441373268028,0.0161500000000001,-0.05433,-0.10826,-0.417916281775436,0.68644756045358,0.98617081022116,0.3081236539456285,-5.65396364136687,False,False,False,False
hsa-mir-4638,-0.05079,1.03583197594303,0.03356,0.0228700000000002,-0.2088,-0.417244501688288,0.686920057770265,0.98617081022116,0.5864336996906865,-5.65423940331203,False,False,False,False
hsa-miR-3678-3p,-0.0640033333333333,1.04536251550264,0.25937,-0.45138,0.0,-0.416965267457511,0.687116500217986,0.98617081022116,0.7870561053815681,-5.65435390269242,False,False,False,False
hsa-miR-1183,0.05193,1.03665080118884,0.20882,0.0733300000000001,-0.12636,0.416007108724843,0.687790759405243,0.98617081022116,0.6470691652895384,-5.65474623670766,False,False,False,False
hsa-mir-200b,0.0495366666666668,1.03493249341271,-0.0697699999999999,0.12125,0.0971300000000002,0.415843364159295,0.687906016443511,0.98617081022116,0.49619663748093973,-5.65481319834537,False,False,False,False
hsa-miR-301a-5p,0.0502066666666665,1.03541323659643,-0.0941500000000001,0.13284,0.11193,0.415810743990251,0.687928978258057,0.98617081022116,0.5598784828610522,-5.65482653501502,False,False,False,False
hsa-mir-7856,0.0522266666666668,1.03686399340993,0.21903,-0.1325,0.0701500000000002,0.415542748465202,0.688117637153226,0.98617081022116,0.6591933343298737,-5.65493606642371,False,False,False,False
hsa-miR-548j-3p,-0.0485233333333334,1.03420582329811,-0.04792,0.0134799999999999,-0.11113,-0.415445599986113,0.688186031762177,0.98617081022116,0.3098059201865231,-5.65497575493358,False,False,False,False
hsa-mir-4682,-0.05025,1.03544433712668,-0.13824,-0.10937,0.09686,-0.415380992250715,0.688231518666303,0.98617081022116,0.5672707970524613,-5.65500214451495,False,False,False,False
hsa-miR-4299,0.0591366666666667,1.04184211815706,-0.28353,0.213,0.24794,0.414843847474168,0.688609745810274,0.98617081022116,0.7632844187926506,-5.65522139399869,False,False,False,False
hsa-mir-7704,-0.0785,1.05591960807994,-0.56234,0.44477,-0.11793,-0.416643883681534,0.688629094023365,0.98617081022116,0.8128748354929975,-5.65345006170026,False,False,False,False
hsa-miR-92b-3p,-0.0835266666666667,1.05960508088509,0.540970000000001,-0.38388,-0.40767,-0.417517771360309,0.688629777922409,0.98617081022116,0.8141873728400586,-5.65259312447687,False,False,False,False
hsa-miR-6720-3p,-0.0478466666666667,1.03372086390162,-0.0599000000000001,-0.0564499999999999,-0.02719,-0.413943234622448,0.689244114027228,0.98617081022116,0.04395274131516072,-5.65558839377617,True,False,False,False
hsa-miR-6078,-0.0510366666666667,1.03600909380744,-0.20791,0.10052,-0.0457200000000001,-0.413734907315977,0.689390891298239,0.98617081022116,0.6245041552248292,-5.65567317856606,False,False,False,False
hsa-miR-548ag,-0.0521933333333333,1.03684003704156,0.13616,-0.22503,-0.0677099999999999,-0.413562334052896,0.68951248851625,0.98617081022116,0.6671433128379656,-5.65574338131599,False,False,False,False
hsa-miR-503-3p,0.05827,1.04121644283619,0.34692,-0.2288,0.0566899999999999,0.413213014752561,0.689758652258986,0.98617081022116,0.7593686917150435,-5.65588539858328,False,False,False,False
hsa-mir-6083,-0.05933,1.04198174316483,0.18392,-0.39981,0.0379,-0.413074386380556,0.689856353850402,0.98617081022116,0.7673548064805809,-5.65594172673915,False,False,False,False
hsa-mir-675,-0.0489699999999999,1.0345260689304,-0.16133,0.0003300000000001,0.01409,-0.412589012447269,0.690198480823726,0.98617081022116,0.47624925456463385,-5.65613880381336,False,False,False,False
hsa-miR-7152-5p,0.0485,1.03418909677353,0.0971,0.0905199999999999,-0.0421199999999999,0.412520499559019,0.690246779760378,0.98617081022116,0.3968267369949808,-5.65616660435287,False,False,False,False
hsa-miR-3611,0.0524766666666667,1.03704368381688,0.0822100000000001,0.22579,-0.15057,0.412463883328753,0.69028669314271,0.98617081022116,0.6794695323227231,-5.65618957424229,False,False,False,False
hsa-mir-6894,0.0593166666666666,1.04197211325323,0.26999,0.19997,-0.29201,0.411781613601053,0.690767760860181,0.98617081022116,0.7691990184120877,-5.65646614220444,False,False,False,False
hsa-mir-196b,-0.0730466666666667,1.05193580548264,-0.2613,0.45705,-0.41489,-0.412619452788475,0.690857673482694,0.98617081022116,0.8112487352656796,-5.65558233764884,False,False,False,False
hsa-mir-215,0.0509833333333333,1.03597079548695,-0.02806,0.23651,-0.0555000000000001,0.410960825882238,0.6913466938789,0.98617081022116,0.6389049110694154,-5.65679828007089,False,False,False,False
hsa-miR-1538,0.0477466666666667,1.03364921431461,0.0438700000000001,0.09937,0.0,0.410467161730793,0.691694997288765,0.98617081022116,0.23865488312607666,-5.65699773961462,False,False,False,False
hsa-miR-6891-3p,-0.07754,1.05521721040977,0.43213,-0.57666,-0.08809,-0.41167046510532,0.692115557817204,0.98617081022116,0.8150017825118431,-5.65549712176413,False,False,False,False
hsa-miR-5584-5p,0.0479033333333333,1.03376146753884,0.05793,-0.0244600000000001,0.11024,0.409273441202134,0.692537543346299,0.98617081022116,0.346239656766243,-5.6574791011482,False,False,False,False
hsa-mir-3977,-0.0504800000000001,1.03560942481005,0.0928599999999999,-0.0303200000000001,-0.21398,-0.409180718878683,0.692603007083218,0.98617081022116,0.6282930101562887,-5.65751643478518,False,False,False,False
hsa-miR-105-3p,0.0613066666666667,1.04341036262381,-0.13003,0.45364,-0.13969,0.409046854898484,0.692697522423438,0.98617081022116,0.7842394774163399,-5.65757031938256,False,False,False,False
hsa-mir-8072,0.0525533333333334,1.03709879511397,-0.17546,0.13244,0.20068,0.409009646967842,0.692723794279298,0.98617081022116,0.6941937077629496,-5.65758529378542,False,False,False,False
hsa-mir-3621,-0.0520866666666667,1.03676338038227,-0.26366,-0.00017,0.10757,-0.408999531524149,0.692730936689399,0.98617081022116,0.6831825550019244,-5.65758936453969,False,False,False,False
hsa-miR-3650,-0.0637466666666667,1.04517655392453,-0.49199,0.11474,0.18601,-0.408861654115187,0.692828293732282,0.98617081022116,0.7949052374174386,-5.65764484088658,False,False,False,False
hsa-miR-4435,0.0501833333333334,1.03539649054398,-0.11272,0.17763,0.08564,0.408716567287718,0.692930747940235,0.98617081022116,0.6173275806047771,-5.6577031986832,False,False,False,False
hsa-miR-6857-3p,0.05259,1.03712515372614,0.14142,0.19482,-0.17847,0.40871056522387,0.692934986488536,0.98617081022116,0.6960437019487946,-5.65770561244654,False,False,False,False
hsa-miR-21-3p,-0.0487733333333333,1.03438505303937,0.02224,-0.17327,0.0047099999999999,-0.408435065260911,0.69312955182437,0.98617081022116,0.5165922993781877,-5.65781636976717,False,False,False,False
hsa-mir-591,-0.0485233333333333,1.03420582329811,-0.0497000000000001,-0.15369,0.05782,-0.406924226426306,0.694196972677211,0.986698065140579,0.5101223161970685,-5.65842249054986,False,False,False,False
hsa-mir-3194,-0.05812,1.04110819102762,0.28537,-0.26349,-0.19624,-0.406724889593083,0.694337859715847,0.986698065140579,0.7686726269108748,-5.65850230022612,False,False,False,False
hsa-mir-6165,0.0629066666666667,1.04456818365908,0.39526,-0.33177,0.12523,0.405962214999451,0.694877017570669,0.986698065140579,0.7948153844042787,-5.6588073110612,False,False,False,False
hsa-miR-34b-3p,-0.0500166666666668,1.03527688375985,0.1267,-0.1511,-0.12565,-0.405698018763971,0.695063828652444,0.986698065140579,0.6294960842210438,-5.65891284125869,False,False,False,False
hsa-mir-3179-1,0.05618,1.03970914794682,-0.21783,0.32728,0.0590900000000001,0.405359248562451,0.69530340254536,0.986698065140579,0.7552402617537332,-5.65904806290107,False,False,False,False
hsa-mir-3179-3,0.05618,1.03970914794682,-0.21783,0.32728,0.0590900000000001,0.405359248562451,0.69530340254536,0.986698065140579,0.7552402617537332,-5.65904806290107,False,False,False,False
hsa-mir-3179-2,0.05618,1.03970914794682,-0.21783,0.32728,0.0590900000000001,0.405359248562451,0.69530340254536,0.986698065140579,0.7552402617537332,-5.65904806290107,False,False,False,False
hsa-miR-4753-5p,0.0479166666666667,1.03377102156761,0.11851,0.0792599999999999,-0.05402,0.405237934449476,0.69538920309227,0.986698065140579,0.4556438643202824,-5.65909645966177,False,False,False,False
hsa-miR-6733-3p,-0.0495666666666666,1.03495401445267,-0.21395,0.05406,0.01119,-0.405069499963243,0.695508337639797,0.986698065140579,0.6114550990675216,-5.65916363150381,False,False,False,False
hsa-mir-3921,-0.0489366666666667,1.03450216657894,-0.1471,-0.09765,0.0979399999999999,-0.404141089725019,0.696165166796365,0.986826392284953,0.5801974974356082,-5.65953340231679,False,False,False,False
hsa-mir-5190,0.0497333333333333,1.03507358393533,0.22451,-0.0606,-0.01471,0.403554000468902,0.696580658746369,0.986826392284953,0.6303128633869335,-5.6597668109231,False,False,False,False
hsa-miR-181b-5p,0.0626499999999999,1.04438236338621,0.45368,-0.279940000000001,0.0142100000000003,0.40347441323236,0.696636992156491,0.986826392284953,0.7965200664844407,-5.65979842733209,False,False,False,False
hsa-miR-4729,-0.0532533333333333,1.0376021206857,0.18606,-0.07931,-0.26651,-0.403444339633262,0.696658279357768,0.986826392284953,0.7243090106201184,-5.65981037265709,False,False,False,False
hsa-mir-154,0.0475099999999999,1.0334796634095,0.01986,-0.0204200000000001,0.14309,0.402849193644765,0.697079603896406,0.986826392284953,0.4359765524116587,-5.66004659092945,False,False,False,False
hsa-mir-4476,0.0489966666666667,1.03454519120921,0.18782,-0.0841800000000001,0.04335,0.402763620765776,0.697140193032931,0.986826392284953,0.596530661459622,-5.66008052801954,False,False,False,False
hsa-miR-3529-5p,0.0472800000000001,1.03331491523382,-0.03445,0.05786,0.11843,0.402423180496988,0.697381261511437,0.986826392284953,0.398900703798562,-5.66021547377306,False,False,False,False
hsa-miR-3619-3p,-0.0515133333333333,1.03635144792754,-0.05396,0.14669,-0.24727,-0.402218814221032,0.697525992320083,0.986826392284953,0.6949899079138984,-5.66029642916812,False,False,False,False
hsa-mir-874,0.0533133333333334,1.03764527424211,-0.0109699999999999,-0.13946,0.31037,0.402104069219702,0.69760725967498,0.986826392284953,0.7287581628401691,-5.66034186570516,False,False,False,False
hsa-mir-628,0.08805,1.0629325121539,0.63764,-0.53249,0.159,0.405052160426732,0.698291881605187,0.987082664372674,0.8196932153969851,-5.65697524918073,False,False,False,False
hsa-miR-4653-5p,0.04702,1.03312870978991,0.0854400000000002,-0.03847,0.0940899999999999,0.400700345749705,0.698601769976593,0.987082664372674,0.3866874657302325,-5.66089670385045,False,False,False,False
hsa-miR-4695-3p,-0.0502766666666667,1.03546347637884,-0.2448,0.0939700000000001,0.0,-0.400576378933843,0.698689627554038,0.987082664372674,0.6679011452612301,-5.66094561379186,False,False,False,False
hsa-miR-1203,0.0511433333333333,1.03608569469597,0.11706,-0.16884,0.20521,0.399878032744208,0.699184647874605,0.987082664372674,0.6949426872743553,-5.661220868582,False,False,False,False
hsa-miR-5009-3p,0.0542266666666666,1.03830238890666,0.2314,-0.23544,0.16672,0.399845979515924,0.699207372341005,0.987082664372674,0.7460357787588736,-5.66123349138257,False,False,False,False
hsa-mir-6733,0.0502633333333333,1.03545390670854,-0.03308,0.25325,-0.06938,0.399823560941566,0.699223266410262,0.987082664372674,0.67105127983386,-5.66124231940783,False,False,False,False
hsa-miR-122-3p,0.06935,1.04924384484503,0.52541,-0.3813,0.06394,0.399319931457459,0.700042797215497,0.987082664372674,0.8158633989499577,-5.66107872746742,False,False,False,False
hsa-miR-5579-5p,0.0606999999999999,1.04297169111272,0.29272,-0.34599,0.23537,0.398460273762324,0.700190088122178,0.987082664372674,0.7941261163451422,-5.66177826479672,False,False,False,False
hsa-miR-374c-5p,0.0507,1.03576735939731,0.08601,0.22074,-0.15465,0.39841207325767,0.700224281724081,0.987082664372674,0.6896057147075405,-5.66179718159347,False,False,False,False
hsa-miR-4713-5p,-0.0735833333333333,1.05232718680746,-0.60241,0.37026,0.0114000000000001,-0.399698601232191,0.700238711822806,0.987082664372674,0.8197800473298384,-5.66056548145884,False,False,False,False
hsa-mir-3142,-0.05056,1.03566685278252,-0.16651,0.16594,-0.15111,-0.398237438690983,0.700348174116868,0.987082664372674,0.6866327638506272,-5.6618657003874,False,False,False,False
hsa-miR-181b-3p,-0.0602,1.04261028729929,-0.44929,0.0502199999999999,0.21847,-0.398069854073118,0.700467073903539,0.987082664372674,0.7923366945510049,-5.66193142600089,False,False,False,False
hsa-miR-548j-5p,-0.0514566666666667,1.03631074256219,0.18632,-0.2019,-0.13879,-0.397401542275781,0.700941321732024,0.987321771694017,0.7104441524022574,-5.66219326964458,False,False,False,False
hsa-mir-4302,0.0471766666666666,1.03324090648789,0.10851,0.10018,-0.0671600000000001,0.397138628476672,0.701127928705097,0.987321771694017,0.4963401145225465,-5.66229616321141,False,False,False,False
hsa-miR-6755-5p,-0.0500466666666667,1.03529841196127,0.14596,-0.2084,-0.0877000000000001,-0.396886955591507,0.7013065773159,0.987321771694017,0.6779020064077474,-5.66239459634248,False,False,False,False
hsa-mir-6769b,-0.04904,1.03457626566613,0.13202,-0.11071,-0.16843,-0.395889836866952,0.702014569068296,0.987416951380313,0.6474728373406773,-5.6627839961959,False,False,False,False
hsa-mir-516b-1,-0.0538433333333334,1.03802654194562,0.1577,0.0186,-0.33783,-0.39587462477554,0.702025372603608,0.987416951380313,0.7501681120945879,-5.66278992961858,False,False,False,False
hsa-miR-34a-3p,0.0532000000000001,1.03756376347552,-0.22573,0.15327,0.23206,0.39575476328654,0.702110500007306,0.987416951380313,0.7427454615379812,-5.66283667351541,False,False,False,False
hsa-miR-6500-3p,0.0476966666666666,1.03361339138345,0.191,-0.0137,-0.0342100000000001,0.395271020073218,0.702454106652,0.987416951380313,0.575303433237914,-5.66302518689356,False,False,False,False
hsa-mir-7156,0.0477,1.03361577954023,0.15087,0.0832799999999998,-0.0910499999999999,0.395219555067477,0.702490666902412,0.987416951380313,0.5761041939715053,-5.66304522963739,False,False,False,False
hsa-miR-6792-3p,-0.0608233333333333,1.0430608566467,0.35732,-0.23295,-0.30684,-0.394181290720873,0.703228414335671,0.987866425670943,0.7995055732283891,-5.663449040473,False,False,False,False
hsa-miR-95-5p,-0.0487833333333333,1.03439222287505,-0.0112099999999999,0.08978,-0.22492,-0.393414787771037,0.703773272301489,0.987866425670943,0.6514738721854817,-5.6637465011083,False,False,False,False
hsa-miR-3156-5p,-0.0519466666666667,1.03666277711769,-0.11813,0.20199,-0.2397,-0.393238713439085,0.703898457797012,0.987866425670943,0.7314030446834174,-5.66381475263186,False,False,False,False
hsa-mir-4275,0.0537933333333333,1.03799056731047,-0.23495,0.27581,0.12052,0.392801392325866,0.704209425962053,0.987866425670943,0.7559865843590956,-5.66398414405612,False,False,False,False
hsa-mir-4255,0.04974,1.03507836700195,-0.1493,0.0817299999999999,0.21679,0.392685378251836,0.704291930535314,0.987866425670943,0.6874276720216352,-5.664029050426,False,False,False,False
hsa-miR-4471,0.05146,1.03631313695119,-0.05463,0.30587,-0.09686,0.392290793238451,0.704572574526267,0.987866425670943,0.7261354757122025,-5.6641816898207,False,False,False,False
hsa-miR-1256,0.0543100000000001,1.03836236533662,0.32516,0.06172,-0.22395,0.390959215149677,0.70551999597948,0.987866425670943,0.764604113980522,-5.66469570311063,False,False,False,False
hsa-miR-1224-3p,-0.0475933333333334,1.03353936125986,-0.0898999999999999,-0.15921,0.10633,-0.390758165238751,0.705663090676027,0.987866425670943,0.6102567106082308,-5.66477316613038,False,False,False,False
hsa-miR-34b-5p,0.04969,1.03504249454099,0.11494,-0.16462,0.19875,0.390438955944407,0.705890309170651,0.987866425670943,0.695354941361812,-5.66489607642818,False,False,False,False
hsa-mir-3202-1,-0.0466266666666667,1.03284707815079,0.0540399999999999,-0.0315400000000001,-0.16238,-0.390265277807952,0.70601394923419,0.987866425670943,0.535912197153896,-5.66496290997827,False,False,False,False
hsa-mir-548x,0.0562266666666666,1.03974277982577,-0.0868500000000001,0.40958,-0.15405,0.389608079323656,0.706481886849699,0.987866425670943,0.7817051033187794,-5.66521554965697,False,False,False,False
hsa-miR-134-3p,-0.0665066666666666,1.04717798062608,-0.56556,0.27524,0.0908,-0.389425075608403,0.706940505344051,0.987866425670943,0.818736446438781,-5.66503329993686,False,False,False,False
hsa-miR-3960,0.0495333333333334,1.03493010221368,0.271090000000001,-0.0943000000000005,-0.0281900000000004,0.387598031092974,0.707913895259379,0.987866425670943,0.7025207516503895,-5.66598571058705,False,False,False,False
hsa-miR-4724-3p,-0.04495,1.0316474245066,-0.04932,-0.0903400000000001,0.0048099999999999,-0.38665327370719,0.70858738802025,0.987866425670943,0.24440135288930417,-5.66634637644148,False,False,False,False
hsa-mir-6796,-0.05951,1.04211175568261,-0.40524,0.3174,-0.0906899999999999,-0.386451166701087,0.708731499939224,0.987866425670943,0.8027937623312079,-5.66642342190815,False,False,False,False
hsa-mir-199b,-0.0516833333333334,1.03647357361705,-0.30879,-0.0127900000000001,0.16653,-0.38640984644231,0.708760964774698,0.987866425670943,0.7450102002682315,-5.66643916888674,False,False,False,False
hsa-mir-6504,0.0482533333333333,1.03401229005888,-0.06378,-0.03477,0.24331,0.386244295935942,0.708879021457989,0.987866425670943,0.6708552806884256,-5.66650224325579,False,False,False,False
hsa-mir-4466,-0.04481,1.03154731767338,-0.0277499999999999,-0.01535,-0.0913300000000001,-0.386145524984397,0.708949460537231,0.987866425670943,0.19720835469318068,-5.66653986238522,True,False,False,False
hsa-miR-4691-5p,0.0586166666666667,1.04146666786219,-0.21266,0.45461,-0.0661,0.386030316834014,0.709031625631489,0.987866425670943,0.7994428418246413,-5.66658373029957,False,False,False,False
hsa-mir-5691,-0.0545966666666667,1.03856871071442,-0.27771,0.27414,-0.16022,-0.385910782520964,0.709116880339644,0.987866425670943,0.7758273625953085,-5.66662923218402,False,False,False,False
hsa-miR-4463,0.0492566666666668,1.03473165195195,0.19176,-0.17165,0.12766,0.385695636401889,0.709270338548001,0.987866425670943,0.7030299645714263,-5.66671109547205,False,False,False,False
hsa-mir-106a,0.0503733333333333,1.03553285913357,0.19997,0.15056,-0.19941,0.3854127282545,0.70947215097733,0.987866425670943,0.7273738396777354,-5.66681867544329,False,False,False,False
hsa-mir-4477b,0.0454566666666666,1.03200979710969,-0.0531300000000001,0.0931900000000001,0.0963099999999999,0.385400505931485,0.709480870312438,0.987866425670943,0.4538570926931687,-5.66682332144992,False,False,False,False
hsa-mir-148b,-0.0491466666666666,1.03465276061358,0.01433,0.10367,-0.26544,-0.385343150132278,0.709521788213513,0.987866425670943,0.7016592437258512,-5.66684512191183,False,False,False,False
hsa-mir-3200,0.0450466666666666,1.03171655156116,0.07838,-0.0323800000000001,0.08914,0.384962716012846,0.709793216890217,0.987866425670943,0.36585072786936346,-5.66698964275183,False,False,False,False
hsa-miR-532-3p,0.0621466666666667,1.04401805855905,0.47838,0.02813,-0.320069999999999,0.384936756569369,0.709879342949514,0.987866425670943,0.8132094929796522,-5.66694792542639,False,False,False,False
hsa-miR-487b-5p,-0.0559066666666667,1.03951218307228,-0.40706,0.201,0.0383399999999998,-0.384250858329907,0.710301224001357,0.987866425670943,0.7874587698250866,-5.66725969723136,False,False,False,False
hsa-miR-1539,-0.04514,1.03178329931931,0.0436099999999999,-0.10434,-0.0746899999999999,-0.383988550091904,0.71048845507814,0.987866425670943,0.42310078194578393,-5.66735908677225,False,False,False,False
hsa-miR-100-5p,0.237466666666667,1.17892069006639,1.67255,-1.04929,0.08914,0.401110331821468,0.710779673412818,0.987866425670943,0.7918980747353425,-5.65076407013337,False,False,False,False
hsa-mir-941-3,0.0502433333333333,1.03543955236891,0.29795,-0.0214099999999999,-0.12581,0.383231960372471,0.711028611822022,0.987866425670943,0.7315157399224326,-5.66764539553226,False,False,False,False
hsa-mir-941-1,0.0502433333333333,1.03543955236891,0.29795,-0.0214099999999999,-0.12581,0.383231960372471,0.711028611822022,0.987866425670943,0.7315157399224326,-5.66764539553226,False,False,False,False
hsa-mir-941-4,0.0502433333333333,1.03543955236891,0.29795,-0.0214099999999999,-0.12581,0.383231960372471,0.711028611822022,0.987866425670943,0.7315157399224326,-5.66764539553226,False,False,False,False
hsa-mir-941-2,0.0502433333333333,1.03543955236891,0.29795,-0.0214099999999999,-0.12581,0.383231960372471,0.711028611822022,0.987866425670943,0.7315157399224326,-5.66764539553226,False,False,False,False
hsa-miR-506-5p,-0.0495366666666666,1.03493249341271,0.18454,-0.12056,-0.21259,-0.382742755300682,0.711377964698144,0.987866425670943,0.7198294448596958,-5.66783023130956,False,False,False,False
hsa-mir-128-2,0.0464033333333333,1.03268720283338,0.13459,-0.10732,0.11194,0.382128752387261,0.711816540437857,0.987866425670943,0.6085772702311274,-5.66806189775426,False,False,False,False
hsa-miR-7108-3p,0.0448933333333333,1.03160690390385,-0.0492300000000001,0.0823,0.10161,0.381225228991069,0.712462123309292,0.987866425670943,0.4434730937393801,-5.66840215074795,False,False,False,False
hsa-mir-3118-5,0.04439,1.0312470554537,0.06191,0.0899099999999999,-0.0186500000000001,0.380836415279076,0.71274001263102,0.987866425670943,0.3057414678863074,-5.6685483333792,False,False,False,False
hsa-miR-17-5p,0.0465099999999996,1.0327635581065,0.21133,-0.01633,-0.0554700000000015,0.380058318809015,0.713296262365339,0.987866425670943,0.6323213265176296,-5.66884044371228,False,False,False,False
hsa-miR-655-3p,0.0459966666666667,1.03239615013888,-0.10039,0.14519,0.0931900000000001,0.379905385764366,0.713405613237107,0.987866425670943,0.6008714437223941,-5.66889778967573,False,False,False,False
hsa-mir-548h-1,-0.0443733333333333,1.03123514208937,-0.0098,-0.11999,-0.00333,-0.379456396466757,0.713726691940324,0.987866425670943,0.36184250826127634,-5.66906602072549,True,False,False,False
hsa-mir-4505,-0.05002,1.03527927576012,-0.26131,0.18987,-0.0786200000000001,-0.379129273378476,0.713960660255816,0.987866425670943,0.7393879975529092,-5.66918846929268,False,False,False,False
hsa-miR-7162-5p,0.0441699999999999,1.0310898101258,0.0667599999999999,0.08827,-0.0225200000000001,0.378646351052805,0.714306119223656,0.987866425670943,0.322612958264943,-5.66936905065893,False,False,False,False
hsa-mir-548ao,0.0457866666666668,1.0322458845546,-0.10201,0.12621,0.11316,0.378500019006875,0.714410811719704,0.987866425670943,0.5991441821613182,-5.6694237255113,False,False,False,False
hsa-let-7b,0.0584733333333335,1.04136320214722,0.40085,-0.32679,0.10136,0.378169669976219,0.714647181652744,0.987866425670943,0.8078261208112063,-5.66954708080051,False,False,False,False
hsa-miR-3664-3p,-0.0436533333333333,1.03072061612476,-0.05467,-0.01712,-0.05917,-0.377430299815301,0.715176330317288,0.987866425670943,0.08194779040073831,-5.66982279226845,True,False,False,False
hsa-miR-6828-5p,0.04415,1.03107551628498,0.12148,0.01163,-0.0006600000000001,0.377302541581291,0.715267780146504,0.987866425670943,0.37338753227405885,-5.66987038070293,False,False,False,False
hsa-miR-6790-3p,0.0449966666666667,1.03168079560982,0.08276,0.12763,-0.0753999999999999,0.377150230651513,0.715376811225145,0.987866425670943,0.5409442902016321,-5.66992709444432,False,False,False,False
hsa-miR-8062,-0.04671,1.03290673946054,-0.19466,0.12744,-0.0729099999999998,-0.376081784737374,0.716141846879868,0.987866425670943,0.6681842581597228,-5.67032431541185,False,False,False,False
hsa-mir-4472-1,-0.04445,1.03128994470489,-0.14094,0.03922,-0.03163,-0.375856933113804,0.716302889724992,0.987866425670943,0.48562276796109954,-5.67040777121104,False,False,False,False
hsa-mir-517c,0.0440599999999999,1.0310111964534,0.02687,0.12492,-0.0196100000000001,0.375536134958589,0.716532677150341,0.987866425670943,0.4096675132315356,-5.67052675520532,False,False,False,False
hsa-mir-223,-0.0457266666666668,1.03220295554782,0.11165,-0.15197,-0.0968600000000002,-0.37506799915453,0.716868057047088,0.987866425670943,0.6264044140424022,-5.67070021101559,False,False,False,False
hsa-miR-5001-3p,-0.0581533333333334,1.04113224601242,0.23138,0.0682,-0.47404,-0.374473031463163,0.717294394811824,0.987866425670943,0.8106273158961919,-5.67092036021136,False,False,False,False
hsa-mir-6086,0.0551,1.03893111401918,0.21407,0.26928,-0.31805,0.374467699259856,0.717298216197367,0.987866425670943,0.7962951316262663,-5.67092233170338,False,False,False,False
hsa-miR-7161-5p,-0.0475966666666668,1.0335417492456,-0.25424,-0.00601,0.11746,-0.374324450040665,0.717400880559175,0.987866425670943,0.705705115619925,-5.67097528555179,False,False,False,False
hsa-miR-642b-5p,0.0446666666666666,1.03144483740777,0.12765,0.0840099999999999,-0.07766,0.374047741544021,0.717599210142042,0.987866425670943,0.5486701606996185,-5.67107751897367,False,False,False,False
hsa-miR-6514-5p,-0.0499266666666668,1.0352123018415,-0.17016,0.22545,-0.20507,-0.373637816367616,0.717893063701057,0.987866425670943,0.7522545538353937,-5.67122883700735,False,False,False,False
hsa-mir-1976,0.0431166666666667,1.03033727071155,0.0512900000000001,0.04721,0.03085,0.373249386094774,0.71817155440896,0.987866425670943,0.020343127946490944,-5.67137207289906,True,False,False,False
hsa-miR-6873-5p,0.0463166666666666,1.0326251683307,0.22451,-0.09372,0.0081599999999999,0.372955415440801,0.718382350466572,0.987866425670943,0.6704386395302693,-5.67148038076929,False,False,False,False
hsa-mir-548o-2,-0.0493799999999999,1.03482011303011,-0.30781,0.0241800000000001,0.13549,-0.372856346102047,0.718453395349558,0.987866425670943,0.7463399397400984,-5.67151686243682,False,False,False,False
hsa-miR-5092,0.07392,1.05257278606241,-0.44324,0.0463199999999999,0.61868,0.374968645212044,0.718525876752031,0.987866425670943,0.8320826925586982,-5.66954549456564,False,False,False,False
hsa-mir-6823,-0.0503933333333334,1.03554721476671,0.14405,0.0382199999999999,-0.33345,-0.372450096475091,0.718744756420671,0.987866425670943,0.7610232341550831,-5.6716663635962,False,False,False,False
hsa-miR-3691-3p,0.0510033333333333,1.03598515719122,-0.0936300000000001,-0.1071,0.35374,0.372252832254117,0.718886251258378,0.987866425670943,0.7683014454670238,-5.67173890077397,False,False,False,False
hsa-mir-4524a,-0.0451366666666666,1.03178091539645,-0.18601,0.0765899999999999,-0.02599,-0.372033812649038,0.719043364321546,0.987866425670943,0.6145647026854371,-5.67181939433585,False,False,False,False
hsa-miR-8085,-0.0458933333333333,1.03232220719733,0.01101,-0.22111,0.0724200000000002,-0.371880507362794,0.719153345796264,0.987866425670943,0.6587377023496171,-5.6718757095469,False,False,False,False
hsa-miR-598-3p,-0.0437066666666666,1.03075872035382,-0.07193,0.04447,-0.10366,-0.371842707972552,0.719180464204098,0.987866425670943,0.43412645544105766,-5.67188959134649,False,False,False,False
hsa-miR-539-5p,-0.0526033333333334,1.03713473884211,-0.01226,-0.36169,0.21614,-0.371681133663371,0.71929638715195,0.987866425670943,0.7838542398905752,-5.67194891405696,False,False,False,False
hsa-miR-4768-3p,0.0653166666666667,1.04631457708901,-0.0313999999999999,0.56624,-0.33889,0.372288297441493,0.719360185709217,0.987866425670943,0.828757187630682,-5.67135336458109,False,False,False,False
hsa-miR-6864-5p,-0.05693,1.04024979206275,-0.46404,0.20969,0.0835600000000001,-0.371559748229523,0.719383481268529,0.987866425670943,0.8089142848254808,-5.67199346488905,False,False,False,False
hsa-mir-3913-1,0.0490733333333333,1.03460016972966,0.17855,0.18356,-0.21489,0.371314168795975,0.71955969786902,0.987866425670943,0.7457398127554127,-5.67208355443021,False,False,False,False
hsa-mir-3913-2,0.0490733333333333,1.03460016972966,0.17855,0.18356,-0.21489,0.371314168795975,0.71955969786902,0.987866425670943,0.7457398127554127,-5.67208355443021,False,False,False,False
hsa-mir-4663,0.0435433333333333,1.03064203060093,0.07718,0.09371,-0.04026,0.37124789753437,0.719607254134367,0.987866425670943,0.41034025596910617,-5.6721078558552,False,False,False,False
hsa-miR-5692c,0.0652633333333333,1.04627589780401,0.28162,0.37766,-0.46349,0.371903499110458,0.719635658579523,0.987866425670943,0.8289557378289669,-5.67149546001346,False,False,False,False
hsa-mir-1288,-0.0539766666666666,1.03812248040164,0.30904,-0.20921,-0.26176,-0.370688217823879,0.720008931704252,0.987866425670943,0.7949067365441478,-5.67231292144548,False,False,False,False
hsa-miR-7-5p,0.0450233333333333,1.03169986529632,0.12148,-0.11083,0.12442,0.370398893472659,0.72021661340925,0.987866425670943,0.621821828650466,-5.67241881232512,False,False,False,False
hsa-mir-4765,0.0442199999999999,1.03112554559478,-0.0580700000000001,0.15786,0.03287,0.370251759819039,0.720322237726729,0.987866425670943,0.5531002806992547,-5.67247263171525,False,False,False,False
hsa-mir-4453,-0.0442566666666667,1.03115175239251,-0.15898,-0.0377400000000001,0.06395,-0.36983875191885,0.720618761701906,0.987866425670943,0.5631375607842686,-5.67262359388246,False,False,False,False
hsa-miR-585-3p,-0.0435166666666666,1.03062298046719,0.04877,-0.09765,-0.0816699999999999,-0.369836627676112,0.720620286956377,0.987866425670943,0.4471002845021233,-5.672624369913,False,False,False,False
hsa-mir-5095,-0.102783333333333,1.07384318771092,0.66185,-0.72774,-0.24246,-0.377370648323779,0.72072647228648,0.987866425670943,0.8242816928403918,-5.66566345974261,False,False,False,False
hsa-mir-4782,-0.0474533333333334,1.03343907084086,-0.00336,0.12671,-0.26571,-0.369494754682441,0.720865776704007,0.987866425670943,0.7208120516212688,-5.67274920726602,False,False,False,False
hsa-mir-7702,-0.0448233333333333,1.03155685123897,-0.18033,-0.0384,0.08426,-0.369433068876528,0.720910075248601,0.987866425670943,0.6170168124872455,-5.67277172041336,False,False,False,False
hsa-mir-6873,-0.0477533333333333,1.03365399079924,-0.27254,-0.00461,0.13389,-0.369416560151437,0.720921930879109,0.987866425670943,0.7276433274839323,-5.67277774490159,False,False,False,False
hsa-mir-3689e,-0.0448733333333334,1.03159260289464,0.05538,-0.20291,0.01291,-0.36821771509852,0.721783085995299,0.987866425670943,0.631168727089057,-5.67321454201328,False,False,False,False
hsa-mir-4657,-0.0457766666666667,1.03223872959615,0.14281,-0.15998,-0.12016,-0.367984709209557,0.721950507548806,0.987866425670943,0.6774550292466186,-5.67329927826633,False,False,False,False
hsa-mir-4436b-2,-0.0485833333333333,1.03424883560355,0.21711,-0.18488,-0.17798,-0.367031544165226,0.722635549015209,0.987866425670943,0.7496660396364178,-5.67364537263674,False,False,False,False
hsa-mir-4436b-1,-0.0485833333333333,1.03424883560355,0.21711,-0.18488,-0.17798,-0.367031544165226,0.722635549015209,0.987866425670943,0.7496660396364178,-5.67364537263674,False,False,False,False
hsa-mir-557,0.04341,1.03054678345333,0.02688,-0.04281,0.14616,0.366138373109769,0.723277712219112,0.987866425670943,0.5138299518634081,-5.67396889673855,False,False,False,False
hsa-mir-449a,0.0442633333333334,1.03115651733639,-0.05901,0.18807,0.00373,0.365839175030836,0.723492878400312,0.987866425670943,0.6111183188426779,-5.67407710199134,False,False,False,False
hsa-mir-6126,-0.0425833333333333,1.02995644757403,-0.02559,-0.10256,0.0003999999999999,-0.365666118107229,0.723617342901894,0.987866425670943,0.30224257646996744,-5.67413964919434,False,False,False,False
hsa-miR-138-1-3p,-0.0663333333333334,1.04705217444986,-0.28576,-0.39802,0.48478,-0.366382150032457,0.72384433787568,0.987866425670943,0.8333119960210134,-5.67333324654386,False,False,False,False
hsa-miR-4452,0.0587866666666666,1.04158939633927,0.29636,-0.39998,0.27998,0.365428473213301,0.723852122564455,0.987866425670943,0.8217226706807744,-5.67417852159406,False,False,False,False
hsa-miR-128-2-5p,0.0428266666666666,1.03013018066758,-0.00842,0.1306,0.0062999999999999,0.364617613665109,0.724371624521727,0.987866425670943,0.4338540889536789,-5.67451799443974,False,False,False,False
hsa-mir-197,-0.05518,1.03898872619031,-0.21714,-0.29303,0.34463,-0.364431199336293,0.724505762048133,0.987866425670943,0.8095300955067246,-5.67458515085062,False,False,False,False
hsa-miR-4462,0.0869300000000002,1.06210765146045,-0.5347,0.72321,0.0722800000000001,0.369219158603274,0.724581981480571,0.987866425670943,0.8331312133130196,-5.67022738567522,False,False,False,False
hsa-miR-5011-5p,-0.0450700000000001,1.03173323809587,-0.12205,0.1378,-0.15096,-0.363962668654262,0.724842945382169,0.987866425670943,0.672088694628284,-5.67475379420563,False,False,False,False
hsa-miR-6791-3p,0.05831,1.04124531188607,-0.23859,-0.09207,0.50559,0.363870767115931,0.72497264146261,0.987866425670943,0.821747603623274,-5.67474023832924,False,False,False,False
hsa-mir-4317,-0.0516466666666667,1.03644723156484,0.194,0.0285299999999999,-0.37747,-0.363651359381303,0.725067017596777,0.987866425670943,0.7896980217721417,-5.6748657312685,False,False,False,False
hsa-miR-4701-5p,-0.0540466666666667,1.03817285164057,-0.36129,0.30116,-0.10201,-0.363193141401899,0.725396881648784,0.987866425670943,0.8054960037626152,-5.67503032377634,False,False,False,False
hsa-miR-3189-3p,0.04306,1.03029680156846,0.07518,-0.06667,0.12067,0.362762742370901,0.725706774341299,0.987866425670943,0.5250430687659864,-5.67518474108742,False,False,False,False
hsa-miR-4479,-0.0699766666666667,1.04969970623663,0.51673,-0.28009,-0.44657,-0.364420895343448,0.725856991228842,0.987866425670943,0.8358044336895968,-5.67360010709024,False,False,False,False
hsa-mir-4752,-0.04599,1.0323913794667,-0.15665,0.17139,-0.15271,-0.362036708082157,0.726229648873496,0.987866425670943,0.7133714177556332,-5.6754448246486,False,False,False,False
hsa-mir-5187,0.0452933333333333,1.03189296572537,0.0132699999999999,0.23079,-0.10818,0.36186557270943,0.726352919007124,0.987866425670943,0.6926303834611882,-5.67550605627849,False,False,False,False
hsa-miR-6773-5p,0.0425899999999999,1.02996120699441,-0.04549,0.05612,0.11714,0.361653613768818,0.72650560632923,0.987866425670943,0.4639914736273421,-5.67558185565491,False,False,False,False
hsa-miR-665,-0.0715433333333334,1.05084022640126,0.35978,-0.66303,0.0886199999999999,-0.363663946220242,0.726591780658974,0.987866425670943,0.8368533922532086,-5.67373394964675,False,False,False,False
hsa-miR-548e-3p,0.0417499999999999,1.02936169318925,0.0706399999999998,0.0327599999999999,0.0218499999999999,0.360843168924897,0.727089539433642,0.987866425670943,0.10585765633525765,-5.67587128587757,True,False,False,False
hsa-mir-135b,0.04768,1.03360145068229,0.12235,0.22948,-0.20879,0.36082203798497,0.727104766992086,0.987866425670943,0.7523730557703352,-5.67587882387313,False,False,False,False
hsa-mir-1199,0.0485966666666667,1.03425839413658,0.1528,-0.23373,0.22672,0.360530961729701,0.727314537861914,0.987866425670943,0.7659900329708991,-5.67598261547436,False,False,False,False
hsa-miR-6855-3p,0.0577733333333333,1.04085805213003,-0.0807100000000001,-0.24842,0.50245,0.360564813675324,0.727353059670631,0.987866425670943,0.8232943837540859,-5.6759247026807,False,False,False,False
hsa-mir-1973,-0.04413,1.03106122264231,-0.20582,0.0734299999999999,0.0,-0.36042125018317,0.727393610332328,0.987866425670943,0.650223669632991,-5.67602171527008,False,False,False,False
hsa-mir-365a,0.0986633333333333,1.0707809170798,0.14402,0.77329,-0.62132,0.367201564857111,0.727666604206446,0.987866425670943,0.8295151727050454,-5.6697459378834,False,False,False,False
hsa-miR-4269,0.0431,1.0303253678574,0.15175,-0.0766199999999999,0.05417,0.359504808695318,0.728054252244133,0.987866425670943,0.5815933332377006,-5.67634787396956,False,False,False,False
hsa-mir-6831,-0.0449966666666667,1.03168079560982,0.15593,-0.11374,-0.17718,-0.357882295737836,0.729224472960517,0.987866425670943,0.7025317543409678,-5.6769233524196,False,False,False,False
hsa-miR-142-5p,-0.04242,1.02983984864454,-0.0477999999999998,-0.14068,0.06122,-0.356706393232502,0.7300730487555,0.987866425670943,0.5427823618336316,-5.67733885222622,False,False,False,False
hsa-miR-636,0.0559633333333333,1.03955301418737,0.29029,-0.37939,0.25699,0.356477079635852,0.730300716073652,0.987866425670943,0.8213073186096888,-5.67737481828732,False,False,False,False
hsa-miR-224-5p,0.06466,1.04583843795916,-0.44391,0.1277,0.51019,0.357320929170051,0.730351399377772,0.987866425670943,0.837271264601126,-5.6765987182155,False,False,False,False
hsa-miR-1273a,-0.0445799999999999,1.03138287753515,0.11194,-0.0163,-0.22938,-0.355959651168834,0.730612129858678,0.987866425670943,0.6980925408641638,-5.67760202347325,False,False,False,False
hsa-miR-4667-3p,-0.0504233333333333,1.03556874858957,-0.34389,0.24667,-0.0540499999999999,-0.354527820571892,0.731646225230234,0.987866425670943,0.7952974317806658,-5.67810514529723,False,False,False,False
hsa-miR-4264,0.0473966666666667,1.03339847986661,-0.21991,0.24545,0.11665,0.354266554413592,0.731834979124523,0.987866425670943,0.7651724037902821,-5.67819673826875,False,False,False,False
hsa-miR-3975,-0.042,1.029540083434,-0.15567,0.0313400000000001,-0.0016699999999999,-0.353421230758041,0.732445822068052,0.987866425670943,0.541907217921979,-5.67849263854004,False,False,False,False
hsa-mir-4260,-0.0436466666666666,1.03071585319517,0.10744,-0.0275399999999999,-0.21084,-0.352259686012252,0.733285498958801,0.987866425670943,0.6826719550251876,-5.6788981140455,False,False,False,False
hsa-mir-4502,0.05433,1.03837676019532,0.46299,-0.239,-0.0609999999999999,0.351705422005977,0.733686308167553,0.987866425670943,0.8206197005857927,-5.67909114277992,False,False,False,False
hsa-mir-7978,-0.04263,1.02998976397856,0.0865199999999999,-0.03668,-0.17773,-0.351402217963847,0.733905602905254,0.987866425670943,0.6327323151339465,-5.67919661251062,False,False,False,False
hsa-miR-4720-5p,-0.0418866666666667,1.02945920935928,-0.13915,-0.06522,0.0787100000000001,-0.350209616286778,0.734768411317795,0.987866425670943,0.5798121112733251,-5.67961060525599,False,False,False,False
hsa-mir-6856,-0.0435766666666667,1.03066584376328,0.12925,-0.05935,-0.20063,-0.350012093421566,0.734911351058802,0.987866425670943,0.6930925919776181,-5.67967904062908,False,False,False,False
hsa-mir-3688-2,0.0414133333333334,1.02912150983256,0.13224,0.0433300000000001,-0.0513300000000001,0.349992258080167,0.734925705738664,0.987866425670943,0.5163928881721453,-5.67968591087637,False,False,False,False
hsa-mir-7158,0.0453266666666667,1.03191680779079,0.0455100000000002,-0.16359,0.25406,0.349887087891437,0.735001818408969,0.987866425670943,0.743085256025597,-5.67972233173903,False,False,False,False
hsa-mir-4699,-0.04136,1.02908346612654,-0.0111999999999999,-0.14251,0.02963,-0.349874531352355,0.735010905902633,0.987866425670943,0.5092908076321225,-5.67972667941105,False,False,False,False
hsa-mir-4798,-0.0421833333333333,1.02967092259493,-0.0114699999999999,-0.17835,0.0632699999999999,-0.349775253913478,0.735082757115006,0.987866425670943,0.6146174133832956,-5.67976104866956,False,False,False,False
hsa-miR-504-5p,-0.0412666666666668,1.02901689302504,0.0333,-0.0191400000000002,-0.13796,-0.349471290844993,0.735302764935467,0.987866425670943,0.5008899228708896,-5.67986622013677,False,False,False,False
hsa-mir-379,0.0576066666666667,1.040737814438,0.28196,0.31591,-0.42505,0.349034753941691,0.735679501127172,0.987866425670943,0.8336965027108965,-5.67997389394252,False,False,False,False
hsa-miR-27b-3p,-0.20439,1.15219907123327,1.28418,-0.84187,-1.05548,-0.364356150926058,0.735780181755728,0.987866425670943,0.810007446565532,-5.66619746457349,False,False,False,False
hsa-mir-520e,-0.04327,1.0304467834218,0.06195,0.03762,-0.22938,-0.348676503190549,0.735878152282349,0.987866425670943,0.688450295856528,-5.68014079877118,False,False,False,False
hsa-miR-4274,0.05726,1.0404877645279,0.53406,-0.13611,-0.22617,0.348196103903154,0.736286590873622,0.987866425670943,0.8335209251243708,-5.68026344672452,False,False,False,False
hsa-mir-3150a,-0.0448633333333334,1.03158545246438,-0.22952,-0.0796100000000001,0.17454,-0.34785940030676,0.736469878088537,0.987866425670943,0.740231913714489,-5.68042245539118,False,False,False,False
hsa-miR-2681-3p,-0.0435733333333333,1.03066346242229,-0.01318,0.11183,-0.22937,-0.347858112022757,0.73647081117868,0.987866425670943,0.7046362326512126,-5.68042289895919,False,False,False,False
hsa-mir-7515,-0.0452066666666666,1.03183097893326,-0.16805,0.20026,-0.16783,-0.34766733756129,0.736608992143177,0.987866425670943,0.7479579796889669,-5.68048856678922,False,False,False,False
hsa-miR-6801-5p,0.0641233333333333,1.04544946992856,0.36458,0.3301,-0.50231,0.348761261855343,0.736614802957424,0.987866425670943,0.8420115344194485,-5.67954325078213,False,False,False,False
hsa-miR-7106-5p,-0.0523133333333333,1.03692628255817,-0.0157700000000001,-0.41326,0.27209,-0.347237947996128,0.736920042776306,0.987866425670943,0.8169659274626588,-5.68063624232963,False,False,False,False
hsa-mir-323b,-0.0634366666666666,1.04495199508523,-0.42827,-0.24964,0.4876,-0.347437876996231,0.737561229432714,0.987866425670943,0.8419816051361666,-5.68000932856218,False,False,False,False
hsa-miR-5580-5p,0.0438133333333334,1.03083493303796,-0.16805,0.12962,0.16987,0.346069242321756,0.73776691435039,0.987866425670943,0.7208416086059835,-5.68103728755772,False,False,False,False
hsa-miR-518b,0.05708,1.04035795461716,-0.30519,-0.0395299999999998,0.51596,0.34555812109398,0.738197472052312,0.987866425670943,0.8354339848484178,-5.68116983867383,False,False,False,False
hsa-mir-4419a,0.0425333333333333,1.02992075262219,0.0338700000000001,0.19924,-0.10551,0.34527642166964,0.738341625983482,0.987866425670943,0.6768619191230105,-5.68130860062664,False,False,False,False
hsa-mir-8073,0.0479533333333334,1.03379729560202,0.26249,0.14396,-0.26259,0.344904144208941,0.738611547909298,0.987866425670943,0.7914277120749059,-5.68143579049536,False,False,False,False
hsa-mir-6079,-0.04604,1.03242716004542,0.13893,0.0382,-0.31525,-0.344769975745718,0.738708836903411,0.987866425670943,0.7699373709864917,-5.68148159700564,False,False,False,False
hsa-mir-7973-2,0.0423033333333334,1.02975657177656,-0.07466,-0.0084599999999999,0.21003,0.344379165734698,0.738992251549928,0.987866425670943,0.6715248636502738,-5.68161492515803,False,False,False,False
hsa-miR-3660,0.0429033333333333,1.03018492456248,0.22288,0.01133,-0.1055,0.344328028807799,0.739029339062138,0.987866425670943,0.6989619341053448,-5.68163236010905,False,False,False,False
hsa-miR-6761-5p,-0.05102,1.0359971254302,-0.43281,0.14217,0.13758,-0.344150978445306,0.739157751980257,0.987866425670943,0.8143048859218278,-5.681692705403,False,False,False,False
hsa-miR-152-5p,-0.0423600000000001,1.0297970196999,-0.03962,-0.19644,0.10898,-0.343823180382934,0.739395523530151,0.987866425670943,0.6783611092787947,-5.68180435164712,False,False,False,False
hsa-miR-3689d,0.05475,1.03867909832974,-0.25506,0.49146,-0.0721499999999999,0.343799911353947,0.739472139156881,0.987866425670943,0.8301714255051229,-5.68177023733724,False,False,False,False
hsa-miR-4285,-0.04428,1.03116842979241,-0.25139,0.16082,-0.04227,-0.342717412161298,0.740197821317971,0.987866425670943,0.7455435146413119,-5.68218020938913,False,False,False,False
hsa-miR-489-5p,-0.0416366666666666,1.02928083312773,0.0878700000000001,-0.0282,-0.18458,-0.342104958728787,0.740642335575313,0.987866425670943,0.6505360556374717,-5.68238788102417,False,False,False,False
hsa-mir-5191,-0.0451099999999999,1.03176184421184,0.20383,-0.09734,-0.24182,-0.341764191808028,0.740889706240084,0.987866425670943,0.7638820204326559,-5.68250327280623,False,False,False,False
hsa-miR-16-1-3p,0.0498333333333333,1.03514533225554,-0.23242,0.39419,-0.01227,0.341263878205629,0.741252953154441,0.987866425670943,0.8114479872054564,-5.68267248879366,False,False,False,False
hsa-miR-4436a,-0.0394133333333334,1.02769583291883,-0.03041,-0.0443200000000001,-0.0435100000000002,-0.341247292158607,0.741264996434826,0.987866425670943,0.012829498688502706,-5.68267809440613,True,False,False,False
hsa-miR-3168,0.0403233333333333,1.02834427086981,-0.0046799999999998,0.14423,-0.01858,0.3410515898847,0.741407103323386,0.987866425670943,0.5199763236518822,-5.68274421625705,False,False,False,False
hsa-miR-1226-3p,-0.0617800000000001,1.04375275094459,-0.18578,-0.46657,0.46701,-0.341912630966099,0.741469978028241,0.987866425670943,0.8439653721087749,-5.68197028139566,False,False,False,False
hsa-let-7a-3p,-0.0402366666666666,1.02828249725118,0.05427,-0.0575399999999999,-0.11744,-0.340849177503538,0.741554093686837,0.987866425670943,0.5077967048953843,-5.68281256654163,False,False,False,False
hsa-miR-135b-5p,0.0510166666666667,1.03599473177134,0.43595,-0.0762099999999999,-0.20669,0.340438969435682,0.741852018042178,0.987866425670943,0.8190932933073379,-5.68295096421678,False,False,False,False
hsa-mir-7843,0.0403833333333333,1.02838703939507,-0.0668599999999999,0.12271,0.0652999999999999,0.34030651429509,0.741948226865962,0.987866425670943,0.5465321933392366,-5.68299561794253,False,False,False,False
hsa-mir-149,0.0446933333333333,1.03146390273279,0.0506800000000001,0.26533,-0.18193,0.339889722888974,0.742250994618033,0.987866425670943,0.7623087256918548,-5.68313601808807,False,False,False,False
hsa-miR-4328,-0.0471433333333333,1.03321703382964,-0.29242,0.2503,-0.09931,-0.339191254342965,0.742758485822867,0.987866425670943,0.794589752424188,-5.68337092955465,False,False,False,False
hsa-miR-3940-3p,0.0478833333333334,1.03374713666124,0.37697,-0.06867,-0.16465,0.339112049070183,0.742816042936365,0.987866425670943,0.8011361736146101,-5.68339753855815,False,False,False,False
hsa-mir-3960,0.04465,1.03143292175858,0.22608,0.11532,-0.20745,0.339021583791353,0.742881784590224,0.987866425670943,0.7640683450495196,-5.68342792298282,False,False,False,False
hsa-mir-7159,-0.04308,1.03031108461392,0.11544,0.00739,-0.25207,-0.338936510552243,0.742943609846995,0.987866425670943,0.7309606135856408,-5.68345648921482,False,False,False,False
hsa-miR-376b-5p,-0.0393766666666667,1.02766971395355,-0.0822100000000001,-0.04479,0.0088700000000001,-0.33889255407947,0.742975555095884,0.987866425670943,0.27474242712930524,-5.68347124636893,False,False,False,False
hsa-mir-933,-0.0440466666666666,1.03100166793072,-0.23015,-0.0907900000000001,0.1888,-0.33848671743074,0.743270520593287,0.987866425670943,0.7548637568965552,-5.68360740691621,False,False,False,False
hsa-miR-548b-5p,-0.0407766666666666,1.02866745489286,-0.12007,-0.10419,0.10193,-0.33807986752306,0.743566267423614,0.987866425670943,0.6260022603056876,-5.68374374848797,False,False,False,False
hsa-miR-495-5p,-0.0399,1.02804256570579,-0.14052,0.0429199999999998,-0.0220999999999998,-0.336990741880181,0.74435819412822,0.987866425670943,0.5348753792047412,-5.68410794771034,False,False,False,False
hsa-mir-146b,-0.04219,1.0296756806959,-0.19046,0.14982,-0.0859299999999998,-0.336319020725817,0.744846777072995,0.987866425670943,0.7157810905501951,-5.68433199981444,False,False,False,False
hsa-mir-548ar,0.0423233333333333,1.0297708473328,0.21505,-0.14571,0.0576300000000001,0.335424441211883,0.745497647378348,0.987866425670943,0.7244968608508195,-5.68462971225706,False,False,False,False
hsa-miR-6876-3p,-0.0515666666666667,1.03638976032019,0.32816,-0.0880400000000001,-0.39482,-0.334649770937625,0.746061449395432,0.987866425670943,0.828530653172229,-5.68488689732966,False,False,False,False
hsa-mir-4643,0.03879,1.0272519007764,0.0633600000000001,0.06942,-0.01641,0.333649509867413,0.746789674179116,0.987866425670943,0.2958094629467984,-5.68521812269611,False,False,False,False
hsa-miR-1293,0.0430166666666667,1.03026585564921,0.27647,-0.0438399999999999,-0.10358,0.333504386384014,0.746895351421501,0.987866425670943,0.7503729634539612,-5.68526609873509,False,False,False,False
hsa-mir-4640,-0.0387833333333332,1.02724715387565,-0.0324099999999998,-0.0940399999999999,0.0101,-0.333156668267556,0.747148578702983,0.987866425670943,0.32811654552968156,-5.68538096758633,False,False,False,False
hsa-miR-6505-5p,-0.0389266666666667,1.02734921707608,-0.00119,0.0,-0.11559,-0.332774251148481,0.747427113086893,0.987866425670943,0.41673681343936286,-5.68550716487043,False,False,False,False
hsa-miR-6859-5p,-0.0400966666666667,1.0281827169367,-0.1723,-0.02481,0.0768200000000001,-0.332123112041123,0.747901461778944,0.987866425670943,0.6350025849830315,-5.68572171617426,False,False,False,False
hsa-mir-3121,0.0641733333333333,1.04548570307405,0.16808,-0.49577,0.52021,0.333763938804683,0.747927548895537,0.987866425670943,0.8493900751668952,-5.68433792802907,False,False,False,False
hsa-miR-3941,-0.0386766666666667,1.02717120644666,0.01046,-0.0301800000000001,-0.0963100000000001,-0.332083160619711,0.747930569702554,0.987866425670943,0.33979570017129,-5.68573486693417,False,False,False,False
hsa-miR-6835-3p,-0.06222,1.0440711281739,0.45729,-0.10442,-0.53953,-0.333265609938097,0.747975323176586,0.987866425670943,0.8492583318389009,-5.68472108992487,False,False,False,False
hsa-miR-608,0.0411966666666668,1.02896696602521,0.00496,0.21835,-0.0997199999999998,0.331840444110547,0.748107417970312,0.987866425670943,0.7028057744243893,-5.68581472859289,False,False,False,False
hsa-miR-452-3p,0.0407233333333333,1.02862942797196,-0.00292,0.20971,-0.0846199999999999,0.330745527744146,0.74890539204505,0.987866425670943,0.6881165303449163,-5.68617428656792,False,False,False,False
hsa-mir-4744,0.04092,1.02876965920877,0.2197,-0.08149,-0.01545,0.330643725363386,0.748979601760828,0.987866425670943,0.6981899607223412,-5.68620765862856,False,False,False,False
hsa-miR-4437,0.0415266666666667,1.02920235737768,-0.10903,-0.0020500000000001,0.23566,0.330413953205587,0.74914710627745,0.987866425670943,0.723006511426245,-5.68628294404473,False,False,False,False
hsa-miR-4733-5p,-0.0389866666666666,1.02739194421736,-0.12409,0.04884,-0.0417099999999999,-0.330367018548015,0.749181323495737,0.987866425670943,0.5167197687030779,-5.68629831604578,False,False,False,False
hsa-mir-4499,-0.0411333333333334,1.0289217960651,-0.16227,0.1479,-0.10903,-0.330288449832858,0.749238604502158,0.987866425670943,0.709369781094726,-5.68632404405795,False,False,False,False
hsa-miR-6736-3p,-0.0402566666666666,1.02829675237227,-0.0658399999999999,0.10972,-0.16465,-0.3302222035935,0.749286903007133,0.987866425670943,0.66562126016333,-5.68634573234657,False,False,False,False
hsa-miR-545-5p,-0.04453,1.03134713314788,-0.26189,-0.0971,0.2254,-0.330154005873663,0.749336625507419,0.987866425670943,0.7851072455143482,-5.68636805511169,False,False,False,False
hsa-mir-3664,0.0411866666666667,1.02895983379442,0.0860099999999999,-0.14491,0.18246,0.330052184529125,0.749410865067889,0.987866425670943,0.7127791637719285,-5.686401375364,False,False,False,False
hsa-mir-1911,0.0392766666666666,1.02759848378575,-0.07907,0.10598,0.0909199999999999,0.329953086435463,0.749483121708555,0.987866425670943,0.5760600517874572,-5.68643379486173,False,False,False,False
hsa-miR-7843-3p,0.0570533333333334,1.04033872489667,0.57114,-0.26411,-0.13587,0.330172877883805,0.749675306077746,0.987866425670943,0.8464946283992509,-5.68612117234915,False,False,False,False
hsa-miR-6810-3p,0.04009,1.02817796573467,-0.11672,0.10616,0.13083,0.329483463992705,0.749825578901656,0.987866425670943,0.66121795944252,-5.68658730107103,False,False,False,False
hsa-miR-3908,-0.04721,1.03326477969772,-0.38911,0.18434,0.0631400000000002,-0.329279209925751,0.749974542934362,0.987866425670943,0.8120969226430617,-5.6866539995967,False,False,False,False
hsa-miR-4798-5p,-0.0392000000000001,1.02754387733398,-0.14884,-0.0256900000000002,0.0569299999999999,-0.329161175693729,0.750060631235726,0.987866425670943,0.5793638427489631,-5.68669252497623,False,False,False,False
hsa-miR-519e-3p,0.0423800000000001,1.02981129581687,-0.0919999999999999,-0.05631,0.27545,0.329122375020717,0.750088931324629,0.987866425670943,0.7518587902187822,-5.68670518625707,False,False,False,False
hsa-mir-5089,-0.0442866666666667,1.03117319481335,0.2245,-0.26606,-0.0912999999999999,-0.328075997385622,0.750852279301968,0.987866425670943,0.7868630604407874,-5.6870460888431,False,False,False,False
hsa-mir-650,0.0486699999999999,1.03431096764734,0.42833,-0.09765,-0.18467,0.32790352732435,0.750978126576026,0.987866425670943,0.8231078703096335,-5.68710217708307,False,False,False,False
hsa-miR-3177-3p,0.05758,1.04071857769627,-0.12251,-0.28501,0.58026,0.328339656422278,0.7510954123735,0.987866425670943,0.8484283787629954,-5.68666406549749,False,False,False,False
hsa-miR-654-5p,-0.0433833333333333,1.03052773508011,-0.30879,0.06707,0.11157,-0.327474738136259,0.751291037838709,0.987866425670943,0.7757675437545226,-5.68724149748483,False,False,False,False
hsa-miR-3677-5p,-0.0390000000000001,1.02740143937896,0.0022099999999999,0.03808,-0.15729,-0.327396164676786,0.751348382515261,0.987866425670943,0.5826359067739084,-5.68726700803029,False,False,False,False
hsa-mir-4539,-0.0443666666666667,1.03123037678217,0.16827,0.0223,-0.32367,-0.327241688191863,0.751461127676018,0.987866425670943,0.7897403726126435,-5.68731714475328,False,False,False,False
hsa-mir-3161,-0.0412533333333334,1.02900738293354,-0.2139,0.1535,-0.0633600000000001,-0.32581425385822,0.75250324275693,0.987866425670943,0.736136705801999,-5.68777934262174,False,False,False,False
hsa-mir-4253,0.0399866666666666,1.02810432491064,0.02789,0.19415,-0.10208,0.325645261254911,0.752626653270567,0.987866425670943,0.6867759164667828,-5.68783393169943,False,False,False,False
hsa-miR-4295,0.0463433333333333,1.03264425547307,-0.29544,0.21445,0.22002,0.325574462450559,0.752678357863142,0.987866425670943,0.8116821572716127,-5.68785679339705,False,False,False,False
hsa-mir-7109,0.0389133333333334,1.02733972239712,-0.0421100000000001,-0.00851,0.16736,0.325006987145372,0.753092834436465,0.987866425670943,0.6099231114254009,-5.68803986260018,False,False,False,False
hsa-miR-3656,0.0473333333333332,1.03335311537031,0.35979,-0.273800000000001,0.0560100000000006,0.324527105652853,0.753443399544524,0.987866425670943,0.8200450352621955,-5.68819443134736,False,False,False,False
hsa-mir-5707,0.0437533333333333,1.03079206270978,-0.13579,-0.0596800000000001,0.32673,0.324346716750352,0.753575193630815,0.987866425670943,0.7888004966213151,-5.6882524767494,False,False,False,False
hsa-miR-6747-3p,0.0860100000000001,1.06143056620034,0.39618,-0.69376,0.55561,0.330141857663361,0.753667963558059,0.987866425670943,0.8469114040285324,-5.68339531861856,False,False,False,False
hsa-miR-5580-3p,-0.0435433333333333,1.03064203060093,-0.32575,0.0831900000000001,0.11193,-0.323895076308212,0.753905204388838,0.987866425670943,0.7871599999934944,-5.68839766754774,False,False,False,False
hsa-miR-523-3p,0.0478866666666667,1.03374952512704,0.42655,-0.16545,-0.11744,0.323721933229043,0.754031733067679,0.987866425670943,0.8244038545786473,-5.68845327640579,False,False,False,False
hsa-miR-545-3p,0.0375433333333333,1.02636461170271,-0.0018,0.0794900000000001,0.03494,0.323529980078601,0.75417201684006,0.987866425670943,0.25126190019089945,-5.68851489273291,False,False,False,False
hsa-mir-661,0.0375733333333334,1.02638595457672,0.0403600000000002,-0.01051,0.08287,0.323287200200048,0.754349459739039,0.987866425670943,0.29851429385059514,-5.68859277334243,False,False,False,False
hsa-miR-6894-3p,0.08649,1.06178377420519,-0.53174,-0.0319400000000001,0.82315,0.329072900044046,0.754510811235682,0.987866425670943,0.8472127112622495,-5.68370788976759,False,False,False,False
hsa-let-7d,-0.0375866666666666,1.02639544044096,-0.0150699999999999,0.0007000000000001,-0.09839,-0.322789316930603,0.754713400669995,0.987866425670943,0.34597049255312773,-5.68875230982577,False,False,False,False
hsa-miR-302e,0.0427833333333332,1.03009923975295,-0.0948600000000002,0.31068,-0.0874700000000002,0.322572110601656,0.75487219362901,0.987866425670943,0.7797242227302277,-5.68882183417849,False,False,False,False
hsa-mir-4646,-0.0404466666666666,1.02843218587922,-0.11187,0.15787,-0.16734,-0.322516088248595,0.754913151866757,0.987866425670943,0.7261454079914575,-5.68883975867067,False,False,False,False
hsa-miR-597-3p,-0.0380933333333333,1.02675596825184,0.0621,-0.11428,-0.0621,-0.32213216466412,0.755193862421072,0.987866425670943,0.542213766571694,-5.68896251445664,False,False,False,False
hsa-miR-5189-3p,0.0850433333333334,1.06071960106444,-0.66064,0.65871,0.25706,0.327926106645692,0.755252787202971,0.987866425670943,0.8477824761473528,-5.68415475396396,False,False,False,False
hsa-miR-5008-3p,-0.0383233333333334,1.02691967069157,0.0765399999999998,-0.11968,-0.0718300000000001,-0.322028433302487,0.755269713494609,0.987866425670943,0.5830249019020713,-5.68899565712089,False,False,False,False
hsa-miR-3925-5p,0.0705233333333333,1.05009753429866,-0.44173,0.71126,-0.05796,0.324895656550336,0.755351609905283,0.987866425670943,0.8544569992213865,-5.68660119744335,False,False,False,False
hsa-mir-1284,-0.0399066666666668,1.02804731628214,0.13856,-0.0812300000000001,-0.17705,-0.321526828588215,0.755636539417095,0.987866425670943,0.7108513399635454,-5.68915577563882,False,False,False,False
hsa-miR-6501-5p,0.0413166666666666,1.02905255665094,-0.0269900000000001,0.26838,-0.11744,0.321129564915352,0.755927106637555,0.987866425670943,0.7567480746806869,-5.68928241479322,False,False,False,False
hsa-mir-1184-2,-0.0406666666666666,1.02858902590878,0.04128,-0.25243,0.0891500000000001,-0.321106850859868,0.755943721426267,0.987866425670943,0.7399648518602651,-5.68928965094208,False,False,False,False
hsa-mir-1184-3,-0.0406666666666666,1.02858902590878,0.04128,-0.25243,0.0891500000000001,-0.321106850859868,0.755943721426267,0.987866425670943,0.7399648518602651,-5.68928965094208,False,False,False,False
hsa-mir-1184-1,-0.0406666666666666,1.02858902590878,0.04128,-0.25243,0.0891500000000001,-0.321106850859868,0.755943721426267,0.987866425670943,0.7399648518602651,-5.68928965094208,False,False,False,False
hsa-mir-4719,-0.0373333333333333,1.02621522401074,-0.02261,-0.09765,0.0082600000000001,-0.320490555412663,0.756394577899196,0.987866425670943,0.3570528682312246,-5.68948579761182,False,False,False,False
hsa-mir-1238,0.0449133333333333,1.03162120511132,0.33184,-0.23305,0.0359499999999999,0.320431810047834,0.756437558739353,0.987866425670943,0.8089068190118295,-5.68950447518966,False,False,False,False
hsa-mir-3923,0.0376666666666667,1.02645235746747,0.12394,0.01955,-0.0304900000000001,0.320341476127493,0.756503652979901,0.987866425670943,0.4947441143527718,-5.68953318957062,False,False,False,False
hsa-mir-644a,-0.0384133333333334,1.02698373527252,-0.16689,0.0565399999999999,-0.0048899999999998,-0.32024257292946,0.756576019491897,0.987866425670943,0.6225570319929391,-5.68956461882344,False,False,False,False
hsa-miR-605-3p,0.04175,1.02936169318925,0.21177,0.11433,-0.20085,0.320093952965683,0.756684768042762,0.987866425670943,0.7693083837858947,-5.68961182920095,False,False,False,False
hsa-miR-6734-3p,0.0424366666666666,1.02985174588972,0.0240399999999998,0.28321,-0.17994,0.319929111371253,0.75680539301115,0.987866425670943,0.7815020806409477,-5.68966416756035,False,False,False,False
hsa-mir-1202,-0.0543533333333333,1.03839355444935,-0.0987899999999999,-0.46794,0.40367,-0.320225733268925,0.756826803150311,0.987866425670943,0.8495740026490113,-5.68941092668661,False,False,False,False
hsa-mir-34c,0.04375,1.03078968107716,-0.2507,0.1368,0.24515,0.319867732914532,0.756850309287055,0.987866425670943,0.7986692643775839,-5.68968364894365,False,False,False,False
hsa-miR-6737-5p,-0.0490033333333334,1.03454997183413,0.27356,0.0137799999999999,-0.43435,-0.319847403747325,0.756865186227923,0.987866425670943,0.8347111215789256,-5.68969010057308,False,False,False,False
hsa-mir-4442,-0.0374566666666667,1.02630295700408,-0.11986,0.0074899999999997,0.0,-0.319563489788482,0.757072966419102,0.987866425670943,0.45978183537038697,-5.68978016129647,False,False,False,False
hsa-miR-17-3p,0.0455399999999999,1.03206941005479,0.15177,0.27601,-0.29116,0.319144573314045,0.757379585184335,0.987866425670943,0.8161105636463318,-5.68991290413101,False,False,False,False
hsa-miR-624-3p,0.0432233333333334,1.03041345223436,0.04549,0.29399,-0.20981,0.319067485698156,0.757436013087016,0.987866425670943,0.7943452866142313,-5.68993731255574,False,False,False,False
hsa-mir-4293,0.0444000000000001,1.03125420353837,-0.24202,0.0648700000000002,0.31035,0.318856746055113,0.757590281699053,0.987866425670943,0.8071986893128391,-5.69000401021927,False,False,False,False
hsa-miR-5088-5p,0.0396733333333333,1.02788105917086,0.01206,0.2198,-0.11284,0.3179777848723,0.758233834765383,0.987866425670943,0.7222092036624002,-5.69028173270847,False,False,False,False
hsa-mir-553,0.0442533333333333,1.03114936992883,-0.27503,0.20518,0.20261,0.317890562112912,0.758297707908505,0.987866425670943,0.807649430853936,-5.69030925147929,False,False,False,False
hsa-mir-6756,0.0447866666666667,1.03153063414562,-0.278,0.13966,0.2727,0.317785574226931,0.758374593033057,0.987866425670943,0.8124938225504414,-5.69034236539423,False,False,False,False
hsa-miR-8052,-0.04512,1.03176899586476,0.0164899999999999,-0.36487,0.21302,-0.317776943642278,0.758380913541491,0.987866425670943,0.8151707124579803,-5.69034508706725,False,False,False,False
hsa-mir-454,0.0400966666666666,1.0281827169367,-0.0157700000000001,-0.10659,0.24265,0.3176826135631,0.758449996328494,0.987866425670943,0.7384180453163086,-5.6903748295628,False,False,False,False
hsa-miR-524-3p,0.0448966666666667,1.03160928742466,-0.27377,0.30051,0.10795,0.31676651721242,0.759121019917692,0.987866425670943,0.815116064074458,-5.69066322954725,False,False,False,False
hsa-miR-4699-5p,0.0394400000000001,1.0277148289469,0.0698100000000001,0.18788,-0.13937,0.316726949593143,0.759150007319064,0.987866425670943,0.7201741800834041,-5.69067566771294,False,False,False,False
hsa-miR-4326,-0.0369833333333334,1.02596629284129,0.0338500000000002,-0.0932900000000001,-0.0515100000000002,-0.31635213486987,0.759424618047383,0.987866425670943,0.42710539657645613,-5.69079341644618,False,False,False,False
hsa-miR-4519,0.03811,1.02676782987043,0.17642,-0.06209,0.0,0.315992741605813,0.759687963938824,0.987866425670943,0.6470649941018759,-5.6909061929437,False,False,False,False
hsa-mir-125b-1,0.0403333333333333,1.02835139883384,-0.0778000000000001,0.26359,-0.0647899999999999,0.315977814567728,0.759698902461187,0.987866425670943,0.752592352616707,-5.69091087430101,False,False,False,False
hsa-miR-4447,0.0379033333333334,1.0266207554848,0.1722,-0.0284099999999998,-0.0300800000000001,0.315813634517135,0.759819217242734,0.987866425670943,0.6293048128977983,-5.69096234956796,False,False,False,False
hsa-let-7a-1,0.0366333333333334,1.02571742205559,-0.01342,0.06155,0.0617700000000001,0.315482611257634,0.760061819394896,0.987866425670943,0.28082469811223354,-5.69106605582671,False,False,False,False
hsa-mir-6803,0.0377566666666667,1.026516392895,-0.0089799999999999,-0.0444199999999999,0.16667,0.315240541499211,0.760239246547454,0.987866425670943,0.6213759101276227,-5.69114182677184,False,False,False,False
hsa-miR-1245b-5p,0.0372833333333333,1.02617965871758,-0.06564,0.06555,0.11194,0.31503929850238,0.76038676076261,0.987866425670943,0.5558146705324695,-5.69120477527781,False,False,False,False
hsa-mir-4768,-0.03662,1.02570794245754,-0.10373,-0.0039499999999999,-0.00218,-0.313990492417881,0.761155719008066,0.987866425670943,0.38910834503289043,-5.69153220621547,True,False,False,False
hsa-mir-2052,-0.0410333333333333,1.02885047911259,0.13037,0.03383,-0.2873,-0.313652829470692,0.761403344620094,0.987866425670943,0.7760137793297165,-5.69163739612236,False,False,False,False
hsa-mir-8062,0.04059,1.02853436681974,-0.0972599999999999,-0.06119,0.28022,0.313482986578177,0.761527910114977,0.987866425670943,0.7678700649863336,-5.69169026446146,False,False,False,False
hsa-miR-6804-5p,-0.0376266666666667,1.0264238985597,-0.14931,0.0851599999999999,-0.0487299999999999,-0.313242832253119,0.76170405565434,0.987866425670943,0.6352269101976118,-5.6917649715643,False,False,False,False
hsa-miR-1246,0.0402266666666668,1.02827536976475,-0.13349,0.26289,-0.0087199999999998,0.31238737748232,0.762331623436855,0.987866425670943,0.7637900707990378,-5.69203063262188,False,False,False,False
hsa-miR-5581-5p,-0.03705,1.02601370364625,-0.1183,0.06976,-0.06261,-0.312320469222161,0.762380715644892,0.987866425670943,0.5748335185473563,-5.6920513810891,False,False,False,False
hsa-mir-29a,0.0397033333333333,1.02790243357884,-0.09274,-0.0459100000000001,0.25776,0.311963297748477,0.762642800176202,0.987866425670943,0.7524155169241874,-5.69216206781918,False,False,False,False
hsa-miR-130b-5p,0.0431166666666667,1.03033727071155,0.19038,-0.26882,0.20779,0.311898408403509,0.762690418010505,0.987866425670943,0.808250656727345,-5.69218216364511,False,False,False,False
hsa-mir-5186,-0.0368466666666666,1.02586910753998,0.0066300000000001,0.02322,-0.14039,-0.311677967137462,0.762852192676721,0.987866425670943,0.5519862971832188,-5.69225040249272,False,False,False,False
hsa-mir-626,0.0388733333333334,1.0273112388867,0.10171,-0.15151,0.16642,0.311568245099024,0.762932718689665,0.987866425670943,0.7273770766058201,-5.69228435004179,False,False,False,False
hsa-miR-593-3p,-0.0457200000000001,1.03219818576838,-0.13342,0.31261,-0.31635,-0.311018989023608,0.763335868518487,0.987866425670943,0.8294549115333839,-5.69245411244074,False,False,False,False
hsa-mir-9-1,0.0427366666666666,1.03006591980727,0.0393,0.30943,-0.22052,0.310977504554832,0.763366320901816,0.987866425670943,0.8062225930096005,-5.69246692247264,False,False,False,False
hsa-miR-6845-3p,-0.0448,1.03154016755701,-0.39744,0.17052,0.0925199999999999,-0.310421516921064,0.763774495037882,0.987866425670943,0.8245476743197611,-5.69263844566731,False,False,False,False
hsa-miR-3609,-0.0983266666666667,1.07053106927931,-0.23612,-0.80745,0.74859,-0.317907526734222,0.76382237240591,0.987866425670943,0.8487648994994427,-5.68658674415507,False,False,False,False
hsa-miR-4520a-3p,-0.0361866666666666,1.02539990320881,-0.10418,-0.0052799999999999,0.0009000000000001,-0.310186399282855,0.763947128331204,0.987866425670943,0.399169960505509,-5.69271088984211,False,False,False,False
hsa-mir-766,0.03583,1.02514643262008,0.03514,0.0179400000000001,0.0544100000000001,0.309972541822705,0.764104163597806,0.987866425670943,0.07662727982422736,-5.69277673687019,True,False,False,False
hsa-miR-4251,0.0362066666666666,1.02541411836838,0.0567599999999999,0.08684,-0.03498,0.309863275617262,0.764184402080892,0.987866425670943,0.42719965175442115,-5.69281036300239,False,False,False,False
hsa-miR-4457,-0.0364366666666667,1.02557760686817,0.01929,-4.99999999998835e-05,-0.12855,-0.30966054597745,0.764333282407514,0.987866425670943,0.5144971566164995,-5.6928727214177,False,False,False,False
hsa-mir-4709,-0.0435566666666667,1.03065155579985,-0.15958,-0.25305,0.28196,-0.3096213434557,0.764362073096899,0.987866425670943,0.8164856804405973,-5.69288477528485,False,False,False,False
hsa-miR-6875-3p,0.03995,1.0280781955635,-0.19727,0.16085,0.15627,0.309403549066493,0.764522030319207,0.987866425670943,0.7683275875917852,-5.69295171491089,False,False,False,False
hsa-miR-7109-5p,-0.0375466666666667,1.02636698311124,-0.15544,-0.06515,0.10795,-0.309141896322275,0.764714214698978,0.987866425670943,0.675077163734826,-5.69303207376095,False,False,False,False
hsa-miR-6793-3p,-0.0376366666666667,1.02643101321267,-0.17624,0.10851,-0.04518,-0.307910480357583,0.765618922467405,0.987866425670943,0.6922742842438769,-5.69340937608512,False,False,False,False
hsa-mir-6820,0.0407233333333333,1.02862942797196,-0.22706,0.17233,0.1769,0.307077632946869,0.76623102152815,0.987866425670943,0.789749976013229,-5.69366372537617,False,False,False,False
hsa-miR-1197,-0.0374533333333333,1.02630058574349,-0.12011,-0.11719,0.12494,-0.306843173302214,0.766403368299686,0.987866425670943,0.6899274881463318,-5.6937352074657,False,False,False,False
hsa-miR-624-5p,0.0455833333333333,1.0321004101471,0.16624,0.302,-0.33149,0.306423247768381,0.766712081754059,0.987866425670943,0.8349142641381151,-5.69386310127446,False,False,False,False
hsa-miR-4487,0.0403166666666666,1.02833951892125,-0.14595,0.28964,-0.02274,0.306339815136477,0.766773423521197,0.987866425670943,0.7852231155546732,-5.69388849142274,False,False,False,False
hsa-mir-942,-0.0355,1.02491196890794,-0.0908800000000001,-0.01562,0.0,-0.305291219731709,0.767544524957595,0.987866425670943,0.33319501869568674,-5.69420702382412,False,False,False,False
hsa-miR-664b-5p,0.0460466666666666,1.03243193088295,-0.24501,-0.0443899999999999,0.42754,0.305223791919264,0.767594118435852,0.987866425670943,0.8388014030761033,-5.69422746993568,False,False,False,False
hsa-miR-3614-5p,-0.06024,1.04263919499528,0.54896,-0.33964,-0.39004,-0.306870052356239,0.767659677340435,0.987866425670943,0.8616595616251952,-5.69290194615137,False,False,False,False
hsa-mir-6893,0.0395666666666667,1.02780506487538,0.27282,-0.0193399999999999,-0.13478,0.305044455058539,0.767726027049044,0.987866425670943,0.7752407072496934,-5.69428182873723,False,False,False,False
hsa-miR-185-5p,-0.0356433333333328,1.02501380009367,-0.0191199999999991,-0.107530000000001,0.0197200000000013,-0.304842735617789,0.767874408383309,0.987866425670943,0.4437324076701082,-5.69434293466315,False,False,False,False
hsa-miR-1912,0.04368,1.03073966806321,0.22767,-0.30543,0.2088,0.304568483494412,0.768076159697331,0.987866425670943,0.8258449961602594,-5.69442594929581,False,False,False,False
hsa-mir-7706,-0.0488,1.03440417271162,0.19399,0.16594,-0.50633,-0.30368624203391,0.76877754661997,0.987866425670943,0.8509389719287466,-5.69465909488333,False,False,False,False
hsa-miR-34a-5p,-0.03532,1.02478410221336,-0.04627,-0.08331,0.02362,-0.303223193673913,0.769066080851235,0.987866425670943,0.3769011921413361,-5.69483210490523,False,False,False,False
hsa-miR-6795-3p,-0.0403133333333333,1.0283371429552,-0.0883699999999998,-0.24724,0.21467,-0.303111079607942,0.769148599322208,0.987866425670943,0.7941160471629805,-5.69486587396224,False,False,False,False
hsa-mir-515-2,0.0356533333333333,1.02502090497255,0.0299800000000001,0.11819,-0.04121,0.303073342097645,0.769176375675553,0.987866425670943,0.5202083152030972,-5.69487723785898,False,False,False,False
hsa-mir-515-1,0.0356533333333333,1.02502090497255,0.0299800000000001,0.11819,-0.04121,0.303073342097645,0.769176375675553,0.987866425670943,0.5202083152030972,-5.69487723785898,False,False,False,False
hsa-mir-4738,0.0379733333333333,1.02667056864301,-0.15855,0.17139,0.10108,0.302843104321209,0.769345847723129,0.987866425670943,0.7414841276773045,-5.69494653944034,False,False,False,False
hsa-mir-1285-1,-0.0613666666666666,1.04345375774324,0.5395,-0.20013,-0.52347,-0.304513340963992,0.76953405117682,0.987866425670943,0.8633631932403438,-5.69353149116996,False,False,False,False
hsa-miR-4309,-0.0584666666666667,1.04135839003856,0.11347,0.35084,-0.63971,-0.303339209352801,0.770108260020313,0.987866425670943,0.8628506309652757,-5.69407498891426,False,False,False,False
hsa-miR-3670,0.03796,1.02666108023606,-0.10567,-0.01712,0.23667,0.301697485037119,0.770189302558473,0.987866425670943,0.7468807019219603,-5.69529060639402,False,False,False,False
hsa-miR-7641,0.0399666666666665,1.02809007245715,-0.0338500000000002,0.30145,-0.1477,0.300875683772498,0.770794547274179,0.987866425670943,0.7948251829607551,-5.69553663585997,False,False,False,False
hsa-miR-203a,-0.0351633333333334,1.02467282381576,-0.11167,0.0061799999999998,0.0,-0.300610108714098,0.770990174887412,0.987866425670943,0.4554345184855824,-5.69561600315456,False,False,False,False
hsa-miR-3681-3p,-0.0347533333333333,1.02438166306794,-0.0539599999999999,0.0,-0.0503,-0.300146782597363,0.771331511047798,0.987866425670943,0.18400605084218657,-5.69575430461322,False,False,False,False
hsa-miR-6839-3p,0.0352366666666667,1.02472491007199,-0.0419499999999999,0.0346200000000001,0.11304,0.299848890153857,0.77155099861457,0.987866425670943,0.5134775209357421,-5.6958431145697,False,False,False,False
hsa-miR-542-5p,0.03932,1.0276293495856,0.29608,-0.0586100000000003,-0.11951,0.298797687582902,0.772325699397775,0.987866425670943,0.7902061788490019,-5.69615581873063,False,False,False,False
hsa-miR-4431,-0.0351066666666667,1.02463257715838,-0.0539599999999999,-0.10147,0.0501100000000001,-0.298738413478985,0.772369390440815,0.987866425670943,0.5150021931785626,-5.6961734192123,False,False,False,False
hsa-miR-4512,0.03716,1.02609193626433,0.05236,-0.13452,0.19364,0.298698551229287,0.772398773454625,0.987866425670943,0.7335125516712273,-5.69618525374095,False,False,False,False
hsa-miR-29b-3p,0.0354333333333333,1.02486460901276,0.11613,-0.07332,0.0634899999999998,0.298498351743594,0.772546349110939,0.987866425670943,0.5943780221066677,-5.69624466675718,False,False,False,False
hsa-miR-376a-5p,-0.03689,1.02589992139485,-0.10606,0.14305,-0.14766,-0.298346537495384,0.772658264434878,0.987866425670943,0.7237963064102866,-5.69628969458648,False,False,False,False
hsa-miR-550a-3p,-0.262973333333333,1.19994920239739,1.83867,-1.05284,-1.57475,-0.313956815098696,0.772676297107519,0.987866425670943,0.8274612780242092,-5.68377154246767,False,False,False,False
hsa-miR-654-3p,-0.0627866666666666,1.04448130253345,0.31346,-0.7165,0.21468,-0.300224640083644,0.77288845504511,0.987866425670943,0.8659062470091597,-5.69470443042522,False,False,False,False
hsa-mir-126,-0.03683,1.02585725630377,0.14325,-0.14942,-0.10432,-0.297773798232613,0.773080530239869,0.987866425670943,0.7247953935761988,-5.69645936652601,False,False,False,False
hsa-mir-3123,-0.0419066666666668,1.02947348079317,-0.37088,0.15641,0.0887499999999999,-0.297502184552753,0.773280811839617,0.987866425670943,0.8239011654858439,-5.6965397197413,False,False,False,False
hsa-miR-8073,-0.0361466666666666,1.02537147348085,-0.186,-0.00739,0.0849500000000001,-0.296774261990028,0.773817653284923,0.987866425670943,0.6940204751034749,-5.6967547124085,False,False,False,False
hsa-miR-614,-0.0384366666666667,1.02700034526072,-0.19269,-0.12164,0.19902,-0.296741155400287,0.773842072383921,0.987866425670943,0.7799539908062213,-5.69676447823718,False,False,False,False
hsa-mir-6505,-0.0347366666666666,1.02436982901527,0.0238500000000001,-0.01786,-0.1102,-0.296699990429448,0.773872435636937,0.987866425670943,0.4729572252728641,-5.69677661965359,False,False,False,False
hsa-mir-378d-1,-0.0370466666666667,1.02601133305397,-0.0041499999999998,0.11717,-0.22416,-0.295648902697856,0.774647856124965,0.987866425670943,0.7463464008336567,-5.69708607544021,False,False,False,False
hsa-miR-3167,0.0370700000000001,1.02602792731496,-0.03823,-0.0867399999999998,0.23618,0.295549764503652,0.77472100727283,0.987866425670943,0.7477050878874913,-5.69711520779853,False,False,False,False
hsa-miR-6789-5p,-0.0462333333333333,1.03256552328466,-0.0436100000000001,0.32746,-0.42255,-0.295426893244317,0.774850460314821,0.987866425670943,0.8506996907904883,-5.69712704220129,False,False,False,False
hsa-mir-6892,0.04231,1.02976133027332,0.10834,-0.28695,0.30554,0.295280574152111,0.774919646856673,0.987866425670943,0.8307295510145223,-5.6971942628423,False,False,False,False
hsa-mir-873,-0.0377333333333335,1.02649979073391,0.17747,-0.0854000000000001,-0.20527,-0.294964555952134,0.775152863716366,0.987866425670943,0.7702551968317045,-5.69728698030107,False,False,False,False
hsa-mir-548s,-0.0383366666666667,1.02692916148841,-0.13523,0.20525,-0.18503,-0.2948807342534,0.775214726957198,0.987866425670943,0.7841695112570086,-5.69731155669809,False,False,False,False
hsa-miR-4283,0.0377766666666666,1.02653062353251,-0.1774,0.2129,0.07783,0.294620818285611,0.775406564469993,0.987866425670943,0.7726862314017525,-5.69738772026007,False,False,False,False
hsa-miR-6726-3p,-0.0442366666666667,1.031137457693,-0.32473,-0.14531,0.33733,-0.294235637214804,0.775690886949928,0.987866425670943,0.8437156648965297,-5.69750046969758,False,False,False,False
hsa-mir-4428,-0.04154,1.02921186927114,-0.36241,0.20212,0.0356700000000001,-0.293828486669717,0.775991465048744,0.987866425670943,0.827249177609774,-5.69761949322295,False,False,False,False
hsa-mir-604,0.0341166666666667,1.0239296993787,0.0178700000000001,0.0009299999999999,0.08355,0.293787396240787,0.776021802190904,0.987866425670943,0.3084208905887606,-5.69763149635844,True,False,False,False
hsa-miR-1247-5p,-0.0454166666666667,1.03198118411911,0.04393,0.26839,-0.44857,-0.293363332857262,0.77633491267494,0.987866425670943,0.8500422332599251,-5.69775527581131,False,False,False,False
hsa-miR-4314,0.0371966666666667,1.02611801512926,-0.15585,0.21847,0.04897,0.293038684486697,0.776574648468311,0.987866425670943,0.7638269974176969,-5.6978499189654,False,False,False,False
hsa-let-7e-3p,-0.03616,1.02538094996926,-0.10831,0.14958,-0.14975,-0.291249861581932,0.777896052658301,0.987866425670943,0.7365801954029415,-5.69836956779331,False,False,False,False
hsa-miR-548ar-5p,0.05309,1.03748465620767,0.6076,-0.28008,-0.16825,0.291725017645063,0.778173285744379,0.987866425670943,0.8667087854823827,-5.6978423040129,False,False,False,False
hsa-miR-302a-3p,0.03852,1.02705966884018,0.26787,0.0452999999999999,-0.19761,0.290191876190188,0.778677946065164,0.987866425670943,0.8013976826364344,-5.69867544544871,False,False,False,False
hsa-mir-6775,0.0381033333333333,1.02676308520655,0.16211,0.17139,-0.21919,0.29001587072282,0.778808046947539,0.987866425670943,0.7950549255177111,-5.69872622533361,False,False,False,False
hsa-mir-3925,0.0342699999999999,1.02403853103963,-0.07193,0.09198,0.08276,0.289579342508359,0.779130754487903,0.987866425670943,0.5852627516057765,-5.69885203937627,False,False,False,False
hsa-miR-5695,0.03367,1.02361273393544,0.08203,-0.0181900000000002,0.0371700000000001,0.289419186894123,0.779249162347457,0.987866425670943,0.3652592919542137,-5.69889815216108,False,False,False,False
hsa-miR-583,0.0362533333333333,1.02544728784041,0.13888,0.13433,-0.16445,0.289115225948247,0.779473906526046,0.987866425670943,0.7525163242045454,-5.69898560144418,False,False,False,False
hsa-miR-6872-3p,-0.0531633333333333,1.03753739371605,0.30918,0.14062,-0.60929,-0.289846444844215,0.779587038208893,0.987866425670943,0.8679961712336725,-5.69837186202169,False,False,False,False
hsa-mir-1321,-0.0368,1.02583592442362,-0.10678,-0.18557,0.18195,-0.288286155743549,0.78008701979096,0.987866425670943,0.7731447190253117,-5.69922366712232,False,False,False,False
hsa-miR-328-5p,0.115006666666666,1.08298004994482,-0.8181,0.13003,1.03309,0.298070806639853,0.780207624390035,0.987866425670943,0.849570009169094,-5.69165370668138,False,False,False,False
hsa-mir-6829,0.0344700000000001,1.02418050276425,-0.0878299999999999,0.0602,0.13104,0.288041803319623,0.78026775407204,0.987866425670943,0.6464049990368168,-5.69929370474723,False,False,False,False
hsa-miR-3194-5p,0.03322,1.02329350229856,0.0218499999999999,0.0278700000000001,0.0499400000000001,0.287490000547889,0.78067594458156,0.987866425670943,0.06016628435624645,-5.69945165166544,True,False,False,False
hsa-miR-942-5p,0.0464066666666667,1.03268958885022,-0.07466,0.49351,-0.27963,0.287363784913937,0.780818571233648,0.987866425670943,0.8595068080159416,-5.69945761889732,False,False,False,False
hsa-miR-4797-5p,0.0426433333333333,1.02999928314923,0.2692,-0.33861,0.19734,0.287141986014416,0.780933421703056,0.987866425670943,0.8446569612370003,-5.69955111423463,False,False,False,False
hsa-mir-103b-2,0.0333833333333334,1.02340936004778,0.0256800000000001,-0.01109,0.0855600000000001,0.287072795459081,0.780984615448677,0.987866425670943,0.3576549690168203,-5.69957087484776,False,False,False,False
hsa-mir-4650-1,-0.0351266666666665,1.02464678168047,0.0143200000000001,-0.19999,0.0802900000000002,-0.286498241785004,0.781409768327575,0.987866425670943,0.71830238939164,-5.69973478559431,False,False,False,False
hsa-mir-4650-2,-0.0351266666666665,1.02464678168047,0.0143200000000001,-0.19999,0.0802900000000002,-0.286498241785004,0.781409768327575,0.987866425670943,0.71830238939164,-5.69973478559431,False,False,False,False
hsa-mir-6852,0.0355533333333334,1.02494985839983,-0.15214,0.12579,0.13301,0.286267483337931,0.781580544646457,0.987866425670943,0.7412993974518536,-5.69980052673169,False,False,False,False
hsa-mir-4786,-0.0366633333333333,1.02573875147153,-0.0913900000000001,0.18235,-0.20095,-0.286151777748297,0.781666179043122,0.987866425670943,0.7782178714648386,-5.69983347076274,False,False,False,False
hsa-miR-6853-3p,0.0423466666666666,1.02978750239853,0.41731,-0.0796,-0.21067,0.285432804848577,0.782198365528013,0.987866425670943,0.8453256487085594,-5.70003788662714,False,False,False,False
hsa-miR-5588-3p,-0.0336933333333334,1.02362928940253,0.04236,-0.13415,-0.00929,-0.284903206029989,0.782590454007881,0.987866425670943,0.5860667427165955,-5.7001881383328,False,False,False,False
hsa-let-7c,-0.03805,1.0267251286848,0.23818,-0.16472,-0.18761,-0.284643035825967,0.782783095033223,0.987866425670943,0.8090003697753892,-5.70026185077689,False,False,False,False
hsa-miR-4325,0.0333566666666666,1.02339044360094,0.0914999999999999,0.05877,-0.0502,0.284259353108045,0.783067218789083,0.987866425670943,0.5176361109258218,-5.70037043695769,False,False,False,False
hsa-miR-3689a-3p,0.0495,1.03490619052717,0.11193,-0.43295,0.46952,0.284638810149622,0.783106476608378,0.987866425670943,0.86777226370037,-5.70006858590746,False,False,False,False
hsa-mir-3669,-0.03729,1.02618440068546,0.16368,-0.27555,0.0,-0.284084219459332,0.783196919731457,0.987866425670943,0.7984755540503461,-5.7004199539257,False,False,False,False
hsa-mir-5680,-0.03354,1.02352050123454,0.05044,-0.12622,-0.02484,-0.283909015070739,0.783326680216836,0.987866425670943,0.5795736524260142,-5.70046946099678,False,False,False,False
hsa-miR-524-5p,0.0404066666666667,1.0284036720797,0.29707,-0.28572,0.10987,0.283365023524188,0.783729618691615,0.987866425670943,0.8359303807523072,-5.7006229847647,False,False,False,False
hsa-miR-7155-5p,-0.0432333333333334,1.03042059454091,-0.07647,-0.38037,0.32714,-0.283270883255779,0.783799356059054,0.987866425670943,0.852446699637202,-5.70064952350217,False,False,False,False
hsa-miR-5585-5p,0.0395466666666667,1.02779081657048,0.1406,-0.27598,0.25402,0.283258012326311,0.783808890765385,0.987866425670943,0.829003264500328,-5.70065315122765,False,False,False,False
hsa-mir-4522,-0.0349766666666667,1.02454025256443,-0.15565,0.14266,-0.0919400000000001,-0.282898571443235,0.784075177939008,0.987866425670943,0.7369301856853585,-5.70075439595113,False,False,False,False
hsa-miR-4723-3p,0.0349133333333334,1.02449527692976,-0.0157700000000001,-0.09642,0.21693,0.281086232196951,0.785418282609105,0.987866425670943,0.745827906379223,-5.70126296475206,False,False,False,False
hsa-mir-563,0.0387533333333333,1.02722579309369,0.0393000000000001,0.3076,-0.23064,0.280699867431999,0.785704711513424,0.987866425670943,0.8263171992707246,-5.70137097032228,False,False,False,False
hsa-mir-4268,-0.04438,1.03123990741859,0.31987,-0.00855,-0.44446,-0.280621754149128,0.785810644639811,0.987866425670943,0.8596428202487472,-5.70136398906811,False,False,False,False
hsa-mir-376a-1,-0.03754,1.02636224029966,-0.25372,-0.0804600000000002,0.22156,-0.280520169960114,0.785837940750775,0.987866425670943,0.8122503051535601,-5.70142115391202,False,False,False,False
hsa-miR-1182,-0.03982,1.02798556050185,0.15884,-0.38087,0.10257,-0.279523741065556,0.786576836572655,0.987866425670943,0.8378012852855954,-5.70169885239361,False,False,False,False
hsa-mir-7703,-0.0373333333333333,1.02621522401074,0.18961,-0.28691,-0.0146999999999999,-0.279409305763692,0.786661709996699,0.987866425670943,0.8121440332875578,-5.7017306828164,False,False,False,False
hsa-miR-6126,-0.0791300000000001,1.05638081062272,-0.86655,0.52912,0.10004,-0.284998754003056,0.786795835208752,0.987866425670943,0.8656615158751928,-5.69753375523314,False,False,False,False
hsa-miR-4469,0.0374866666666667,1.02632429859601,-0.0024900000000001,0.29966,-0.18471,0.278894554074004,0.787043523931855,0.987866425670943,0.8155551325735312,-5.70187370417171,False,False,False,False
hsa-miR-4787-3p,-0.0327333333333334,1.02294837125072,-0.0513000000000001,0.05108,-0.0979800000000002,-0.278700199774865,0.78718770085759,0.987866425670943,0.5346066186699796,-5.70192763740236,False,False,False,False
hsa-miR-7973,0.0437033333333333,1.03075633879823,-0.17463,-0.17469,0.48043,0.278104072360854,0.787677539420637,0.987866425670943,0.8598755952263926,-5.70206451957415,False,False,False,False
hsa-miR-548ay-5p,-0.0321933333333334,1.0225655538585,-0.07362,-0.0222200000000001,-0.0007400000000001,-0.277633894754969,0.787978866720564,0.987866425670943,0.2749310794418281,-5.70222288098148,True,False,False,False
hsa-mir-20a,-0.0345266666666667,1.02422073166455,-0.0206200000000001,0.12795,-0.21091,-0.276294996771936,0.78897265587356,0.987866425670943,0.7584216704101108,-5.70259203055461,False,False,False,False
hsa-miR-187-3p,-0.03525,1.02473438058485,-0.25532,0.0376399999999999,0.11193,-0.275968188713523,0.789215289191006,0.987866425670943,0.7829599682391539,-5.70268186970709,False,False,False,False
hsa-mir-4258,-0.0451333333333333,1.03177853147909,-0.50247,0.29795,0.0691200000000001,-0.275499831750808,0.789610144696477,0.987866425670943,0.8671068816267897,-5.70278262528951,False,False,False,False
hsa-miR-4787-5p,-0.0323866666666663,1.02270259547057,0.0499700000000001,-0.109249999999999,-0.0378799999999995,-0.275317302644826,0.789698601194279,0.987866425670943,0.5546789721579097,-5.70286048699912,False,False,False,False
hsa-miR-1267,0.0406666666666667,1.02858902590878,0.33447,-0.31343,0.10096,0.275135074633456,0.789833930853435,0.987866425670943,0.8499311659446991,-5.70291042024071,False,False,False,False
hsa-mir-199a-1,-0.0389,1.0273302278059,-0.00536,-0.34543,0.23409,-0.274796309640677,0.790085530993619,0.987866425670943,0.8385455360139386,-5.70300316085399,False,False,False,False
hsa-miR-6862-5p,-0.0444666666666668,1.03130185870233,0.40951,-0.35539,-0.18752,-0.274853130258717,0.790090300481225,0.987866425670943,0.8657578569747024,-5.7029599234445,False,False,False,False
hsa-mir-4538,-0.0317866666666666,1.02227735385085,-0.04156,-0.0002499999999998,-0.05355,-0.274628317015162,0.790210308442627,0.987866425670943,0.1877912775975918,-5.70304910911796,True,False,False,False
hsa-mir-3159,0.0388233333333334,1.02727563560922,-0.06355,-0.18624,0.36626,0.274596314212944,0.7902340794243,0.987866425670943,0.8382690191286127,-5.7030578591949,False,False,False,False
hsa-miR-4321,0.0409333333333334,1.02877916710322,-0.3437,0.27298,0.19352,0.274533041171808,0.790281077937223,0.987866425670943,0.8521975805578209,-5.70307515611181,False,False,False,False
hsa-miR-6817-3p,-0.0318833333333333,1.02234585305003,-0.09565,0.0,0.0,-0.273638645241704,0.790945522046596,0.987866425670943,0.4226497308103743,-5.70331923853695,False,False,False,False
hsa-miR-6874-5p,-0.0332433333333333,1.02331005260254,-0.0876299999999999,-0.13337,0.12127,-0.273334192639136,0.791171740155748,0.987866425670943,0.712724802966509,-5.70340214607496,False,False,False,False
hsa-miR-499b-3p,0.0388333333333334,1.02728275616601,0.38443,-0.12104,-0.14689,0.271690599241556,0.792393343076984,0.987866425670943,0.8432021417172059,-5.70384816069257,False,False,False,False
hsa-miR-6870-5p,-0.04117,1.02894794685295,-0.24072,-0.24478,0.36199,-0.271631140130783,0.792437547498011,0.987866425670943,0.8570681761904799,-5.70386424639549,False,False,False,False
hsa-miR-6780b-3p,-0.0315266666666667,1.02209313739788,-0.04522,0.01983,-0.0691900000000001,-0.271311499459765,0.792675195473166,0.987866425670943,0.35759378114673174,-5.70395066083654,False,False,False,False
hsa-miR-1295b-3p,0.0370266666666667,1.02599710961531,-0.26131,0.16873,0.20366,0.271229048870025,0.792736499941043,0.987866425670943,0.8275060394318167,-5.70397293505371,False,False,False,False
hsa-miR-1827,-0.04457,1.03137572855859,0.13996,0.24588,-0.51955,-0.271237221171751,0.79277674004961,0.987866425670943,0.8695082960056774,-5.70394372400958,False,False,False,False
hsa-miR-146a-3p,0.0317533333333333,1.02225373450153,0.0970300000000001,-0.05013,0.04836,0.270505401693227,0.793274618338189,0.987866425670943,0.5395411628356385,-5.70416814506815,False,False,False,False
hsa-miR-424-3p,0.239383333333334,1.1804879648988,2.2177,-0.0559699999999994,-1.44358,0.284302523588998,0.79337493932656,0.987866425670943,0.8433455469984605,-5.69389420066816,False,False,False,False
hsa-miR-892b,-0.03253,1.02280420714172,-0.0718000000000001,0.10278,-0.12857,-0.270294555146961,0.793431430004221,0.987866425670943,0.6862489930831788,-5.70422492647408,False,False,False,False
hsa-miR-195-3p,-0.0314,1.02200340294687,0.0256799999999999,-0.06304,-0.05684,-0.269959640741141,0.79368053430409,0.987866425670943,0.3867175646588603,-5.70431503030916,False,False,False,False
hsa-mir-6871,0.0323800000000001,1.02269786959202,0.1302,-0.0948800000000001,0.0618200000000002,0.269949942846582,0.793687747824512,0.987866425670943,0.674984153494044,-5.70431763775341,False,False,False,False
hsa-miR-3616-5p,-0.0424933333333334,1.02989219755142,0.30839,0.0105299999999999,-0.4464,-0.269757959333403,0.793876602770472,0.987866425670943,0.864372594371807,-5.70434251204678,False,False,False,False
hsa-mir-7845,0.0328533333333334,1.02303346124299,-0.0458399999999999,-0.0479499999999999,0.19235,0.269658335393376,0.793904662036983,0.987866425670943,0.7203305801149824,-5.70439599845826,False,False,False,False
hsa-miR-1255a,-0.03601,1.02527434452418,0.23239,-0.11104,-0.22938,-0.26927998952245,0.794186125410641,0.987866425670943,0.8191572092462371,-5.70449754364434,False,False,False,False
hsa-miR-518a-3p,-0.03389,1.02376883897926,-0.0539799999999999,0.15508,-0.20277,-0.268852197974079,0.794504411285108,0.987866425670943,0.7750300081702515,-5.70461219116177,False,False,False,False
hsa-miR-3935,0.0333600000000001,1.02339280813767,0.12574,-0.15429,0.12863,0.268623185353968,0.794674818162142,0.987866425670943,0.7561814058898007,-5.70467349270644,False,False,False,False
hsa-mir-1915,-0.0313633333333333,1.02197742865511,-0.07467,0.0401400000000001,-0.05956,-0.268518291606833,0.794752872834837,0.987866425670943,0.47567863738273114,-5.70470155329406,False,False,False,False
hsa-mir-670,-0.0328066666666667,1.02300036984943,-0.0648199999999999,0.1235,-0.1571,-0.268296683275078,0.794917786446522,0.987866425670943,0.7295203166407533,-5.70476080135085,False,False,False,False
hsa-mir-6074,-0.03277,1.02297437021969,0.13563,-0.1382,-0.0957399999999999,-0.267103725167206,0.795805733172656,0.987866425670943,0.7372391940704806,-5.70507891962086,False,False,False,False
hsa-mir-181b-2,-0.0326533333333333,1.02289164852107,0.03931,-0.20303,0.06576,-0.26599467871747,0.796631504056632,0.987866425670943,0.7393726697715276,-5.70537341361587,False,False,False,False
hsa-mir-605,0.0348799999999999,1.02447160633613,-0.20829,0.0875299999999999,0.2254,0.265829708760136,0.796754360068589,0.987866425670943,0.8106986835756012,-5.70541711664501,False,False,False,False
hsa-mir-6846,-0.03067,1.02148640265091,-0.05704,0.0,-0.0349699999999999,-0.264945129897392,0.797413223275675,0.987866425670943,0.20602481710180057,-5.7056510009039,False,False,False,False
hsa-miR-6739-5p,-0.0426,1.02996834616622,-0.45934,0.33157,-2.99999999999745e-05,-0.264879919451552,0.797506968533915,0.987866425670943,0.8697541837268408,-5.70564239820512,False,False,False,False
hsa-miR-1299,0.0425333333333334,1.02992075262219,0.32663,-0.41247,0.21344,0.264168646147638,0.798036754245289,0.987866425670943,0.870249460243674,-5.70582999130808,False,False,False,False
hsa-mir-7977,0.0307999999999999,1.02157845205269,0.0930899999999999,-0.0241899999999999,0.0234999999999999,0.264011401156387,0.798108880770279,0.987866425670943,0.4611989580938453,-5.7058970500879,False,False,False,False
hsa-miR-1909-5p,0.0368299999999999,1.02585725630377,-0.21972,-0.00522,0.33543,0.263537701623904,0.798461874720707,0.987866425670943,0.8409272415317267,-5.7060215496987,False,False,False,False
hsa-mir-4267,0.0318666666666666,1.02233404251582,0.0702200000000001,-0.11309,0.13847,0.263075050605903,0.798806682676549,0.987866425670943,0.7126451149875019,-5.70614293355518,False,False,False,False
hsa-miR-6845-5p,-0.0405466666666666,1.02850347383685,0.37766,-0.2749,-0.2244,-0.26307361788734,0.798807750535946,0.987866425670943,0.8644806754888922,-5.70614330912637,False,False,False,False
hsa-mir-5004,-0.0357366666666667,1.02508011421175,0.03529,0.17617,-0.31867,-0.262929891153164,0.798914877782338,0.987866425670943,0.8308020980288469,-5.70618097527908,False,False,False,False
hsa-miR-499a-5p,0.0308033333333333,1.02158081240283,-0.05017,0.05343,0.0891500000000001,0.262702196891555,0.799084599725534,0.987866425670943,0.5377104077614387,-5.70624060523864,False,False,False,False
hsa-miR-6817-5p,-0.0314333333333334,1.02202701651224,-0.1118,-0.0789900000000001,0.09649,-0.2626158573627,0.799148959640771,0.987866425670943,0.6749182960852538,-5.70626320309301,False,False,False,False
hsa-miR-6803-5p,0.0335000000000001,1.02349212361395,0.128170000000001,0.161159999999999,-0.188829999999999,0.262495276107223,0.799238847012488,0.987866425670943,0.7923175079032333,-5.70629475090837,False,False,False,False
hsa-mir-3616,0.0339233333333333,1.02379249333534,0.23959,0.0363199999999999,-0.17414,0.262363402624594,0.799337155795929,0.987866425670943,0.8030985605989378,-5.70632923683111,False,False,False,False
hsa-miR-6131,0.0372366666666667,1.02614646555603,0.34338,-0.24338,0.0117100000000001,0.262139842107265,0.799503823870033,0.987866425670943,0.8468205145922285,-5.70638766072859,False,False,False,False
hsa-mir-3975,0.0386866666666667,1.02717832627959,-0.2969,0.0547599999999999,0.3582,0.26182789720947,0.799736402075745,0.987866425670943,0.8569628999721055,-5.70646910069304,False,False,False,False
hsa-mir-4516,-0.0461833333333333,1.03252973791072,0.45776,-0.452,-0.14431,-0.262156233461547,0.799863302364368,0.987866425670943,0.8786710961699484,-5.70617259626571,False,False,False,False
hsa-miR-320b,-0.0306866666666667,1.02149820339274,-0.0515799999999995,-0.0933700000000002,0.0528899999999997,-0.261377618060496,0.800072155957103,0.987866425670943,0.5535873714742495,-5.70658648783283,False,False,False,False
hsa-miR-4524a-5p,0.04342,1.03055392668406,-0.43529,0.36935,0.1962,0.261417591965931,0.800086890964635,0.987866425670943,0.87541479287036,-5.70655089889287,False,False,False,False
hsa-mir-1295a,0.0324933333333334,1.02277821249747,0.19738,0.0319200000000001,-0.13182,0.261188485957814,0.800213196748977,0.987866425670943,0.7649977390309658,-5.70663573511523,False,False,False,False
hsa-miR-3158-3p,0.03357,1.02354178496632,0.13636,-0.20081,0.16516,0.26048793699525,0.800735681880127,0.987866425670943,0.8019535445901879,-5.70681784291795,False,False,False,False
hsa-mir-3659,-0.0337500000000001,1.02366949665166,0.0234599999999998,0.14135,-0.26606,-0.260314161754945,0.800865303741429,0.987866425670943,0.8065557037235567,-5.70686294143978,False,False,False,False
hsa-miR-4681,0.0376,1.02640492639287,-0.01683,0.37015,-0.24052,0.26020456391677,0.800947057950159,0.987866425670943,0.8525751437059473,-5.70689136930074,False,False,False,False
hsa-mir-4750,-0.0355366666666666,1.02493801778315,-0.16454,0.26359,-0.20566,-0.260054411365538,0.801059068036711,0.987866425670943,0.8348168566505259,-5.706930297287,False,False,False,False
hsa-miR-3186-5p,0.0304933333333333,1.02136132316857,0.01237,-0.0379100000000001,0.11702,0.25930605128903,0.801617398456586,0.987866425670943,0.5727826061166359,-5.70712398509128,False,False,False,False
hsa-miR-320a,0.0303699999999996,1.02127401260831,0.112909999999999,-0.02365,0.0018499999999992,0.258979983129341,0.801860706375657,0.987866425670943,0.544075071558867,-5.70720820531214,False,False,False,False
hsa-mir-539,0.0316899999999999,1.02220885924125,-0.0052700000000001,-0.0933000000000002,0.19364,0.258376432698167,0.802311128187402,0.987866425670943,0.7447151227280624,-5.70736382173469,False,False,False,False
hsa-miR-30a-3p,-0.03124,1.02189006542739,-0.15863,-0.0319499999999999,0.09686,-0.258322742506411,0.802351200255375,0.987866425670943,0.7130849749293207,-5.70737764766353,False,False,False,False
hsa-miR-1251-5p,-0.0443066666666666,1.03118749000829,0.46876,-0.27544,-0.32624,-0.258386474739512,0.802519771618075,0.987866425670943,0.8789687796032923,-5.70724021855972,False,False,False,False
hsa-mir-676,0.03155,1.02210966828768,-0.01057,-0.0868900000000001,0.19211,0.257789214147764,0.802749436554293,0.987866425670943,0.7411494134383168,-5.70751488477067,False,False,False,False
hsa-mir-1185-2,-0.0344999999999999,1.02420180022052,0.22931,-0.0900999999999998,-0.24271,-0.257709800799994,0.802808717475095,0.987866425670943,0.827218446377763,-5.70753528806874,False,False,False,False
hsa-mir-1185-1,-0.0344999999999999,1.02420180022052,0.22931,-0.0900999999999998,-0.24271,-0.257709800799994,0.802808717475095,0.987866425670943,0.827218446377763,-5.70753528806874,False,False,False,False
hsa-miR-4477b,0.0341433333333333,1.02394862579319,0.22414,0.10208,-0.22379,0.257555723430996,0.802923737853048,0.987866425670943,0.8222898367292186,-5.70757485682106,False,False,False,False
hsa-mir-8075,0.0396100000000001,1.02783593688027,-0.34409,0.38178,0.08114,0.256482538538814,0.803725022048447,0.987866425670943,0.8681466447967712,-5.7078498172386,False,False,False,False
hsa-mir-1302-1,-0.0361866666666667,1.02539990320881,0.28418,-0.28296,-0.10978,-0.255795729210674,0.80423795082076,0.987866425670943,0.8492554915627831,-5.70802519225894,False,False,False,False
hsa-miR-4668-3p,0.03016,1.02112536585464,0.12798,-0.03278,-0.00472,0.255649836217752,0.804346920753755,0.987866425670943,0.6048383107899549,-5.70806238613795,False,False,False,False
hsa-miR-6834-3p,-0.0308133333333333,1.02158789348597,-0.09341,-0.11311,0.11408,-0.255123471578526,0.804740108849088,0.987866425670943,0.7128037809682282,-5.70819640384791,False,False,False,False
hsa-mir-5583-1,0.0347466666666667,1.02437692943046,0.2939,-0.22813,0.03847,0.253946137048345,0.805619775680734,0.987866425670943,0.8390969697879076,-5.70849518196712,False,False,False,False
hsa-mir-548e,0.0305866666666668,1.02142740098663,0.0918800000000002,0.10972,-0.10984,0.253917283869191,0.805641337527311,0.987866425670943,0.7063371231975228,-5.7085024871254,False,False,False,False
hsa-mir-6724,0.0341833333333333,1.02397701607088,0.11036,-0.24329,0.23548,0.253319798175375,0.80608787519456,0.987866425670943,0.8337426523902691,-5.70865357738826,False,False,False,False
hsa-mir-216a,0.0292833333333333,1.0205050582939,0.0256699999999999,2.99999999999745e-05,0.0621500000000001,0.252856495944094,0.806434180997567,0.987866425670943,0.24571338926366942,-5.70877049482905,True,False,False,False
hsa-miR-4781-5p,0.0317866666666667,1.02227735385085,0.21123,0.02729,-0.14316,0.252735029080012,0.806524981626631,0.987866425670943,0.7854628413048934,-5.70880111298596,False,False,False,False
hsa-mir-519a-1,-0.0294866666666667,1.02064889833819,-0.08178,0.0373000000000001,-0.0439800000000001,-0.252589547997095,0.806633737777096,0.987866425670943,0.4896203113700938,-5.70883776536634,False,False,False,False
hsa-mir-6513,-0.0317766666666666,1.02227026798875,-0.15157,0.17368,-0.11744,-0.252316974563847,0.806837515299871,0.987866425670943,0.787255969774936,-5.70890638141256,False,False,False,False
hsa-miR-6855-5p,0.07835,1.05580982763221,-0.38614,-0.34675,0.96794,0.258133241093957,0.806928055000087,0.987866425670943,0.8764390001289145,-5.70491156050885,False,False,False,False
hsa-miR-4521,-0.0315666666666667,1.0221214762298,-0.17409,-0.08013,0.15952,-0.252135439047381,0.806973240966914,0.987866425670943,0.7807284739764935,-5.70895203968208,False,False,False,False
hsa-mir-218-1,0.0306900000000001,1.02150056355746,0.0149000000000001,-0.09765,0.17482,0.2521258491649,0.806980411068104,0.987866425670943,0.7352721714318506,-5.70895445074901,False,False,False,False
hsa-mir-1289-1,-0.0352666666666666,1.02474621884901,0.2886,-0.21135,-0.18305,-0.25209963018973,0.807000014399803,0.987866425670943,0.8479857214480149,-5.70896104220507,False,False,False,False
hsa-mir-770,-0.0341366666666667,1.02394389415677,0.22451,-0.04667,-0.28025,-0.251798209779558,0.807225389918013,0.987866425670943,0.8367164327033032,-5.70903677093335,False,False,False,False
hsa-mir-363,0.03529,1.02476279264859,0.33931,-0.0134999999999998,-0.21994,0.251703730206589,0.807296037295148,0.987866425670943,0.8489206808172032,-5.70906048959593,False,False,False,False
hsa-mir-6763,0.0413900000000001,1.02910486553812,0.0184800000000001,-0.36196,0.46765,0.251718801744962,0.807327569484987,0.987866425670943,0.8788316746626977,-5.7090332827817,False,False,False,False
hsa-mir-130a,0.0313166666666667,1.02194437142035,-0.15362,0.16585,0.08172,0.251520064610223,0.807433379119183,0.987866425670943,0.7743505442572081,-5.70910657294686,False,False,False,False
hsa-mir-548v,-0.0333500000000001,1.02338571454386,0.2295,-0.12091,-0.20864,-0.251503522177134,0.807445749598493,0.987866425670943,0.8264809575172737,-5.70911072196795,False,False,False,False
hsa-miR-5585-3p,0.03474,1.02437219581487,0.27386,-0.26017,0.09053,0.251003551644221,0.807819655955127,0.987866425670943,0.84509348019653,-5.70923599333134,False,False,False,False
hsa-miR-516a-5p,-0.0302266666666667,1.02117255295611,-0.16711,0.0032700000000001,0.0731599999999999,-0.25065259178757,0.808082154794976,0.987866425670943,0.7130530489452065,-5.70932378247803,False,False,False,False
hsa-mir-3118-1,-0.02946,1.02063003291504,0.05689,-0.04841,-0.09686,-0.250567658320411,0.808145684252757,0.987866425670943,0.5828419973130992,-5.70934500958789,False,False,False,False
hsa-mir-3118-3,-0.02946,1.02063003291504,0.05689,-0.04841,-0.09686,-0.250567658320411,0.808145684252757,0.987866425670943,0.5828419973130992,-5.70934500958789,False,False,False,False
hsa-mir-6863,-0.0307733333333332,1.0215595694479,0.13894,-0.1439,-0.0873599999999999,-0.25038146530046,0.808284960183269,0.987866425670943,0.7558064231441303,-5.70939151936392,False,False,False,False
hsa-miR-6783-3p,0.0303633333333334,1.0212692933312,-0.11175,0.14855,0.05429,0.250364647189864,0.808297540805882,0.987866425670943,0.7284313929055174,-5.70939571874112,False,False,False,False
hsa-mir-4488,-0.0294466666666667,1.02062060033424,-0.0664300000000001,-0.0839099999999999,0.0619999999999998,-0.250333193606048,0.808321069508496,0.987866425670943,0.587634987772087,-5.70940357175979,False,False,False,False
hsa-mir-1294,-0.0293233333333332,1.0205333530943,-0.0182399999999998,0.03731,-0.10704,-0.250033584244739,0.808545201163644,0.987866425670943,0.5576373546153065,-5.70947832659467,False,False,False,False
hsa-miR-6839-5p,-0.0302733333333333,1.02120558522457,-0.1774,0.0187300000000001,0.0678500000000001,-0.24997918911733,0.80858589504981,0.987866425670943,0.7252612454835552,-5.7094918891501,False,False,False,False
hsa-mir-3685,0.0374033333333333,1.02626501749197,-0.20151,-0.11119,0.42491,0.249915499734165,0.808633542901849,0.987866425670943,0.8659364393551987,-5.70950776539014,False,False,False,False
hsa-miR-6125,0.0302900000000008,1.02121738272225,-0.0401099999999985,0.18336,-0.0523799999999994,0.249597644712013,0.808871351934201,0.987866425670943,0.7307719209345092,-5.70958693954901,False,False,False,False
hsa-miR-4739,-0.0511266666666668,1.0360737254338,-0.63534,0.46004,0.0219199999999997,-0.251106633311787,0.808949202930316,0.987866425670943,0.8871510921163288,-5.70854883629108,False,False,False,False
hsa-mir-548av,0.0293933333333334,1.02058287088275,0.12441,0.0005999999999999,-0.0368299999999999,0.249329747721624,0.809071800224638,0.987866425670943,0.6076195770135161,-5.70965359272965,False,False,False,False
hsa-miR-942-3p,0.0353666666666667,1.02481725130602,0.11902,-0.29078,0.27786,0.249206988644595,0.809163657091161,0.987866425670943,0.8539535380665442,-5.70968411184664,False,False,False,False
hsa-miR-4799-5p,-0.0298766666666667,1.02092484499791,-0.149,-0.0206900000000001,0.08006,-0.249172158752981,0.809189719803183,0.987866425670943,0.6963282894151568,-5.70969276820807,False,False,False,False
hsa-miR-6507-5p,0.0378099999999999,1.0265543417001,0.27042,-0.36596,0.20897,0.248902545214215,0.809391476270381,0.987866425670943,0.869211082473575,-5.70975973567143,False,False,False,False
hsa-mir-29b-1,0.0351433333333333,1.02465861893264,-0.07193,0.36337,-0.18601,0.248627358024807,0.809597419100929,0.987866425670943,0.8531487700110421,-5.70982801397241,False,False,False,False
hsa-mir-451b,0.0299966666666667,1.021009766671,0.14267,0.0519500000000002,-0.10463,0.248490937108915,0.809699518716468,0.987866425670943,0.7182343924570495,-5.70986183460902,False,False,False,False
hsa-mir-4494,0.0371766666666667,1.02610379021168,0.34326,-0.32694,0.09521,0.248332019248133,0.809818460255024,0.987866425670943,0.8668241693328715,-5.70990120951861,False,False,False,False
hsa-miR-580-5p,0.0312833333333333,1.02192075976446,0.04674,-0.15615,0.20326,0.248076915606795,0.81000940261606,0.987866425670943,0.7920322054066735,-5.70996436444632,False,False,False,False
hsa-miR-5587-5p,0.0300966666666666,1.0210805401279,0.11706,-0.12412,0.09735,0.247789308865002,0.810224689294169,0.987866425670943,0.7346219226727833,-5.7100354894281,False,False,False,False
hsa-miR-4433-5p,0.0380166666666667,1.02670140657124,-0.37656,0.22339,0.26722,0.247659707500159,0.810321707358133,0.987866425670943,0.8716285590119742,-5.71006751323433,False,False,False,False
hsa-miR-137,0.0321533333333333,1.0225372027143,0.11707,0.18819,-0.2088,0.247500246890437,0.810441082448006,0.987866425670943,0.8171041303909546,-5.71010689247801,False,False,False,False
hsa-mir-4506,0.03233,1.02266242619897,0.2769,-0.14338,-0.03653,0.247183110305688,0.810678512165235,0.987866425670943,0.8216377096472662,-5.71018513605983,False,False,False,False
hsa-miR-205-3p,0.03181,1.02229388772008,-0.0653,-0.10387,0.2646,0.247062060867859,0.810769143344994,0.987866425670943,0.8110940177219317,-5.71021497520619,False,False,False,False
hsa-miR-7111-5p,0.0289266666666667,1.02025279767137,-0.0238499999999999,0.11063,0.0,0.24675952019133,0.810995672372933,0.987866425670943,0.5572878706185149,-5.71028948972743,False,False,False,False
hsa-miR-4735-5p,-0.0284699999999999,1.01992990080193,-0.0345499999999999,-0.0308599999999999,-0.02,-0.246500803694217,0.811189402699716,0.987866425670943,0.02272834138691447,-5.71035313925508,True,False,False,False
hsa-miR-6850-3p,0.0440066666666666,1.03097308289102,0.56604,-0.34741,-0.0866100000000001,0.246492476203784,0.81164333736118,0.987866425670943,0.8861976405685612,-5.71011426093884,False,False,False,False
hsa-miR-575,-0.0333866666666666,1.02341172462822,0.0175800000000002,0.19137,-0.30911,-0.245867301729442,0.811663835238613,0.987866425670943,0.8411242302894615,-5.71050871616386,False,False,False,False
hsa-mir-3908,-0.02969,1.02079275865672,0.0664100000000001,-0.17371,0.01823,-0.245627026012015,0.811843800309412,0.987866425670943,0.7248006010418562,-5.71056762056768,False,False,False,False
hsa-miR-4449,-0.0566199999999999,1.04002629175075,0.50523,-0.71022,0.0351300000000001,-0.248283451970762,0.811883791090776,0.987866425670943,0.8875743046994405,-5.70880889418487,False,False,False,False
hsa-miR-541-5p,0.0294800000000001,1.02064418194971,0.15728,-0.0771899999999999,0.00835,0.245258847199435,0.812119586914892,0.987866425670943,0.7088883895329965,-5.71065777085527,False,False,False,False
hsa-miR-4661-3p,-0.0282833333333334,1.01979794318573,-0.03173,-0.0213800000000002,-0.03174,-0.244900173336039,0.812388280378528,0.987866425670943,0.01456882644537966,-5.71074546580095,True,False,False,False
hsa-miR-3714,-0.0287733333333333,1.02014436834652,-0.0978799999999999,-0.0474899999999999,0.0590499999999999,-0.244559264391013,0.812643689903756,0.987866425670943,0.5973912609492712,-5.71082870015047,False,False,False,False
hsa-miR-410-5p,0.0294266666666666,1.02060645162648,-0.01576,0.16768,-0.0636400000000001,0.244261311568132,0.812866936004629,0.987866425670943,0.7169073330345184,-5.7109013531037,False,False,False,False
hsa-mir-3714,-0.0305233333333334,1.02138256200103,-0.10724,0.16592,-0.15025,-0.243917438181344,0.813124611283018,0.987866425670943,0.786997419474084,-5.71098509495514,False,False,False,False
hsa-mir-6776,0.0490866666666666,1.03460973150972,-0.35717,-0.15901,0.66344,0.245293302651394,0.813165030057054,0.987866425670943,0.8895936182637985,-5.71007411529633,False,False,False,False
hsa-miR-5091,-0.0284,1.01988041469503,0.0062900000000001,-0.0932900000000001,0.0018,-0.243662484217196,0.813315671906695,0.987866425670943,0.47400877808384406,-5.71104710769725,False,False,False,False
hsa-miR-363-3p,-0.100426666666667,1.07209047869321,0.97857,-0.482419999999999,-0.79743,-0.252099946859955,0.813411463021475,0.987866425670943,0.8712839267004269,-5.70537051324777,False,False,False,False
hsa-mir-1322,0.0285533333333333,1.01998881596471,0.11202,-0.0016500000000001,-0.02471,0.243428376280055,0.813491122282885,0.987866425670943,0.5689178764345215,-5.71110399380064,False,False,False,False
hsa-mir-31,-0.0317066666666667,1.02222066832927,-0.11781,0.21355,-0.19086,-0.243130648166583,0.81371426834924,0.987866425670943,0.822671515268254,-5.71117626125194,False,False,False,False
hsa-miR-4665-3p,-0.0329366666666667,1.02309255567963,0.11893,-0.32569,0.10795,-0.242688554494938,0.814045648938848,0.987866425670943,0.8429041327433638,-5.71128340984382,False,False,False,False
hsa-miR-4804-3p,-0.02854,1.01997938930998,-0.0940000000000001,0.0594600000000001,-0.05108,-0.24268067872638,0.814051552744732,0.987866425670943,0.5961229723202248,-5.7112853169235,False,False,False,False
hsa-miR-6759-5p,0.03217,1.02254901559552,0.30134,-0.10788,-0.0969500000000001,0.242263250079137,0.814364482065467,0.987866425670943,0.8333877571686492,-5.71138630805532,False,False,False,False
hsa-mir-518a-1,-0.0299466666666666,1.02097438178212,-0.14504,-0.0959399999999999,0.15114,-0.241892246889634,0.814642637614085,0.987866425670943,0.7748739654644028,-5.71147592347366,False,False,False,False
hsa-miR-5087,-0.0361000000000001,1.02533830646114,-0.0959400000000001,-0.33848,0.32612,-0.241870247914909,0.814659131974025,0.987866425670943,0.8696582288245744,-5.71148123305432,False,False,False,False
hsa-miR-154-5p,-0.0430933333333333,1.03032060675424,0.12003,-0.57026,0.32095,-0.242350779555927,0.814733920398249,0.987866425670943,0.8878087869440385,-5.71113443482855,False,False,False,False
hsa-miR-4650-5p,0.0309966666666667,1.02171772204238,-0.19486,0.1799,0.10795,0.241589097033597,0.814869941463751,0.987866425670943,0.8124999238155912,-5.71154904857877,False,False,False,False
hsa-mir-6859-1,0.0352133333333334,1.02470833688509,-0.29926,0.07375,0.33115,0.241406352514264,0.815006973498713,0.987866425670943,0.8651796047882448,-5.71159308615752,False,False,False,False
hsa-mir-6859-3,0.0352133333333334,1.02470833688509,-0.29926,0.07375,0.33115,0.241406352514264,0.815006973498713,0.987866425670943,0.8651796047882448,-5.71159308615752,False,False,False,False
hsa-mir-6859-2,0.0352133333333334,1.02470833688509,-0.29926,0.07375,0.33115,0.241406352514264,0.815006973498713,0.987866425670943,0.8651796047882448,-5.71159308615752,False,False,False,False
hsa-miR-4451,-0.0328733333333333,1.02304764359648,0.21467,-0.01535,-0.29794,-0.241387237299619,0.815021307541056,0.987866425670943,0.8450835730261194,-5.71159769062546,False,False,False,False
hsa-miR-219b-3p,-0.0354466666666666,1.02487408081672,0.11386,-0.4062,0.186,-0.24125255692879,0.815122303212672,0.987866425670943,0.8668329589685022,-5.71163012221999,False,False,False,False
hsa-miR-4703-5p,-0.0337966666666667,1.02370260968973,0.28737,-0.14408,-0.24468,-0.241093532177837,0.815241559222597,0.987866425670943,0.8551019227817646,-5.71166839309126,False,False,False,False
hsa-mir-147a,-0.0309266666666666,1.02166814919195,0.1506,-0.24338,0.0,-0.241061008319166,0.815265950174963,0.987866425670943,0.8128395050168324,-5.71167621721649,False,False,False,False
hsa-miR-378c,0.0679599999999996,1.04823341191266,0.82591,-0.0349300000000001,-0.5871,0.245589761067904,0.815525305832345,0.987866425670943,0.8839058619052591,-5.70859536697789,False,False,False,False
hsa-miR-133b,-0.0280933333333332,1.01966364671609,0.04139,-0.0831299999999999,-0.0425399999999998,-0.2404237230755,0.815743918893747,0.987866425670943,0.5236223535916665,-5.71182931642172,False,False,False,False
hsa-miR-1178-5p,0.04914,1.03464797951367,0.18363,0.51903,-0.55524,0.241874347676501,0.815816115032339,0.987866425670943,0.8911491580885016,-5.71086464419653,False,False,False,False
hsa-miR-3972,0.0304766666666666,1.02134952400803,-0.18357,0.11231,0.16269,0.24017824649348,0.815928049891891,0.987866425670943,0.8043303322484288,-5.7118881823691,False,False,False,False
hsa-mir-4441,-0.02777,1.0194351477649,0.0,-0.02481,-0.0585,-0.239868584386476,0.816160343397155,0.987866425670943,0.2430540793997735,-5.71196235568734,False,False,False,False
hsa-miR-5699-3p,0.0317766666666666,1.02227026798875,0.0256799999999999,-0.19637,0.26602,0.239780143623012,0.816226690892156,0.987866425670943,0.8340421746939868,-5.71198352258455,False,False,False,False
hsa-mir-5586,0.0472666666666667,1.03330536542035,-0.09274,0.63056,-0.39602,0.241017965399644,0.816285895297862,0.987866425670943,0.8908945180469822,-5.71116435850473,False,False,False,False
hsa-mir-6806,-0.0346333333333334,1.02429646094006,0.08538,-0.38643,0.19715,-0.239451161508567,0.816473504143997,0.987866425670943,0.8643258601323358,-5.71206219174691,False,False,False,False
hsa-mir-6780b,-0.02926,1.02048855335594,0.0921000000000001,0.0068999999999999,-0.18678,-0.239309703753041,0.816579637068931,0.987866425670943,0.7567761819111928,-5.71209598568587,False,False,False,False
hsa-miR-671-3p,0.0385833333333333,1.02710475705238,0.46263,-0.01535,-0.33153,0.239129428963947,0.816755454860121,0.987866425670943,0.8826262190589557,-5.71211779374931,False,False,False,False
hsa-mir-4433,0.0364233333333334,1.02556812856229,0.08443,-0.33881,0.36365,0.239008024827683,0.816805994064925,0.987866425670943,0.874863202231627,-5.71216799038401,False,False,False,False
hsa-miR-6847-3p,0.0318466666666667,1.02231987005488,-0.12448,-0.0845899999999999,0.30461,0.23885133064363,0.816923572659112,0.987866425670943,0.837650771057517,-5.7122053548285,False,False,False,False
hsa-miR-130b-3p,-0.0341066666666663,1.02392260206345,-0.38177,0.15108,0.12837,-0.238144238539603,0.817454214038666,0.987866425670943,0.8626740555528671,-5.71237366389312,False,False,False,False
hsa-miR-4652-3p,0.0331566666666667,1.02324858139419,0.35134,-0.16783,-0.08404,0.23758432043724,0.817874478289451,0.987866425670943,0.855826691390547,-5.71250659233586,False,False,False,False
hsa-mir-1255a,-0.0293766666666667,1.02057108071519,0.0805199999999999,-0.20975,0.0410999999999999,-0.237537933507065,0.817909298256301,0.987866425670943,0.7772272226407745,-5.71251759108551,False,False,False,False
hsa-mir-3151,-0.0302866666666666,1.02121502321181,-0.13713,0.19607,-0.1498,-0.236672434109527,0.818559056347067,0.987866425670943,0.8141702213138532,-5.71272242049554,False,False,False,False
hsa-mir-1266,-0.0305233333333334,1.02138256200103,0.1501,0.0124799999999998,-0.25415,-0.236378679609952,0.818779620894818,0.987866425670943,0.8210464836382374,-5.71279177306869,False,False,False,False
hsa-mir-1273h,0.0387666666666666,1.02723528671972,0.517,-0.18462,-0.21608,0.236000758845549,0.819103405906709,0.987866425670943,0.8861876305915766,-5.71286017144835,False,False,False,False
hsa-miR-6764-3p,0.0284666666666667,1.0199275442662,0.17177,-0.07076,-0.01561,0.235490001961137,0.819446984971915,0.987866425670943,0.7355247983787594,-5.71300106434559,False,False,False,False
hsa-mir-4313,-0.0341166666666667,1.0239296993787,-0.38559,0.20732,0.07592,-0.235424448421872,0.819496219411555,0.987866425670943,0.8670078332574095,-5.71301647200134,False,False,False,False
hsa-miR-4762-3p,0.0273033333333334,1.01910544574597,0.0527500000000001,0.04721,-0.0180499999999999,0.235360445600459,0.819544289988478,0.987866425670943,0.3526761166940437,-5.71303151109842,False,False,False,False
hsa-mir-1260b,0.03022,1.02116783414784,0.21443,-0.18207,0.0583,0.235342660469354,0.819557648003625,0.987866425670943,0.8177981220386311,-5.71303568945351,False,False,False,False
hsa-miR-2110,0.0280633333333335,1.01964244362708,0.14934,-0.0180400000000001,-0.04711,0.235306115070712,0.81958509663214,0.987866425670943,0.6916379684426113,-5.71304427428088,False,False,False,False
hsa-mir-8060,-0.0342533333333334,1.02402670095095,0.3072,-0.31502,-0.09494,-0.235225830673606,0.819645397800916,0.987866425670943,0.8681988952509487,-5.71306312915964,False,False,False,False
hsa-mir-4445,-0.0296566666666666,1.02076917360843,-0.0539599999999999,-0.19762,0.16261,-0.23493736009308,0.819862076906229,0.987866425670943,0.8036044902828705,-5.71313082446013,False,False,False,False
hsa-mir-4477a,0.0281066666666668,1.01967307045272,-0.0094999999999998,-0.0594999999999999,0.15332,0.234925414713702,0.819871049799268,0.987866425670943,0.7044813643582942,-5.71313362591309,False,False,False,False
hsa-mir-517b,-0.0287899999999999,1.02015615358448,0.14282,-0.11725,-0.11194,-0.234432605645369,0.820241252711413,0.988024655804384,0.7691887503470665,-5.71324907804562,False,False,False,False
hsa-miR-1282,0.0295433333333334,1.02068898852021,-0.16425,0.05779,0.19509,0.23404226545258,0.820534513759766,0.988024655804384,0.8043128147502803,-5.71334035481723,False,False,False,False
hsa-mir-147b,0.02815,1.0197036981983,0.00777,0.15789,-0.08121,0.233858384423085,0.82067267317266,0.988024655804384,0.7256526791807189,-5.71338330142368,False,False,False,False
hsa-miR-3142,-0.03029,1.02121738272225,-0.24465,-0.03223,0.18601,-0.232309249971988,0.821836880388333,0.988749824951806,0.8302240601348956,-5.71374379064834,False,False,False,False
hsa-miR-3181,-0.0385399999999999,1.02707390700915,0.41612,-0.41981,-0.11193,-0.232249097985786,0.821921429348889,0.988749824951806,0.8890408102146956,-5.71373766878612,False,False,False,False
hsa-mir-3134,0.0293533333333333,1.02055457470944,0.16003,-0.17993,0.10796,0.232164340818182,0.821945806540669,0.988749824951806,0.8073409573781101,-5.71377739071639,False,False,False,False
hsa-mir-3143,0.0284166666666667,1.01989219688365,-0.0578999999999998,0.19732,-0.05417,0.231815132782513,0.822208317990633,0.988796622832358,0.7685490502299029,-5.71385827660703,False,False,False,False
hsa-miR-3652,-0.0308633333333333,1.02162329963791,-0.0202199999999999,-0.27303,0.20066,-0.231485124641143,0.822456417942346,0.988826068553848,0.8425139691687297,-5.71393460495244,False,False,False,False
hsa-miR-22-5p,0.0358166666666666,1.02513695829907,0.0834699999999999,-0.35583,0.37981,0.230405440637094,0.823268270890922,0.989247375257546,0.8823071511999221,-5.71418357825444,False,False,False,False
hsa-mir-6075,0.0294366666666667,1.02061352595584,-0.19413,0.11656,0.16588,0.230237833000946,0.82339432121393,0.989247375257546,0.8183577656042161,-5.71422212536154,False,False,False,False
hsa-mir-5690,-0.02815,1.0197036981983,0.10962,-0.01728,-0.17679,-0.230126608661745,0.823477971126872,0.989247375257546,0.7664144303489134,-5.7142476899309,False,False,False,False
hsa-mir-6868,-0.0304333333333334,1.02131884682855,-0.27342,-0.0057,0.18782,-0.229558199687148,0.823905498881129,0.989492155364571,0.8411157248375092,-5.71437814674341,False,False,False,False
hsa-mir-5698,-0.0291433333333334,1.02040603267018,0.13011,0.0253299999999999,-0.24287,-0.228547061863742,0.824666177510945,0.989629533332286,0.8175641981215953,-5.71460942869676,False,False,False,False
hsa-mir-3166,-0.0279066666666667,1.0195317235476,0.13259,-0.13314,-0.0831699999999999,-0.228531698846745,0.824677736612627,0.989629533332286,0.764770991719122,-5.71461293497939,False,False,False,False
hsa-miR-661,0.0313166666666668,1.02194437142035,0.14689,-0.26997,0.21703,0.228314236321666,0.824841359796971,0.989629533332286,0.8558342636350578,-5.71466254124773,False,False,False,False
hsa-mir-532,0.0294866666666667,1.02064889833819,-0.0919399999999999,-0.0882,0.2686,0.228003041081955,0.825075525071841,0.989629533332286,0.8282036940842841,-5.71473344823428,False,False,False,False
hsa-miR-6853-5p,-0.0286033333333334,1.02002416669589,-0.20214,-0.0311000000000001,0.14743,-0.227914024928808,0.825142510510402,0.989629533332286,0.8034949419403412,-5.71475371334544,False,False,False,False
hsa-miR-371b-5p,0.0284366666666667,1.01990633568967,-0.13661,0.0197700000000001,0.20215,0.227621474085326,0.825362668233711,0.989629533332286,0.7987844672433538,-5.71482025947507,False,False,False,False
hsa-mir-3168,-0.0273199999999999,1.01911721898175,0.11026,-0.0807599999999999,-0.11146,-0.227069597477885,0.825778024667162,0.98977995535972,0.7316869843414071,-5.7149455644937,False,False,False,False
hsa-miR-6885-5p,-0.0369966666666666,1.02597577482702,0.34675,0.00844,-0.46618,-0.226911007689479,0.825935783644813,0.98977995535972,0.8897185846592275,-5.71496232478017,False,False,False,False
hsa-miR-3915,-0.0284833333333333,1.01993932699929,-0.14663,-0.11742,0.1786,-0.225927461953996,0.826637808711983,0.989986798444932,0.8096675755831894,-5.71520393607253,False,False,False,False
hsa-mir-8054,-0.0266166666666667,1.01862050664892,-0.12283,0.03577,0.0072099999999999,-0.225760355753524,0.826763624696898,0.989986798444932,0.6402133076347212,-5.71524163069304,False,False,False,False
hsa-miR-3692-3p,0.0339333333333334,1.02379958974874,0.35069,-0.33062,0.0817300000000001,0.225500494954271,0.826959287060949,0.989986798444932,0.8797699947583741,-5.71530019355545,False,False,False,False
hsa-miR-1276,-0.0346233333333334,1.02428936108262,-0.44695,0.12492,0.21816,-0.225441250220332,0.827003897208408,0.989986798444932,0.8830548801341476,-5.71531353577623,False,False,False,False
hsa-mir-4320,0.0314233333333333,1.02201993238534,-0.11914,0.35645,-0.14304,0.224396286567135,0.827790843526563,0.990643260410385,0.8646548857232808,-5.71554829832372,False,False,False,False
hsa-miR-3938,-0.0358133333333333,1.0251345897325,-0.44093,0.34822,-0.0147299999999999,-0.223273768807653,0.828674170753146,0.990643260410385,0.8896340535593095,-5.71578068174487,False,False,False,False
hsa-miR-548ac,0.0377533333333334,1.02651402114126,0.3402,-0.46103,0.23409,0.223059109234355,0.828960723332294,0.990643260410385,0.8943499791840626,-5.71576705108533,False,False,False,False
hsa-mir-4283-1,0.0261,1.01825577743068,0.10667,0.00533,-0.0337000000000001,0.222582122699537,0.829157549761392,0.990643260410385,0.5963475807014595,-5.71595331333262,False,False,False,False
hsa-mir-4283-2,0.0261,1.01825577743068,0.10667,0.00533,-0.0337000000000001,0.222582122699537,0.829157549761392,0.990643260410385,0.5963475807014595,-5.71595331333262,False,False,False,False
hsa-miR-4683,0.0259866666666667,1.01817578977876,0.097,-0.0190399999999999,0.0,0.222497903295381,0.829221011668704,0.990643260410385,0.5446659744065294,-5.71597203662646,False,False,False,False
hsa-miR-6778-3p,-0.0288766666666667,1.02021743901659,0.21468,-0.13801,-0.1633,-0.222360725378274,0.829324382272894,0.990643260410385,0.8349241203176869,-5.71600251845282,False,False,False,False
hsa-miR-1298-3p,0.02723,1.01905364512432,0.12235,0.09914,-0.1398,0.22233403738889,0.829344493450757,0.990643260410385,0.7760252035983753,-5.71600844654146,False,False,False,False
hsa-miR-507,0.0286866666666667,1.02008308730384,0.26519,-0.0609000000000001,-0.11823,0.221876286121182,0.829689460170753,0.990648272156873,0.8325182073857649,-5.71611001552119,False,False,False,False
hsa-mir-101-2,0.0318566666666666,1.02232695626079,0.37887,-0.0932900000000001,-0.19001,0.221636259101927,0.829870362923156,0.990648272156873,0.8728609528873618,-5.71616319176592,False,False,False,False
hsa-miR-4646-3p,-0.0312233333333334,1.02187826015862,-0.30232,-0.0621,0.27075,-0.221436704420759,0.830020770769158,0.990648272156873,0.8682764390745475,-5.71620735839864,False,False,False,False
hsa-miR-15b-3p,-0.0334,1.02342118300461,0.29803,0.0,-0.39823,-0.220319453821931,0.830862998408714,0.990811172519789,0.8836947457289428,-5.7164539093837,False,False,False,False
hsa-miR-6740-5p,0.0290033333333333,1.02030701665551,-0.1763,-0.0079899999999999,0.2713,0.220028016486089,0.831082733352694,0.990811172519789,0.844785195499794,-5.71651802026799,False,False,False,False
hsa-mir-4653,0.0298433333333334,1.02090125689781,0.32211,-0.12065,-0.11193,0.220001918061224,0.831102411541183,0.990811172519789,0.8570979845199329,-5.71652375735631,False,False,False,False
hsa-miR-568,0.02899,1.02029758705999,0.25616,-0.19969,0.0305,0.219508462553767,0.831474500176942,0.990811172519789,0.8460823377667961,-5.71663210478158,False,False,False,False
hsa-miR-579-3p,0.0279866666666667,1.01958825995828,-0.17151,0.21224,0.0432299999999999,0.219483614389125,0.831493238046811,0.990811172519789,0.8245460173129654,-5.71663755430949,False,False,False,False
hsa-mir-4656,0.0363833333333334,1.0255396941702,-0.17236,-0.24081,0.52232,0.21939927047303,0.831593907086363,0.990811172519789,0.8950454969037683,-5.71663806289383,False,False,False,False
hsa-mir-4486,-0.0261466666666666,1.01828871534905,-0.0218799999999999,0.0781799999999999,-0.13474,-0.219171200877738,0.831728837121802,0.990811172519789,0.7121097482343212,-5.71670601870297,False,False,False,False
hsa-miR-6810-5p,-0.0253933333333333,1.01775713343889,-0.0763,0.0001200000000001,0.0,-0.218643447286008,0.832126870442718,0.990811172519789,0.42355846511968814,-5.71682145540858,False,False,False,False
hsa-miR-3133,-0.0268333333333333,1.01877349648877,-0.11294,0.14425,-0.11181,-0.218581182395811,0.832173834178764,0.990811172519789,0.7834541828728065,-5.7168350566193,False,False,False,False
hsa-mir-302e,-0.0342133333333333,1.02399830929572,-0.43279,0.3252,0.00495,-0.217106770909955,0.833322788491243,0.990989121721519,0.8905393706548407,-5.71713838771881,False,False,False,False
hsa-mir-585,-0.0395266666666666,1.02777656846311,-0.56408,0.38543,0.0600700000000001,-0.217468548730188,0.833472477127193,0.990989121721519,0.9001748865924833,-5.71685599159982,False,False,False,False
hsa-mir-548ai,-0.0304066666666667,1.02129996902225,-0.35073,0.05816,0.20135,-0.215961204848827,0.834150612854757,0.990989121721519,0.8710995255834059,-5.71740389949383,False,False,False,False
hsa-mir-6750,-0.0299666666666667,1.02098853559051,-0.25372,-0.11202,0.27584,-0.215836416827136,0.834244796848946,0.990989121721519,0.8673097164430196,-5.71743082410179,False,False,False,False
hsa-mir-2053,-0.0257433333333333,1.01800407281225,-0.05131,-0.11886,0.0929399999999999,-0.215576271405071,0.834441151167647,0.990989121721519,0.7202156416651582,-5.71748690436337,False,False,False,False
hsa-miR-4756-5p,-0.0340966666666666,1.0239155047974,0.16692,-0.47801,0.2088,-0.215181182806238,0.834775705543321,0.990989121721519,0.8921684770738777,-5.71755462515866,False,False,False,False
hsa-miR-4506,0.02771,1.0193927515306,0.19382,-0.20003,0.08934,0.214904356446511,0.834948360326715,0.990989121721519,0.8359175245534733,-5.71763144174311,False,False,False,False
hsa-miR-195-5p,0.02519,1.01761370093101,0.04921,0.0832300000000001,-0.05687,0.21476588835605,0.835052896015697,0.990989121721519,0.6110482172599483,-5.71766117257602,False,False,False,False
hsa-mir-4300,-0.0263766666666666,1.0184510677991,0.0163900000000001,-0.19598,0.10046,-0.214083020542152,0.835568473690613,0.990989121721519,0.7931247219473505,-5.71780751592416,False,False,False,False
hsa-mir-371a,-0.0256399999999999,1.01793116066932,-0.15155,0.0058099999999999,0.0688200000000001,-0.214013579940287,0.835620907315363,0.990989121721519,0.7333471946663502,-5.717822371736,False,False,False,False
hsa-miR-6868-3p,-0.0278666666666668,1.01950345651788,-0.22788,-0.0563200000000001,0.2006,-0.213655869783065,0.835891022968692,0.990989121721519,0.8436836378530572,-5.71789882319707,False,False,False,False
hsa-mir-6812,-0.0292533333333334,1.02048383770842,-0.10016,0.26422,-0.25182,-0.212809263986129,0.836530407072781,0.990989121721519,0.8661318588714518,-5.71807926018173,False,False,False,False
hsa-mir-4672,-0.0248633333333334,1.01738331069996,0.0539,-0.0618700000000001,-0.0666200000000001,-0.212396980904686,0.83684182304163,0.990989121721519,0.5925563872545412,-5.71816687369039,False,False,False,False
hsa-miR-4422,-0.0275633333333333,1.01928912371381,-0.26966,0.06955,0.11742,-0.212306710055178,0.836910012728566,0.990989121721519,0.8420356558253898,-5.71818603457335,False,False,False,False
hsa-mir-8080,0.02486,1.01738096004809,0.0037899999999999,-0.0319499999999999,0.10274,0.212240030013642,0.836960383091463,0.990989121721519,0.6000484332470026,-5.71820018290416,False,False,False,False
hsa-mir-8063,-0.02594,1.01814285551312,-0.1774,0.11495,-0.0153700000000001,-0.211582695765407,0.837456978352913,0.990989121721519,0.7880134479278561,-5.71833942257687,False,False,False,False
hsa-miR-204-5p,0.02582,1.01805817229308,0.01119,-0.10941,0.17568,0.21114392139065,0.837788501319725,0.990989121721519,0.7842312039782027,-5.71843212827692,False,False,False,False
hsa-mir-6769a,-0.0246233333333334,1.01721407764715,0.0256700000000001,-0.0103900000000001,-0.0891500000000001,-0.211085120819676,0.837832931625986,0.990989121721519,0.5431399770934887,-5.71844453740214,False,False,False,False
hsa-miR-5680,-0.0271699999999999,1.01901126475594,0.19327,-0.0631299999999999,-0.21165,-0.210550400618659,0.838236999761665,0.990989121721519,0.8396526014665288,-5.71855722662067,False,False,False,False
hsa-mir-3935,0.0281966666666666,1.01973668295313,-0.22593,0.04572,0.2648,0.209511843116676,0.839021943513807,0.990989121721519,0.8608899925572128,-5.71877528935387,False,False,False,False
hsa-miR-5093,0.0360733333333334,1.02531935436013,-0.45968,0.40928,0.15862,0.209580550431552,0.83916935355931,0.990989121721519,0.9016964837332512,-5.71866799856257,False,False,False,False
hsa-miR-5190,-0.02478,1.01732454603271,-0.12799,0.0536500000000002,0.0,-0.209254403489874,0.83921654631084,0.990989121721519,0.6907309469415703,-5.71882917829814,False,False,False,False
hsa-miR-324-5p,-0.0479633333333333,1.03380446136366,0.16635,0.42614,-0.73638,-0.211302478902457,0.83935906757538,0.990989121721519,0.9041705908549071,-5.71760034610712,False,False,False,False
hsa-miR-30c-5p,-0.06454,1.04575145118114,0.77598,-0.24652,-0.72308,-0.213802791244212,0.839421563147755,0.990989121721519,0.8973424562901101,-5.71611514944821,False,False,False,False
hsa-miR-6858-3p,0.0279866666666667,1.01958825995828,0.10035,-0.24146,0.22507,0.208908488372887,0.83947804753537,0.990989121721519,0.8594973905081369,-5.71890148436948,False,False,False,False
hsa-mir-6847,0.0264566666666666,1.01850754428384,0.18044,0.07799,-0.17906,0.20885420675569,0.839519084683794,0.990989121721519,0.8276643036565124,-5.71891282003151,False,False,False,False
hsa-mir-181c,0.0315566666666667,1.02211439144816,-0.34842,0.33775,0.10534,0.20824639382898,0.839978629335075,0.990989121721519,0.8899263600972639,-5.71903955107085,False,False,False,False
hsa-mir-329-1,0.02756,1.01928676865859,-0.17866,-0.0187900000000001,0.28013,0.207609899971834,0.840459927953647,0.990989121721519,0.8565577018905075,-5.71917187072852,False,False,False,False
hsa-mir-340,-0.0289966666666666,1.02030230184685,0.0197400000000001,0.22415,-0.33088,-0.207309175297726,0.840687352065717,0.990989121721519,0.8744856388641449,-5.71923424856803,False,False,False,False
hsa-mir-6849,0.03113,1.02181215317374,-0.33621,0.34182,0.08778,0.207023471721275,0.840903431036309,0.990989121721519,0.8893804985039272,-5.71929342783183,False,False,False,False
hsa-miR-6854-3p,-0.0242333333333333,1.01693913397395,0.0393000000000001,-0.01152,-0.10048,-0.206807995236315,0.841066406334727,0.990989121721519,0.6131681134842369,-5.71933800720699,False,False,False,False
hsa-miR-515-3p,0.03045,1.02133064563469,0.2276,-0.34583,0.20958,0.206536437832458,0.841271809858703,0.990989121721519,0.8863415366375013,-5.71939412363378,False,False,False,False
hsa-mir-548j,-0.0259566666666666,1.01815461762856,-0.19583,-0.0386499999999999,0.15661,-0.206504153037652,0.841296230633828,0.990989121721519,0.8227982044027458,-5.71940079032862,False,False,False,False
hsa-miR-4639-3p,0.0246066666666667,1.01720232639719,-0.08924,0.03731,0.12575,0.206074231015932,0.841621448321931,0.990989121721519,0.7313533055287094,-5.71948946944502,False,False,False,False
hsa-miR-5685,0.0293666666666667,1.02056400668004,-0.05124,-0.21998,0.35932,0.205847268334126,0.841793148856484,0.990989121721519,0.8801535568806389,-5.71953621084908,False,False,False,False
hsa-miR-1286,0.03127,1.02191131525486,0.42447,-0.07854,-0.25212,0.205754530595269,0.841863308860273,0.990989121721519,0.8916575638024659,-5.71955529488929,False,False,False,False
hsa-mir-5694,0.02831,1.01981679322845,0.0131300000000001,0.302,-0.2302,0.205672965748871,0.841925017332111,0.990989121721519,0.8709481099181078,-5.71957207268553,False,False,False,False
hsa-miR-3187-5p,0.02433,1.01700727547785,-0.0172600000000001,-0.0406299999999999,0.13088,0.205487744162078,0.842065152335588,0.990989121721519,0.694906370383829,-5.71961014812149,False,False,False,False
hsa-miR-4254,0.02419,1.01690858926462,-0.06077,0.10751,0.02583,0.205215573619857,0.842271081975112,0.990989121721519,0.667918786313618,-5.71966603583101,False,False,False,False
hsa-miR-5697,0.0265500000000001,1.01857343747431,-0.0670999999999999,0.2651,-0.11835,0.205076899156018,0.842376010753769,0.990989121721519,0.8456700863204076,-5.7196944831791,False,False,False,False
hsa-miR-4665-5p,-0.03001,1.02101920284848,-0.38409,0.0527199999999999,0.24134,-0.204802461323606,0.84258367540379,0.990989121721519,0.8861790979102492,-5.71975072463483,False,False,False,False
hsa-mir-3665,0.0314833333333333,1.02206243788329,0.34892,-0.36145,0.10698,0.204739504090391,0.842631316410974,0.990989121721519,0.8938367227517987,-5.719763616165,False,False,False,False
hsa-miR-4534,0.0321366666666666,1.02252538996955,0.42207,-0.34284,0.01718,0.203390929311617,0.843686232781984,0.990989121721519,0.8976866971668033,-5.72002328902669,False,False,False,False
hsa-mir-6749,0.0301433333333333,1.02111356941998,-0.3433,0.1476,0.28613,0.203305612909429,0.843716555438084,0.990989121721519,0.8890686678764861,-5.72005616747466,False,False,False,False
hsa-mir-3117,0.0278133333333334,1.01946576836403,0.27547,-0.24498,0.05295,0.203251655987108,0.843757399568693,0.990989121721519,0.8706485415572123,-5.72006713639044,False,False,False,False
hsa-let-7f-2,-0.0263466666666667,1.01842988992471,0.0256700000000001,0.15299,-0.2577,-0.203094996720519,0.843875989801361,0.990989121721519,0.8482865868966387,-5.72009896736926,False,False,False,False
hsa-miR-4675,-0.02502,1.01749379746405,0.12544,-0.02012,-0.18038,-0.203040838763833,0.843916988064034,0.990989121721519,0.803579757531659,-5.72010996586314,False,False,False,False
hsa-miR-548m,0.0251066666666667,1.01755492295629,-0.1352,0.0283600000000002,0.18216,0.202802539826253,0.84409738935377,0.990989121721519,0.809786326160669,-5.7201583255586,False,False,False,False
hsa-mir-3688-1,0.0234099999999999,1.01635894135211,0.03931,0.0111699999999999,0.0197499999999999,0.202599471643181,0.84425112729201,0.990989121721519,0.10665934350254763,-5.72019949128871,True,False,False,False
hsa-miR-24-3p,0.0249233333333336,1.01742562336222,0.14096,0.0803200000000004,-0.146509999999999,0.202487441297516,0.844335945731673,0.990989121721519,0.8025234703969504,-5.7202221844779,False,False,False,False
hsa-miR-3191-3p,0.0256833333333334,1.01796173609345,0.17288,0.0891,-0.18493,0.202390018633242,0.844409706402394,0.990989121721519,0.8342440418425162,-5.72024190859814,False,False,False,False
hsa-miR-4668-5p,0.0250866666666667,1.01754081674755,0.20818,-0.02643,-0.10649,0.201831874562528,0.844832319758653,0.990989121721519,0.8153554003522683,-5.72035472900688,False,False,False,False
hsa-mir-301a,-0.0262900000000001,1.01838988847459,-0.04834,-0.22937,0.19884,-0.201708271547612,0.844925916181739,0.990989121721519,0.8518606367456222,-5.72037967180142,False,False,False,False
hsa-mir-326,-0.02588,1.01810051302263,-0.11555,0.20256,-0.16465,-0.201618286834218,0.844994057313164,0.990989121721519,0.8429754823080161,-5.72039782099317,False,False,False,False
hsa-mir-3147,-0.0275333333333333,1.01926792841271,0.10367,0.13997,-0.32624,-0.201606886867216,0.845002690062659,0.990989121721519,0.87104997090169,-5.72040011970281,False,False,False,False
hsa-miR-4697-3p,-0.0256666666666667,1.01794997620626,0.0118,0.14377,-0.23257,-0.201548785960319,0.84504668795196,0.990989121721519,0.8375590952820442,-5.72041183327511,False,False,False,False
hsa-miR-1321,0.0265666666666667,1.01858520456405,-0.19327,0.26117,0.0118,0.201231845090622,0.845286706852128,0.990989121721519,0.858467730190942,-5.72047567208236,False,False,False,False
hsa-mir-4696,-0.0242000000000001,1.01691563796227,-0.11692,-0.0667,0.11102,-0.201186113973512,0.845321340373942,0.990989121721519,0.7597735976465352,-5.72048487512064,False,False,False,False
hsa-mir-208b,-0.0235699999999999,1.01647166541628,0.0659800000000001,-0.11869,-0.018,-0.199126276996747,0.846881682248013,0.992081316142558,0.7019770776082551,-5.7208972552637,False,False,False,False
hsa-mir-502,-0.0407266666666667,1.02863180461333,0.34418,0.20547,-0.67183,-0.200128125455962,0.847074908608444,0.992081316142558,0.9098321005764665,-5.72027023420262,False,False,False,False
hsa-miR-1915-5p,-0.0423699999999999,1.02980415773364,-0.36575,0.62135,-0.38271,-0.199879861235074,0.84746116734455,0.992081316142558,0.9100959976541798,-5.72023116701042,False,False,False,False
hsa-mir-4540,-0.02387,1.01668305673502,-0.0646800000000001,-0.12117,0.11424,-0.198032092372891,0.847710825553239,0.992081316142558,0.7685774024044025,-5.72111460330737,False,False,False,False
hsa-mir-1292,0.0228833333333333,1.01598797959784,0.05492,-0.0039200000000001,0.0176500000000002,0.197645128811184,0.848004103941442,0.992081316142558,0.31450303594360574,-5.72119118573367,False,False,False,False
hsa-miR-6805-5p,0.11722,1.08464279599371,1.39446,-1.2376,0.1948,0.205220144865002,0.84836955768494,0.992081316142558,0.8916936096173721,-5.71679834309331,False,False,False,False
hsa-miR-3117-5p,0.0234433333333334,1.01638242450121,0.07454,-0.0932899999999999,0.08908,0.197099932878609,0.848417348485797,0.992081316142558,0.7274429108817881,-5.72129883168813,False,False,False,False
hsa-miR-4804-5p,-0.0280233333333333,1.01961417352759,-0.10518,0.3025,-0.28139,-0.196078581003645,0.849191640014206,0.992081316142558,0.8861471491239574,-5.72149969979297,False,False,False,False
hsa-miR-3944-3p,0.0295000000000001,1.02065833118053,-0.27245,-0.0417999999999998,0.40275,0.196029887959426,0.84922855875312,0.992081316142558,0.8953048583303884,-5.72150925039705,False,False,False,False
hsa-let-7a-2,0.0237866666666666,1.01662433251486,-0.11572,0.15427,0.03281,0.195654698205011,0.849513038256999,0.992081316142558,0.7893881166381876,-5.72158276097417,False,False,False,False
hsa-miR-4782-5p,-0.0282866666666667,1.01980029942201,0.26619,0.0,-0.35105,-0.195606988070886,0.84954921510016,0.992081316142558,0.888791695589415,-5.72159209878384,False,False,False,False
hsa-miR-518c-3p,0.0291800000000001,1.02043196702378,-0.12964,0.41809,-0.20091,0.194953793594072,0.850044546262322,0.992081316142558,0.8950628085334973,-5.72171971501746,False,False,False,False
hsa-mir-548h-2,0.02306,1.01611240104172,0.0652999999999999,-0.08405,0.0879300000000001,0.194716913658433,0.850224194686502,0.992081316142558,0.7106946525677127,-5.72176589041402,False,False,False,False
hsa-miR-449c-5p,-0.0233366666666666,1.0163072803339,0.1079,-0.10074,-0.07717,-0.194694904084874,0.850240887093214,0.992081316142558,0.7573401324268945,-5.72177017795419,False,False,False,False
hsa-miR-132-5p,-0.0304833333333333,1.02135424365589,0.34623,-0.02634,-0.41134,-0.193840745005475,0.850921351632314,0.992081316142558,0.9019163387519158,-5.72192205874998,False,False,False,False
hsa-miR-339-3p,-0.0319866666666665,1.02241908140754,-0.38727,-0.13871,0.43002,-0.193655894408416,0.851061542150122,0.992081316142558,0.9069010578174355,-5.7219579191714,False,False,False,False
hsa-miR-181a-5p,0.0320633333333333,1.02247341551383,0.42549,0.0862300000000005,-0.41553,0.193137196103715,0.851454952302991,0.992081316142558,0.9075876579457194,-5.72205836406671,False,False,False,False
hsa-mir-4690,0.0454033333333334,1.03197164663187,0.72731,-0.49396,-0.09714,0.195043015504268,0.851697720767986,0.992081316142558,0.9110941218013202,-5.72094584225814,False,False,False,False
hsa-mir-4781,0.0291366666666667,1.02040131740398,0.0401800000000001,-0.32568,0.37291,0.192174599138574,0.852152850646929,0.992081316142558,0.8984038147941598,-5.72225796786033,False,False,False,False
hsa-mir-875,0.0243066666666666,1.0169908271106,0.17485,-0.18223,0.0803,0.191916594626635,0.852348637460157,0.992081316142558,0.841134464602128,-5.72230754793823,False,False,False,False
hsa-miR-6812-3p,-0.0285766666666667,1.02000531282013,0.13403,-0.41659,0.19683,-0.191195090517549,0.85289620837487,0.992081316142558,0.8968499963051618,-5.72244584736051,False,False,False,False
hsa-miR-1265,-0.02308,1.01612648744828,-0.16594,0.0737399999999999,0.0229600000000001,-0.191037899353628,0.853015516593901,0.992081316142558,0.7815919556376729,-5.72247590964352,False,False,False,False
hsa-miR-6502-3p,-0.0325833333333333,1.02284201871276,-0.47974,-0.02676,0.40875,-0.190202541672759,0.853806640963093,0.992081316142558,0.9105365515999807,-5.72256826986689,False,False,False,False
hsa-miR-4714-5p,-0.02392,1.01671829289532,-0.0719299999999998,-0.17354,0.17371,-0.189968580383177,0.853827236289984,0.992081316142558,0.8380740383841947,-5.72267976329651,False,False,False,False
hsa-mir-5692a-2,-0.0235866666666666,1.01648340822526,-0.12663,0.16594,-0.11007,-0.189635728913342,0.854079941268271,0.992081316142558,0.8268782360003448,-5.72274298636248,False,False,False,False
hsa-mir-5692a-1,-0.0235866666666666,1.01648340822526,-0.12663,0.16594,-0.11007,-0.189635728913342,0.854079941268271,0.992081316142558,0.8268782360003448,-5.72274298636248,False,False,False,False
hsa-miR-3657,-0.0269933333333334,1.01888648835053,-0.26367,-0.12284,0.30553,-0.189536607082234,0.854155199230698,0.992081316142558,0.889170389813418,-5.72276179271317,False,False,False,False
hsa-mir-7161,0.0263066666666666,1.01840165344388,-0.10809,-0.15544,0.34245,0.189334419753715,0.854308714254351,0.992081316142558,0.8835566528163418,-5.72280012344614,False,False,False,False
hsa-mir-302d,-0.02534,1.01771950984166,-0.29333,0.17771,0.0396000000000001,-0.189030445705396,0.854539525323331,0.992081316142558,0.8728710066827149,-5.72285767466366,False,False,False,False
hsa-mir-8086,0.0217866666666667,1.01521596836451,0.0042999999999999,0.0421400000000001,0.01892,0.188463412194049,0.854970120000025,0.992081316142558,0.18659568784728314,-5.72296478592089,True,False,False,False
hsa-miR-30e-3p,-0.02745,1.01920905488883,0.2449,-0.375,0.04775,-0.188239684273551,0.855140028922118,0.992081316142558,0.894444173618439,-5.72300695987325,False,False,False,False
hsa-miR-668-5p,-0.0227933333333333,1.01592460094642,-0.0145899999999999,0.10395,-0.15774,-0.188045105381455,0.855287807258133,0.992081316142558,0.7916377890048132,-5.72304359871746,False,False,False,False
hsa-let-7a-3,-0.0223100000000001,1.01558430173813,-0.12087,0.0837699999999999,-0.02983,-0.18744633086099,0.855742600934655,0.992081316142558,0.742482424406439,-5.72315611131269,False,False,False,False
hsa-mir-4514,-0.0226666666666667,1.01583540806077,-0.0067999999999999,0.10048,-0.16168,-0.186899621399506,0.8561578987421,0.992081316142558,0.7938908213986337,-5.72325853010651,False,False,False,False
hsa-mir-6838,-0.0280833333333333,1.01965657897076,0.13881,-0.42444,0.20138,-0.186285912918225,0.856624147437728,0.992081316142558,0.9007045133305766,-5.72337314712354,False,False,False,False
hsa-mir-3181,0.0221533333333332,1.01547402232075,-0.0910500000000001,0.11046,0.0470499999999998,0.18607570285175,0.856783862607937,0.992081316142558,0.745353984572574,-5.72341232034352,False,False,False,False
hsa-miR-3680-5p,-0.0231833333333333,1.01619927032648,0.11894,0.0182,-0.20669,-0.186020532370734,0.856825781652767,0.992081316142558,0.8321028388612839,-5.72342259425201,False,False,False,False
hsa-miR-3671,0.0248633333333333,1.01738331069996,0.29889,-0.14562,-0.0786800000000001,0.185963820268693,0.856868872535129,0.992081316142558,0.8739546138077823,-5.72343315209597,False,False,False,False
hsa-mir-8058,0.0272,1.01903245471981,-0.32002,0.31248,0.08914,0.185636754091046,0.857117393215603,0.992081316142558,0.8967012029578365,-5.72349397832088,False,False,False,False
hsa-mir-4461,-0.0247800000000001,1.01732454603271,-0.1274,-0.19617,0.24923,-0.185317900101959,0.857359690061137,0.992081316142558,0.8744298077392536,-5.72355317513097,False,False,False,False
hsa-miR-651-3p,0.0305366666666667,1.0213920016239,-0.45184,0.25755,0.2859,0.185097960367237,0.857557910608096,0.992081316142558,0.9108812754636739,-5.72358102497239,False,False,False,False
hsa-miR-4720-3p,0.0237299999999999,1.01658440198265,-0.12323,0.2498,-0.05538,0.184983977588222,0.857613454562872,0.992081316142558,0.8552731422981246,-5.72361506136783,False,False,False,False
hsa-miR-5699-5p,0.0222766666666667,1.01556083702936,-0.0781299999999998,-0.01536,0.16032,0.184726221655701,0.857809348195667,0.992081316142558,0.784450963426591,-5.72366275591681,False,False,False,False
hsa-mir-105-1,-0.02757,1.01929383384057,-0.1791,0.35829,-0.2619,-0.1846304286907,0.857882153172889,0.992081316142558,0.9002204388854325,-5.72368046442086,False,False,False,False
hsa-mir-105-2,-0.02757,1.01929383384057,-0.1791,0.35829,-0.2619,-0.1846304286907,0.857882153172889,0.992081316142558,0.9002204388854325,-5.72368046442086,False,False,False,False
hsa-miR-558,-0.0219466666666667,1.0153285656619,0.04919,0.02302,-0.13805,-0.184512396893701,0.857971862174616,0.992081316142558,0.7437611164047964,-5.72370227152602,False,False,False,False
hsa-mir-1247,0.0216500000000001,1.01511980139443,-0.0622999999999998,0.0787500000000001,0.0485,0.184491811694671,0.857987507992242,0.992081316142558,0.6637255714528609,-5.72370607335347,False,False,False,False
hsa-mir-548ab,-0.0217866666666666,1.01521596836451,-0.0081,0.0661800000000001,-0.12344,-0.183759504741835,0.858544142224931,0.992081316142558,0.7310276860348688,-5.72384104772383,False,False,False,False
hsa-miR-125b-2-3p,-0.0231300000000001,1.01616170431903,-0.0523900000000002,0.17224,-0.18924,-0.183041000303218,0.859090366138064,0.992081316142558,0.8466193718091449,-5.72397296093374,False,False,False,False
hsa-miR-5197-3p,-0.0295466666666667,1.02069134681525,-0.49261,0.20596,0.19801,-0.182848021629279,0.859267776767771,0.992081316142558,0.9101328560576474,-5.72399568422097,False,False,False,False
hsa-mir-449c,0.0246433333333334,1.01722817932629,0.00123,-0.21361,0.28631,0.182135306983842,0.859779009428093,0.992081316142558,0.8805110732036863,-5.72413851103625,False,False,False,False
hsa-mir-602,-0.0227466666666666,1.01589173949851,0.12148,0.0197400000000001,-0.20946,-0.182081256567831,0.859820110633069,0.992081316142558,0.8378276663853483,-5.72414836507647,False,False,False,False
hsa-miR-100-3p,-0.0217066666666668,1.01515967439843,0.0952799999999998,-0.11382,-0.0465800000000001,-0.181929536746349,0.859935484354131,0.992081316142558,0.7583318272483468,-5.72417600993027,False,False,False,False
hsa-miR-520f-3p,-0.0226033333333332,1.01579081455448,0.01223,-0.20333,0.12329,-0.181465058223782,0.860288714143214,0.992081316142558,0.8355749174724869,-5.72426050048137,False,False,False,False
hsa-mir-7150,0.0216466666666667,1.01511745597238,0.0583400000000001,-0.09873,0.10533,0.181413963644602,0.860327572923537,0.992081316142558,0.7592116940114342,-5.72426978172181,False,False,False,False
hsa-miR-3131,0.02686,1.01879232759552,-0.23311,0.3988,-0.08511,0.181213559052454,0.860479989795222,0.992081316142558,0.900953563103853,-5.72430615984957,False,False,False,False
hsa-miR-620,-0.0215433333333332,1.01504475057658,-0.10405,0.10098,-0.0615599999999998,-0.18040257316956,0.861096844618605,0.992081316142558,0.7631169853329238,-5.72445296569276,False,False,False,False
hsa-miR-3939,0.0208266666666666,1.01454064675343,-0.0009400000000001,0.0457699999999999,0.0176500000000002,0.180058454740112,0.86135861955735,0.992081316142558,0.26478327872035967,-5.72451506121586,False,False,False,False
hsa-miR-6788-3p,-0.0221100000000001,1.01544352161742,0.0924399999999999,-0.19013,0.0313600000000001,-0.18003309899927,0.861377908683147,0.992081316142558,0.820817441160413,-5.72451963196138,False,False,False,False
hsa-miR-3115,0.0211299999999999,1.0147539810632,0.09459,0.0374099999999999,-0.0686100000000001,0.179370546849464,0.861881973332045,0.992081316142558,0.7017141812659391,-5.72463884049217,False,False,False,False
hsa-miR-602,0.0393233333333333,1.0276317239163,0.60913,-0.56704,0.07588,0.180748015827867,0.862009619851674,0.992081316142558,0.9184957720245096,-5.72390964094658,False,False,False,False
hsa-miR-4324,0.0222666666666667,1.01555379772245,-0.07653,-0.0684199999999999,0.21175,0.179052468748908,0.862123988469753,0.992081316142558,0.8361093186832683,-5.72469591529208,False,False,False,False
hsa-mir-3927,-0.0224366666666666,1.01567347257603,0.17776,-0.13351,-0.11156,-0.178945930881162,0.862205053055341,0.992081316142558,0.843763747372795,-5.72471500960887,False,False,False,False
hsa-miR-548ar-3p,-0.0224333333333333,1.01567112587472,0.17104,-0.0704600000000001,-0.16788,-0.178799294289724,0.862316631546718,0.992081316142558,0.844456543501365,-5.72474127221379,False,False,False,False
hsa-mir-6798,-0.02332,1.01629553955961,-0.20663,0.21676,-0.08009,-0.178495408265832,0.862547874411781,0.992081316142558,0.8697018695206828,-5.7247956302116,False,False,False,False
hsa-mir-6500,-0.02249,1.01571102053426,-0.11577,0.18423,-0.13593,-0.178488494129813,0.862553135904399,0.992081316142558,0.8481656666996568,-5.72479686591954,False,False,False,False
hsa-mir-3158-1,-0.0213233333333333,1.01488997578833,0.0921100000000001,-0.0282800000000001,-0.1278,-0.178354737940185,0.86265492259845,0.992081316142558,0.7692440773948162,-5.72482076174605,False,False,False,False
hsa-mir-4504,-0.0273966666666666,1.01917137761817,-0.35165,0.36377,-0.0943099999999999,-0.177900989408688,0.863000239387882,0.992081316142558,0.907799519168723,-5.72490169252261,False,False,False,False
hsa-miR-6728-5p,-0.02441,1.01706367189952,-0.27874,0.24894,-0.0434300000000001,-0.177747422732686,0.863117115459329,0.992081316142558,0.8876253261615351,-5.72492903643091,False,False,False,False
hsa-mir-492,-0.0232533333333333,1.01624857781881,-0.19046,-0.10967,0.23037,-0.176905487425417,0.863757956193037,0.992081316142558,0.8735016093002138,-5.72507853428605,False,False,False,False
hsa-mir-4264,-0.0230766666666666,1.01612413970029,-0.12506,0.22559,-0.16976,-0.176778706158437,0.863854465234174,0.992081316142558,0.8705580852516389,-5.72510098515501,False,False,False,False
hsa-miR-4746-3p,-0.0210533333333333,1.01470005716667,0.05235,0.0241,-0.13961,-0.176774790034848,0.863857446322851,0.992081316142558,0.7585667372960203,-5.72510167838165,False,False,False,False
hsa-miR-7702,0.0221300000000001,1.01545759875127,0.2003,0.0102199999999999,-0.14413,0.176684574608876,0.863926122061002,0.992081316142558,0.8448026647161879,-5.72511764397116,False,False,False,False
hsa-miR-7158-5p,0.0232,1.01621100998861,-0.17683,-0.0177700000000001,0.2642,0.176495534233991,0.864070031420428,0.992081316142558,0.8738000865725699,-5.72515107257636,False,False,False,False
hsa-miR-6791-5p,-0.0263199999999995,1.01841106551717,0.3621,-0.223799999999999,-0.21726,-0.176327175257556,0.864198201310806,0.992081316142558,0.9046119568789386,-5.72518081414174,False,False,False,False
hsa-mir-551a,-0.0218366666666667,1.01525115367853,-0.13004,0.16472,-0.10019,-0.175873231259977,0.86454380514725,0.992081316142558,0.8373612045321107,-5.72526086561749,False,False,False,False
hsa-mir-194-1,-0.0205566666666666,1.01435079350249,-0.08091,0.0618700000000001,-0.0426299999999999,-0.175201313361097,0.865055416752828,0.992081316142558,0.6775352684362077,-5.72537898031639,False,False,False,False
hsa-miR-4638-3p,0.02161,1.01509165668747,0.12477,-0.15734,0.0973999999999999,0.175001819849918,0.865207328001458,0.992081316142558,0.8322910261688943,-5.72541396241323,False,False,False,False
hsa-miR-6785-3p,0.0238766666666667,1.01668775481917,0.12531,0.21879,-0.27247,0.174535351461022,0.865562559582915,0.992081316142558,0.8885983822462408,-5.72549560546007,False,False,False,False
hsa-miR-4727-5p,0.0220666666666667,1.0154130218302,-0.15494,0.00363,0.21751,0.17392774751272,0.866025319033359,0.992081316142558,0.8568930584159488,-5.72560162638562,False,False,False,False
hsa-miR-5702,-0.02047,1.01428986048535,-0.0562,-0.07832,0.07311,-0.173850637552661,0.866084050931877,0.992081316142558,0.7069481251669422,-5.72561505508697,False,False,False,False
hsa-miR-3171,-0.0239966666666667,1.01677232404634,-0.0010699999999999,0.23399,-0.30491,-0.173608010415174,0.86626885706729,0.992081316142558,0.8918595644776636,-5.72565727006726,False,False,False,False
hsa-mir-568,-0.0220833333333332,1.01542475240917,0.0435300000000001,-0.23926,0.12948,-0.173089996488101,0.866663450989335,0.992081316142558,0.8611681007061461,-5.72574720415428,False,False,False,False
hsa-mir-4463,-0.0205766666666666,1.01436485548781,0.0887500000000001,-0.11083,-0.0396500000000001,-0.173018708891554,0.866717756967085,0.992081316142558,0.7582391008466941,-5.72575955975364,False,False,False,False
hsa-miR-371a-5p,-0.0202933333333333,1.01416566220884,0.05837,-0.0223900000000001,-0.09686,-0.172676857760018,0.866978185148635,0.992081316142558,0.6951067632240577,-5.72581873937619,False,False,False,False
hsa-miR-6842-5p,-0.0241066666666666,1.01684985201758,0.22586,0.02806,-0.32624,-0.172540864874839,0.86708179167748,0.992081316142558,0.8950337330779955,-5.7258422495206,False,False,False,False
hsa-miR-3155a,0.0256166666666667,1.0179146973598,0.10599,-0.33985,0.31071,0.172384998344533,0.867200542326529,0.992081316142558,0.9061000149577657,-5.72586917277158,False,False,False,False
hsa-miR-5010-5p,0.103723333333333,1.07454308719408,1.58261,-0.25719,-1.01425,0.17923125406788,0.867293885164449,0.992081316142558,0.9053074630796397,-5.72246020231578,False,False,False,False
hsa-miR-346,-0.0233233333333334,1.01629788770362,-0.07796,-0.24335,0.25134,-0.172183461798088,0.867354093043133,0.992081316142558,0.8872925959046327,-5.72590394893663,False,False,False,False
hsa-mir-4790,0.0206466666666666,1.01441407397162,-0.0367600000000001,-0.05568,0.15438,0.172041236540075,0.867462458057787,0.992081316142558,0.7873651503642336,-5.72592846633923,False,False,False,False
hsa-mir-652,-0.0214333333333334,1.01496736023221,0.15589,-0.03953,-0.18066,-0.171643176320424,0.867765765893226,0.992081316142558,0.8465157929325124,-5.72599697879977,False,False,False,False
hsa-mir-3199-2,-0.0202600000000001,1.01414223027722,-0.12223,0.02667,0.0347799999999998,-0.17151804563438,0.867861115833445,0.992081316142558,0.7297554247162942,-5.72601848323604,False,False,False,False
hsa-mir-3199-1,-0.0202600000000001,1.01414223027722,-0.12223,0.02667,0.0347799999999998,-0.17151804563438,0.867861115833445,0.992081316142558,0.7297554247162942,-5.72601848323604,False,False,False,False
hsa-miR-638,0.0212933333333331,1.01486887196399,0.20336,-0.0302100000000003,-0.10927,0.171453899141707,0.867909996528644,0.992081316142558,0.8415934547679209,-5.72602950115003,False,False,False,False
hsa-mir-1254-2,-0.0216899999999998,1.01514794688174,-0.10588,-0.1514,0.19221,-0.171001625079441,0.86825465388803,0.992081316142558,0.8590857325213337,-5.72610706845881,False,False,False,False
hsa-miR-3679-3p,-0.02659,1.01860167871807,-0.44173,0.0852899999999999,0.27667,-0.170655796581195,0.868518214007177,0.992081316142558,0.912799526268038,-5.72616624263501,False,False,False,False
hsa-mir-6778,-0.02834,1.01983799994298,-0.26743,-0.27788,0.46029,-0.170692604790251,0.868518755531998,0.992081316142558,0.9182578953422198,-5.72614892028593,False,False,False,False
hsa-miR-3976,0.02071,1.0144586070386,0.02484,0.15198,-0.11469,0.170573258925942,0.868581119525911,0.992081316142558,0.8131850766636197,-5.72618034795197,False,False,False,False
hsa-mir-4437,0.0215266666666667,1.01503302438753,0.05399,-0.17488,0.18547,0.170376362755946,0.868731186603189,0.992081316142558,0.8569091236978108,-5.72621396928224,False,False,False,False
hsa-mir-3682,-0.0211,1.01473288006676,0.01491,0.11789,-0.1961,-0.170248261148847,0.868828823988215,0.992081316142558,0.8406136640659267,-5.72623582279021,False,False,False,False
hsa-mir-4329,0.0213533333333333,1.01491108005151,0.10461,0.13901,-0.17956,0.170138520354662,0.86891246888741,0.992081316142558,0.8520702114439646,-5.72625453105968,False,False,False,False
hsa-miR-6748-3p,-0.0213933333333332,1.01493921975176,-0.22725,0.0435400000000001,0.11953,-0.16933243097015,0.869526926929532,0.992347065251845,0.8577206425925171,-5.72639158371092,False,False,False,False
hsa-mir-593,0.0226633333333333,1.01583306098531,0.21367,-0.24842,0.10274,0.169227590462573,0.869606850621312,0.992347065251845,0.8856896937606081,-5.72640936139352,False,False,False,False
hsa-mir-6780a,0.02187,1.01527461123201,-0.20109,0.21079,0.05591,0.168950021811397,0.869818458823192,0.992347065251845,0.8723034749145409,-5.72645637561887,False,False,False,False
hsa-mir-371b,-0.0206599999999999,1.01442344919168,-0.0426799999999998,0.13783,-0.15713,-0.16822266524479,0.870373021337835,0.992348325817119,0.8322569445410948,-5.72657921096463,False,False,False,False
hsa-miR-188-3p,-0.0204399999999999,1.01426876913993,0.11218,-0.0088499999999998,-0.16465,-0.167690491341343,0.870778817591266,0.992348325817119,0.8224784097367411,-5.72666875077594,False,False,False,False
hsa-mir-1306,0.0237233333333333,1.01657970437609,0.32561,0.00112,-0.25556,0.167579679886638,0.870863319251065,0.992348325817119,0.9007308026017883,-5.72668735969995,False,False,False,False
hsa-miR-5684,-0.0236466666666667,1.01652568346085,0.06206,-0.34667,0.21367,-0.167308386387126,0.871070207330465,0.992348325817119,0.9005723815602076,-5.72673286734563,False,False,False,False
hsa-mir-937,-0.0211633333333333,1.01477742712942,0.02688,-0.22695,0.13658,-0.166875391033871,0.871400430722039,0.992348325817119,0.862319048393697,-5.72680534774313,False,False,False,False
hsa-miR-15a-3p,0.0281666666666667,1.0197154783454,0.25647,-0.47277,0.3008,0.166596738945215,0.871731894611238,0.992348325817119,0.9208344303669006,-5.72680702481651,False,False,False,False
hsa-miR-6857-5p,0.0195266666666665,1.01362686473028,0.0415399999999999,-0.0721100000000001,0.0891499999999998,0.165756557976915,0.872253830443318,0.992348325817119,0.7226760888578312,-5.72699176917001,False,False,False,False
hsa-miR-489-3p,0.0192733333333333,1.01344889023045,0.02969,0.06399,-0.03586,0.165642948315706,0.872340497097282,0.992348325817119,0.5781524552774473,-5.72701062932617,False,False,False,False
hsa-mir-6730,-0.0225166666666666,1.01572979503391,-0.13849,-0.19952,0.27046,-0.165555855120434,0.872406937007731,0.992348325817119,0.8927113899880228,-5.72702507883303,False,False,False,False
hsa-miR-1250-3p,0.0208200000000001,1.01453595859101,0.0453399999999999,-0.16951,0.18663,0.16523134680528,0.872654500804187,0.992348325817119,0.8592258651814318,-5.72707885110918,False,False,False,False
hsa-miR-6858-5p,-0.0240666666666671,1.01682165934409,-0.387790000000001,0.18345,0.13214,-0.165170724920445,0.872700750209706,0.992348325817119,0.9071368541006227,-5.72708888477633,False,False,False,False
hsa-miR-1207-3p,0.0201333333333333,1.01405319387442,-0.13194,0.0441,0.14824,0.164825666257833,0.872964010810657,0.992348325817119,0.8284646066520422,-5.72714592660023,False,False,False,False
hsa-mir-4712,-0.02648,1.01852401718182,-0.17769,0.42449,-0.32624,-0.164571519782445,0.873185464365207,0.992348325817119,0.9186926395807481,-5.72717759650311,False,False,False,False
hsa-miR-4659a-3p,-0.0240766666666667,1.01682870743918,0.03378,-0.3693,0.26329,-0.164422854038216,0.873271355286948,0.992348325817119,0.9083074055574918,-5.72721236584932,False,False,False,False
hsa-miR-4260,0.0216033333333333,1.01508696597884,0.0408299999999999,-0.21305,0.23703,0.163961231035057,0.873623600116308,0.992348325817119,0.8835455447206599,-5.72728830676418,False,False,False,False
hsa-mir-5692b,0.0194533333333333,1.01357534258216,0.109,0.0360099999999999,-0.0866499999999999,0.163781822774681,0.873760506936177,0.992348325817119,0.7657298270138434,-5.72731776374016,False,False,False,False
hsa-miR-1294,0.0434133333333333,1.03054916452473,0.45936,-0.74296,0.41384,0.166289851497699,0.873958294626416,0.992348325817119,0.9222055192597297,-5.72609920678387,False,False,False,False
hsa-mir-7848,-0.0219466666666667,1.0153285656619,-0.25411,0.23382,-0.0455500000000002,-0.163249335310591,0.874166875633136,0.992348325817119,0.8908645855329868,-5.72740500407731,False,False,False,False
hsa-miR-542-3p,0.0189,1.01318666897679,-0.01818,0.03022,0.0446599999999999,0.163145908829221,0.874245810297445,0.992348325817119,0.4247382817493832,-5.72742191628349,False,False,False,False
hsa-miR-6753-5p,0.02504,1.01750790302097,0.29047,-0.38546,0.17011,0.162954134398131,0.87439217568218,0.992348325817119,0.9152507645949542,-5.72745324690243,False,False,False,False
hsa-mir-5193,0.0188466666666667,1.01314921433668,0.0389900000000001,0.0333000000000001,-0.01575,0.162770663514993,0.874532208437204,0.992348325817119,0.3914276468221032,-5.72748318669915,False,False,False,False
hsa-mir-4529,-0.02094,1.01462034882936,-0.15157,-0.12592,0.21467,-0.162334009843966,0.874865499774406,0.992471841970862,0.8755337975155504,-5.72755430754349,False,False,False,False
hsa-mir-646,0.02279,1.01592225366489,0.22154,0.15632,-0.30949,0.161289797725304,0.875662638259182,0.992683547765896,0.9040651266154522,-5.7277236162672,False,False,False,False
hsa-miR-517c-3p,-0.0223633333333333,1.01562184639985,0.28134,-0.25827,-0.09016,-0.160716182589284,0.876100592662446,0.992683547765896,0.9012905386365416,-5.72781616052152,False,False,False,False
hsa-mir-7854,0.0215733333333333,1.01506585805825,0.03677,0.25733,-0.22938,0.160662835595238,0.876141325313243,0.992683547765896,0.8922168088202214,-5.72782475061917,False,False,False,False
hsa-miR-218-1-3p,0.0198,1.01381892490185,0.20005,-0.0582400000000001,-0.0824100000000001,0.160215826561903,0.876482650605931,0.992683547765896,0.846940725857555,-5.72789661808078,False,False,False,False
hsa-miR-765,-0.0184933333333333,1.01290111231527,-0.0207999999999999,-0.00834,-0.02634,-0.160107000875353,0.876565751398815,0.992683547765896,0.07378495122459493,-5.72791408432442,True,False,False,False
hsa-mir-6801,0.0199599999999999,1.01393136725357,0.21376,-0.0825900000000002,-0.0712900000000001,0.159990990980228,0.876654339930421,0.992683547765896,0.8559469935145285,-5.72793269063339,False,False,False,False
hsa-miR-639,-0.02136,1.01491576994738,0.14689,-0.29663,0.08566,-0.159644659179437,0.876918819874462,0.992683547765896,0.891794879483608,-5.72798815754787,False,False,False,False
hsa-miR-6506-5p,-0.0217099999999999,1.01516201991803,0.26448,-0.23873,-0.09088,-0.159086597631272,0.877345023776728,0.992683547765896,0.8977341276223069,-5.72807728291644,False,False,False,False
hsa-miR-887-5p,-0.0183066666666666,1.01277006407742,-0.00756,-0.0473599999999998,0.0,-0.158227518226278,0.87800120408406,0.992683547765896,0.3388586017072035,-5.72821387641273,False,False,False,False
hsa-miR-432-3p,0.0337333333333333,1.02365767082621,0.08078,0.58374,-0.56332,0.159113502919418,0.878234268004511,0.992683547765896,0.9283300076372388,-5.72774280247666,False,False,False,False
hsa-miR-146b-3p,0.0220500000000001,1.01540129138673,0.2135,0.15386,-0.30121,0.157496372393295,0.878559744811668,0.992683547765896,0.9045155112106752,-5.72832954968251,False,False,False,False
hsa-mir-4269,0.0201966666666668,1.01409771109866,0.2117,0.03383,-0.18494,0.157444676968985,0.878599238968281,0.992683547765896,0.8764478818421875,-5.72833770817502,False,False,False,False
hsa-mir-597,0.0195333333333333,1.01363154869179,-0.14316,0.19144,0.0103199999999999,0.156629811392925,0.879221825470733,0.992683547765896,0.8586007476815047,-5.72846595743704,False,False,False,False
hsa-mir-5006,-0.0183300000000001,1.01278644417988,-0.0946300000000001,0.0343899999999999,0.0052499999999999,-0.156621538686325,0.87922814657028,0.992683547765896,0.6851034711009021,-5.72846725606314,False,False,False,False
hsa-miR-6773-3p,-0.0207566666666666,1.01449142212842,-0.27066,0.0223800000000001,0.18601,-0.156606669941569,0.879239507665293,0.992683547765896,0.8907833351837122,-5.72846958994533,False,False,False,False
hsa-miR-4673,0.0234333333333333,1.01637537949951,-0.02498,-0.2904,0.38568,0.156196297605831,0.879553081687964,0.992683547765896,0.916042308514056,-5.72853391741372,False,False,False,False
hsa-miR-203b-5p,0.0242966666666667,1.01698377789178,0.30191,0.16955,-0.39857,0.155916910231992,0.879766580212268,0.992683547765896,0.9202930719932698,-5.72857761651829,False,False,False,False
hsa-mir-346,0.0209233333333333,1.01460862754316,-0.05396,0.29359,-0.17686,0.15577375827623,0.879875976188636,0.992683547765896,0.8955512864390642,-5.72859997685964,False,False,False,False
hsa-mir-185,-0.0199633333333334,1.01393370993517,0.17746,-0.01938,-0.21797,-0.155767488279965,0.879880767749225,0.992683547765896,0.8772724438919905,-5.72860095576678,False,False,False,False
hsa-mir-19b-1,-0.01872,1.0130602651155,0.12251,-0.0818099999999999,-0.09686,-0.155343257654199,0.880204978899279,0.992683547765896,0.816091431884377,-5.72866709809488,False,False,False,False
hsa-mir-548a-3,0.01958,1.01366433702842,0.12148,-0.18838,0.12564,0.155282274503467,0.880251586211438,0.992683547765896,0.8680214831077624,-5.72867659131879,False,False,False,False
hsa-mir-548m,0.0191033333333334,1.01332947749514,0.0963100000000001,0.11629,-0.15529,0.155224326654244,0.880295874203814,0.992683547765896,0.8472368114589202,-5.72868560860634,False,False,False,False
hsa-miR-3200-3p,-0.0204,1.01424064802827,0.20519,-0.24201,-0.0243800000000001,-0.1551506746572,0.880352165097902,0.992683547765896,0.8889653258104242,-5.72869706479553,False,False,False,False
hsa-mir-6732,0.0181566666666666,1.01266476974418,0.0965099999999999,-0.04071,-0.00133,0.154955652353397,0.880501220594539,0.992683547765896,0.6997873073871945,-5.72872737341686,False,False,False,False
hsa-miR-4523,-0.02593,1.01813579830908,0.47101,-0.27829,-0.27051,-0.154368165609982,0.881030872560814,0.992683547765896,0.9264103604068282,-5.72879014752424,False,False,False,False
hsa-mir-4713,0.0178333333333334,1.01243783918866,0.04634,-0.01301,0.02017,0.154028511479946,0.881209902740866,0.992683547765896,0.40812405095716164,-5.7288709431962,False,False,False,False
hsa-miR-423-5p,0.0182866666666666,1.01275602420044,-0.09727,0.10131,0.0508199999999999,0.153582489687987,0.881550870350663,0.992683547765896,0.7879362671393568,-5.72893970559313,False,False,False,False
hsa-miR-1272,0.0199366666666666,1.01391496863392,0.23239,-0.18972,0.0171399999999999,0.153555395739926,0.881571583539136,0.992683547765896,0.8850822358994496,-5.72894387623468,False,False,False,False
hsa-miR-6806-5p,0.0274433333333333,1.01920434515382,0.0672999999999999,-0.46133,0.47636,0.153796452465773,0.881662116059743,0.992683547765896,0.9286864133753788,-5.72881049322057,False,False,False,False
hsa-miR-7846-3p,0.0210333333333334,1.01468599053449,-0.20846,-0.0375000000000001,0.30906,0.153273963765076,0.881786742565454,0.992683547765896,0.9027664237286342,-5.7289871545364,False,False,False,False
hsa-miR-203b-3p,-0.01804,1.01258288172008,-0.02125,0.07694,-0.10981,-0.152330910043108,0.882507796849548,0.992784916882687,0.7698348050252465,-5.72913160108228,False,False,False,False
hsa-miR-3622a-3p,-0.0186866666666667,1.01303685872368,0.11794,0.0016599999999999,-0.17566,-0.15225602403045,0.882565059291781,0.992784916882687,0.8470309391276559,-5.7291430333194,False,False,False,False
hsa-miR-6782-3p,0.0228,1.01592929552576,0.15079,-0.37025,0.28786,0.15077885583683,0.883694741204538,0.992784916882687,0.9198371676794183,-5.72936739832486,False,False,False,False
hsa-miR-448,0.01859,1.01296898324558,-0.11489,-0.01599,0.18665,0.150770651165936,0.88370101661042,0.992784916882687,0.8534805901663784,-5.72936863844874,False,False,False,False
hsa-miR-520b,-0.0242733333333333,1.01696732990457,0.11216,-0.47294,0.28796,-0.150705384142125,0.883776109003977,0.992784916882687,0.9255821829813206,-5.72936986499713,False,False,False,False
hsa-miR-4737,-0.01746,1.01217587953582,-0.0572,0.01737,-0.0125500000000001,-0.150571716633324,0.88385317587317,0.992784916882687,0.5049047210130924,-5.72939868657693,False,False,False,False
hsa-mir-4316,-0.0188333333333333,1.01313985089299,-0.20963,0.0162599999999999,0.13687,-0.149921067159939,0.884350874288857,0.992784916882687,0.8699783262510407,-5.72949668868195,False,False,False,False
hsa-miR-5571-3p,-0.0195699999999999,1.013657310867,0.10983,-0.27331,0.10477,-0.149425041190748,0.884730333631237,0.992784916882687,0.8915772767110907,-5.72957111765642,False,False,False,False
hsa-miR-6750-5p,0.0298033333333333,1.02087295189709,-0.06094,-0.45704,0.60739,0.149539281906982,0.885285237306429,0.992784916882687,0.9323072050315081,-5.72933444639736,False,False,False,False
hsa-miR-93-3p,0.0403400000000002,1.0283561508373,0.806920000000001,-0.54844,-0.13746,0.151118336120164,0.885429870856019,0.992784916882687,0.929086113835887,-5.7286215248492,False,False,False,False
hsa-mir-323a,-0.0179199999999999,1.01249866094643,0.12648,-0.10494,-0.0752999999999999,-0.148364984525745,0.885541380916422,0.992784916882687,0.8283041854357126,-5.72972935768811,False,False,False,False
hsa-mir-4440,-0.0189033333333333,1.01318900993777,0.13695,-0.23662,0.0429600000000001,-0.147971914236154,0.885842154451735,0.992784916882687,0.8816922210294672,-5.72978774860665,False,False,False,False
hsa-miR-3116,0.0193366666666666,1.01349338092559,-0.19688,0.0137,0.24119,0.147743652899746,0.886016826752056,0.992784916882687,0.8925309675274872,-5.72982158632754,False,False,False,False
hsa-mir-375,0.0184233333333332,1.01285196723903,-0.15624,0.03013,0.18138,0.14752436211355,0.886184640713114,0.992784916882687,0.867748010305218,-5.72985404532418,False,False,False,False
hsa-miR-6073,-0.0172033333333334,1.01199582159316,0.01444,0.0239399999999999,-0.08999,-0.147242433338588,0.886400397775183,0.992784916882687,0.6837935478225154,-5.72989570543763,False,False,False,False
hsa-mir-7853,0.0184033333333333,1.01283792622665,-0.15346,0.0132699999999999,0.1954,0.146679560431486,0.886831188236368,0.992784916882687,0.8718889906269647,-5.72997864312947,False,False,False,False
hsa-miR-1273e,-0.0215733333333333,1.01506585805825,-0.39616,0.13347,0.19797,-0.146326325896846,0.887101553853695,0.992784916882687,0.9192165043842329,-5.73003052989801,False,False,False,False
hsa-miR-2467-5p,-0.01877,1.01309537571724,0.05749,0.13175,-0.24555,-0.146154465327585,0.887233101527843,0.992784916882687,0.8857397662429074,-5.73005572958038,False,False,False,False
hsa-miR-30d-5p,-0.0227466666666662,1.01589173949851,0.37147,-0.0734999999999992,-0.366209999999999,-0.146093244182816,0.887279963075729,0.992784916882687,0.9252096868537868,-5.73006469923999,False,False,False,False
hsa-miR-920,-0.01772,1.01235830855671,-0.10902,0.13613,-0.0802699999999998,-0.145881099068622,0.8874423525555,0.992784916882687,0.8401374930043481,-5.73009575222708,False,False,False,False
hsa-miR-6731-3p,-0.0172633333333333,1.01203791019139,0.06877,-0.11444,-0.0061199999999999,-0.145872217221356,0.887449151413532,0.992784916882687,0.7762800725195398,-5.73009705133905,False,False,False,False
hsa-mir-27b,-0.0180266666666666,1.0125735235104,-0.0231000000000001,-0.17203,0.14105,-0.145862573582863,0.887456533417063,0.992784916882687,0.8603981917652859,-5.73009846178609,False,False,False,False
hsa-mir-3609,-0.01848,1.01289175116452,0.16342,-0.0040200000000001,-0.21484,-0.145304291990253,0.887883906023363,0.992784916882687,0.8814332449987053,-5.73017995615006,False,False,False,False
hsa-miR-345-5p,-0.0356233333333336,1.02499959048365,0.3995,0.26769,-0.77406,-0.147018173110149,0.888065513513099,0.992784916882687,0.932291306583001,-5.72942368770671,False,False,False,False
hsa-miR-490-3p,-0.0182166666666667,1.01270688616376,0.18633,-0.14904,-0.0919399999999999,-0.144558306414662,0.888455029089904,0.992784916882687,0.8766067816884361,-5.73028836522561,False,False,False,False
hsa-mir-4294,0.01854,1.01293387702419,-0.16798,-0.01535,0.23895,0.14357129573426,0.889210785413016,0.992784916882687,0.8902106189957462,-5.730430947955,False,False,False,False
hsa-miR-4433b-5p,-0.0193933333333334,1.01353319004524,0.10231,-0.30643,0.14594,-0.14352642176244,0.889245148361656,0.992784916882687,0.9052442360590247,-5.7304374073204,False,False,False,False
hsa-miR-1208,-0.02096,1.01463441455154,-0.27634,-0.12178,0.33524,-0.143515420027213,0.88925357315088,0.992784916882687,0.9195392034666917,-5.73043899065409,False,False,False,False
hsa-miR-325,-0.01793,1.01250567907667,-0.16501,0.17175,-0.06053,-0.143170607947523,0.889517627114629,0.992784916882687,0.8736260597910381,-5.73048855369462,False,False,False,False
hsa-miR-221-5p,-0.0167633333333334,1.01168722535191,-0.0170600000000001,-0.08643,0.0531999999999999,-0.143113031842291,0.889561719792067,0.992784916882687,0.717873592406715,-5.73049681808871,False,False,False,False
hsa-miR-147b,0.0178166666666667,1.01242614311565,0.20519,-0.0343,-0.11744,0.142862136163492,0.889753864338064,0.992784916882687,0.8708253970379959,-5.73053279270795,False,False,False,False
hsa-miR-6889-5p,-0.0350333333333333,1.02458049559538,0.33903,-0.77897,0.33484,-0.144334066188268,0.89009241150526,0.992784916882687,0.9335496566064247,-5.72983374677428,False,False,False,False
hsa-miR-1302,0.0186433333333333,1.01300643122281,0.24696,-0.19103,0.0,0.142374134289863,0.890127614968512,0.992784916882687,0.8965756883138107,-5.73060258491098,False,False,False,False
hsa-miR-6781-5p,0.01891,1.01319369187596,-0.10123,-0.13497,0.29293,0.141699151031301,0.890644618548674,0.992784916882687,0.9031094359170095,-5.73069872697168,False,False,False,False
hsa-mir-513a-1,0.0180899999999999,1.01261797577669,0.20567,-0.18458,0.03318,0.141439031827497,0.890843871656704,0.992784916882687,0.8874280813446297,-5.73073565604385,False,False,False,False
hsa-mir-513a-2,0.0180899999999999,1.01261797577669,0.20567,-0.18458,0.03318,0.141439031827497,0.890843871656704,0.992784916882687,0.8874280813446297,-5.73073565604385,False,False,False,False
hsa-mir-297,0.0211133333333334,1.01474225823323,-0.31539,0.35967,0.0190600000000001,0.141253917207817,0.890985675718238,0.992784916882687,0.9236140817023255,-5.73076189561903,False,False,False,False
hsa-mir-548l,0.01642,1.01144649213386,-0.0201500000000001,0.08412,-0.01471,0.140762733893556,0.891361958796886,0.992784916882687,0.6758631267890782,-5.73083135403262,False,False,False,False
hsa-miR-6854-5p,-0.0167299999999999,1.01166385068369,-0.13538,0.0448300000000001,0.0403600000000002,-0.140543522603112,0.891529900382637,0.992784916882687,0.8044863444721586,-5.73086227510003,False,False,False,False
hsa-miR-3690,-0.0168733333333334,1.01176436558897,0.11398,-0.0441100000000001,-0.12049,-0.140292692554014,0.891722072732855,0.992784916882687,0.8297127225977189,-5.7308975973679,False,False,False,False
hsa-miR-4474-5p,0.0164966666666666,1.01150024312718,-0.05864,0.10166,0.0064699999999999,0.140181608536361,0.891807181681415,0.992784916882687,0.756904343461049,-5.73091322033193,False,False,False,False
hsa-miR-5047,-0.01618,1.01127824662028,0.0055199999999999,-0.02393,-0.03013,-0.13996405472096,0.891973868597582,0.992784916882687,0.279030892384379,-5.73094378164386,False,False,False,False
hsa-miR-133a-5p,0.0182333333333334,1.01271858548005,0.24341,-0.18871,0.0,0.139658423612176,0.892208048761877,0.992784916882687,0.8974618717264639,-5.73098663601886,False,False,False,False
hsa-mir-4697,0.01751,1.01221095948657,-0.14682,0.19935,0.0,0.139649676115642,0.892214751418573,0.992784916882687,0.8775020527245776,-5.73098786118595,False,False,False,False
hsa-miR-4445-3p,0.0168233333333333,1.01172930111572,0.12676,0.0410599999999999,-0.11735,0.139482076170006,0.892343174485097,0.992784916882687,0.8358863030865381,-5.73101132034951,False,False,False,False
hsa-mir-376c,0.0213266666666667,1.01489232068479,0.26636,0.18766,-0.39004,0.139147624293645,0.892599457463682,0.992784916882687,0.9273182288100129,-5.73105805020231,False,False,False,False
hsa-miR-3651,0.0199533333333331,1.0139266819066,0.34933,-0.0170200000000005,-0.27245,0.137505419656224,0.893858034630443,0.992784916882687,0.9220458185827927,-5.73128588055731,False,False,False,False
hsa-miR-887-3p,0.0160733333333333,1.01120347981998,0.0757699999999999,0.0335300000000001,-0.06108,0.137207957813469,0.894086041895954,0.992784916882687,0.7295461671640457,-5.73132686085409,False,False,False,False
hsa-mir-1260a,0.0166066666666666,1.011577369107,-0.10772,0.1519,0.0056399999999998,0.13708994792142,0.894176500453227,0.992784916882687,0.8456090169371056,-5.73134309420436,False,False,False,False
hsa-miR-184,-0.0187533333333334,1.01308367204812,-0.17229,0.28478,-0.16875,-0.136780907747839,0.894413397891767,0.992784916882687,0.912958609709284,-5.73138553967208,False,False,False,False
hsa-mir-1468,0.0170933333333333,1.01191866370914,0.20125,-0.0094199999999999,-0.14055,0.136482576291272,0.894642097072749,0.992784916882687,0.8794774872330924,-5.73142642391095,False,False,False,False
hsa-mir-6080,-0.0213966666666667,1.014941564762,0.0709899999999999,-0.43642,0.30124,-0.136290895236531,0.894811765112738,0.992784916882687,0.9307314859447462,-5.73144556242548,False,False,False,False
hsa-miR-4781-3p,0.0162633333333333,1.01133666202949,0.0830299999999999,0.07854,-0.11278,0.13589324587905,0.895093904905331,0.992784916882687,0.8245662168939354,-5.73150692643992,False,False,False,False
hsa-mir-4496,0.0172833333333334,1.01205194011312,0.23239,-0.0432399999999999,-0.1373,0.135568239396554,0.895343087130405,0.992784916882687,0.8904904546626511,-5.73155117400731,False,False,False,False
hsa-miR-6880-5p,-0.0249266666666667,1.01742797411727,0.39801,-0.56154,0.0887500000000001,-0.135757816933169,0.895495406519435,0.992784916882687,0.9377879491740474,-5.73143275963534,False,False,False,False
hsa-miR-30d-3p,0.0160166666666666,1.01116376220568,-0.08277,0.10385,0.0269699999999999,0.135219034983441,0.895610835547025,0.992784916882687,0.7952801072916085,-5.73159859845718,False,False,False,False
hsa-mir-432,-0.0174133333333332,1.01214313934535,0.212,-0.17647,-0.0877699999999999,-0.135109281981956,0.895694990298934,0.992784916882687,0.8958046275589864,-5.7316134785551,False,False,False,False
hsa-mir-4523,-0.0191366666666667,1.01335289064796,-0.2938,-0.06155,0.29794,-0.134108782625656,0.896462202197359,0.992784916882687,0.9216296129560503,-5.7317485698348,False,False,False,False
hsa-mir-4288,0.0169033333333333,1.01178540485624,-0.15697,-0.0040599999999999,0.21174,0.13343350913464,0.896980086481664,0.992784916882687,0.8889362931042144,-5.73183918297538,False,False,False,False
hsa-miR-5196-3p,-0.01599,1.01114507210345,-0.12861,0.11262,-0.0319800000000001,-0.132788942097697,0.897474469805366,0.992784916882687,0.8407529462257999,-5.73192525098851,False,False,False,False
hsa-mir-3680-2,0.0200466666666667,1.01399227873438,0.0978000000000001,-0.36068,0.32302,0.132380432968423,0.897787821034347,0.992784916882687,0.929707221410826,-5.73197958378527,False,False,False,False
hsa-mir-3680-1,0.0200466666666667,1.01399227873438,0.0978000000000001,-0.36068,0.32302,0.132380432968423,0.897787821034347,0.992784916882687,0.929707221410826,-5.73197958378527,False,False,False,False
hsa-mir-3152,0.0155,1.01080170296369,0.09772,-0.03243,-0.0187900000000001,0.132235304013683,0.897899148284044,0.992784916882687,0.7434886398759699,-5.73199884620391,False,False,False,False
hsa-mir-891b,-0.0191933333333335,1.01339269424928,0.23239,0.0822999999999998,-0.37227,-0.131909133037788,0.898149360106133,0.992784916882687,0.9255459431792465,-5.73204206089255,False,False,False,False
hsa-mir-489,-0.0190966666666667,1.01332479492949,-0.0628900000000001,0.31248,-0.30688,-0.13168535012684,0.898321035091969,0.992784916882687,0.9252449691622208,-5.73207164864316,False,False,False,False
hsa-mir-186,0.0189166666666667,1.01319837383578,0.36933,-0.19094,-0.12164,0.13144789817863,0.89850320245043,0.992784916882687,0.9243654000634548,-5.73210298897683,False,False,False,False
hsa-mir-548ah,0.0165633333333333,1.01154698544326,-0.06359,0.22236,-0.10908,0.131409853674079,0.898532389859098,0.992784916882687,0.887807031633399,-5.73210800508536,False,False,False,False
hsa-miR-4433-3p,-0.0257566666666665,1.0180134812111,-0.30598,-0.350409999999999,0.57912,-0.131970686101952,0.898622091316535,0.992784916882687,0.9399430853929092,-5.7318762122843,False,False,False,False
hsa-miR-500a-3p,0.0173733333333335,1.01211507716784,0.26524,-0.196960000000001,-0.0161599999999993,0.130868516762719,0.898947716394306,0.992784916882687,0.9090250281515978,-5.73217922289649,False,False,False,False
hsa-mir-429,-0.0154266666666666,1.01075032441714,-0.0133999999999999,-0.10298,0.0701,-0.130719308042458,0.899062198648385,0.992784916882687,0.786742491828436,-5.73219880121362,False,False,False,False
hsa-miR-6780a-3p,0.02033,1.01419143795893,-0.34598,0.0103800000000001,0.39659,0.130582142140467,0.899167443098821,0.992784916882687,0.9331063627045342,-5.73221677972501,False,False,False,False
hsa-miR-555,-0.01575,1.01097687672853,-0.15621,0.0838699999999999,0.0250899999999998,-0.130468789644456,0.899254417622506,0.992784916882687,0.8476565184474725,-5.73223162280176,False,False,False,False
hsa-mir-548g,-0.0159033333333334,1.01108433165705,0.0256799999999999,-0.17353,0.10014,-0.130208084010238,0.899454460555784,0.992784916882687,0.8636302805281012,-5.7322657125096,False,False,False,False
hsa-mir-503,0.0179433333333333,1.01251503665933,-0.2939,0.20257,0.14516,0.129610191883459,0.899913259815978,0.992784916882687,0.9193461628628099,-5.73234363614568,False,False,False,False
hsa-miR-3680-3p,-0.0153033333333334,1.01066392093279,0.073,-0.01536,-0.10355,-0.129563880678339,0.899948798899635,0.992784916882687,0.7923083564558528,-5.7323496570129,False,False,False,False
hsa-mir-34b,0.01529,1.01065458045799,-0.0141300000000002,0.11751,-0.05751,0.129262640192326,0.900179975776232,0.992784916882687,0.7987440984538456,-5.73238876865725,False,False,False,False
hsa-mir-409,-0.0161633333333334,1.01126656394334,0.18435,-0.10159,-0.13125,-0.128849275034181,0.900497215312257,0.992784916882687,0.8871397534076435,-5.73244229050625,False,False,False,False
hsa-miR-4263,-0.0172433333333333,1.01202388046415,0.26036,-0.16501,-0.14708,-0.128845221955492,0.900500325964959,0.992784916882687,0.9125534033046349,-5.73244281444729,False,False,False,False
hsa-miR-548v,0.0151866666666666,1.01058219470513,-0.0629,0.10703,0.00143,0.128733613891891,0.900585983520192,0.992784916882687,0.7881311250599534,-5.73245723556192,False,False,False,False
hsa-mir-3973,0.0153933333333334,1.01072697139567,0.0322900000000002,-0.10432,0.11821,0.128588267434487,0.900697536858406,0.992784916882687,0.8343266885366358,-5.73247599743185,False,False,False,False
hsa-mir-188,-0.0222233333333334,1.01552329462298,0.01383,-0.48849,0.40799,-0.128685235855694,0.900755241770735,0.992784916882687,0.9395358684119786,-5.73242447049572,False,False,False,False
hsa-miR-6842-3p,0.0150566666666667,1.01049113612193,0.0256800000000001,0.08304,-0.06355,0.128327558314238,0.900897636816729,0.992784916882687,0.7577976724916275,-5.73250959787363,False,False,False,False
hsa-mir-4654,-0.0181866666666666,1.01268582773502,-0.31847,-0.0034099999999999,0.26732,-0.128184146302255,0.901007711863493,0.992784916882687,0.9242429892913915,-5.7325280520029,False,False,False,False
hsa-miR-548d-5p,-0.0156033333333333,1.01087410443943,-0.16589,0.00357,0.11551,-0.127734411694177,0.901352917657287,0.992784916882687,0.8663249950555173,-5.73258579020158,False,False,False,False
hsa-miR-4733-3p,0.01492,1.01039541671456,0.0387,0.0661699999999998,-0.0601099999999999,0.12754640457572,0.901497234102354,0.992784916882687,0.7347161954360597,-5.7326098671937,False,False,False,False
hsa-miR-4302,-0.0178833333333333,1.01247292821839,-0.21875,-0.1411,0.3062,-0.127473762269499,0.901552996214402,0.992784916882687,0.9229279333228174,-5.73261916061852,False,False,False,False
hsa-miR-6721-5p,0.0194466666666667,1.01357065888037,-0.19872,0.43007,-0.17301,0.127276387752132,0.901704508906195,0.992784916882687,0.9332175496892424,-5.7326443849182,False,False,False,False
hsa-miR-7850-5p,-0.0301333333333333,1.02110649162459,0.38303,0.27815,-0.75158,-0.128368455525438,0.902027327408302,0.992784916882687,0.9412398981391723,-5.73215975191623,False,False,False,False
hsa-miR-6756-5p,-0.01805,1.0125899004341,-0.3457,0.23596,0.0555899999999996,-0.126552205592264,0.902260456879269,0.992784916882687,0.9259557115689825,-5.73273660140628,False,False,False,False
hsa-mir-1276,0.0149733333333333,1.01043276955081,-0.0805800000000001,0.1035,0.022,0.126513616127253,0.902290083255347,0.992784916882687,0.8050053320441175,-5.7327415006376,False,False,False,False
hsa-miR-4796-5p,-0.0156533333333333,1.01090913927331,-0.0719299999999998,0.16302,-0.13805,-0.126491279032301,0.902307232236888,0.992784916882687,0.8797168962862825,-5.73274433582483,False,False,False,False
hsa-mir-4774,-0.0146466666666666,1.01020400510018,0.04538,-0.0485499999999999,-0.04077,-0.125826713570449,0.902817467463086,0.993099214209395,0.6746159798693929,-5.73282845926475,False,False,False,False
hsa-miR-5002-3p,-0.0178333333333333,1.01243783918866,0.20371,-0.35625,0.09904,-0.125036973133363,0.903423870541743,0.993125850618513,0.9268332063866445,-5.73292785404222,False,False,False,False
hsa-mir-2277,-0.0152433333333334,1.01062188947598,-0.0149900000000001,0.12704,-0.15778,-0.124718475710277,0.903668448087422,0.993125850618513,0.8700176348455392,-5.7329677629777,False,False,False,False
hsa-miR-4688,-0.0145966666666667,1.01016899470398,-0.08148,0.05403,-0.01634,-0.124716691405275,0.903669818304718,0.993125850618513,0.7449396075762562,-5.73296798627233,False,False,False,False
hsa-miR-892c-5p,0.01445,1.01006630454127,-0.0396500000000001,0.0372699999999999,0.04573,0.124320297792778,0.903974228383451,0.993125850618513,0.6478892742113043,-5.73301751359193,False,False,False,False
hsa-miR-548ae,0.0155433333333333,1.01083206424152,-0.10903,0.21961,-0.06395,0.123483745602663,0.904616712713666,0.993125850618513,0.8937526735015818,-5.73312152103293,False,False,False,False
hsa-mir-92a-2,-0.0203500000000001,1.0142054977351,0.32712,0.09637,-0.48454,-0.123315550936528,0.904766423217913,0.993125850618513,0.940512474589736,-5.73313653591498,False,False,False,False
hsa-mir-6891,-0.0144866666666667,1.01009197610324,0.0406500000000001,-0.10498,0.0208699999999999,-0.123192882975099,0.904840116858449,0.993125850618513,0.7808467273224526,-5.73315751973216,False,False,False,False
hsa-miR-4799-3p,-0.0167033333333333,1.01164515133795,0.13644,-0.31138,0.12483,-0.122851702427944,0.905102180300369,0.993125850618513,0.9201141523065468,-5.73319963827734,False,False,False,False
hsa-mir-3928,-0.0144366666666665,1.01005696958959,0.0467900000000001,0.0143000000000002,-0.1044,-0.122734590544354,0.905192137681749,0.993125850618513,0.7831229802359918,-5.73321406885009,False,False,False,False
hsa-miR-3617-3p,0.0195966666666667,1.01367604740568,-0.25905,-0.15169,0.46953,0.122421638299813,0.905452908073353,0.993125850618513,0.939094086638058,-5.73324683468968,False,False,False,False
hsa-miR-605-5p,0.0185366666666666,1.01293153665269,0.31737,-0.36449,0.10273,0.122376487468044,0.905467217053118,0.993125850618513,0.9350197202657047,-5.73325810940368,False,False,False,False
hsa-mir-5787,-0.01437,1.01001029612527,0.0421,0.0174300000000001,-0.10264,-0.122285994252734,0.905536732178617,0.993125850618513,0.7783644326579038,-5.73326921823276,False,False,False,False
hsa-mir-1251,0.0147833333333334,1.01029970637426,0.09816,0.0823600000000001,-0.13617,0.121968571155573,0.905780577206199,0.993146965634964,0.8630562657818396,-5.73330811996365,False,False,False,False
hsa-mir-4296,0.0171566666666668,1.0119630872269,0.2628,0.0957700000000001,-0.3071,0.120952882662108,0.906560901740535,0.993190415291573,0.9284613215387676,-5.73343192071879,False,False,False,False
hsa-miR-4502,0.01535,1.01069661327441,0.09517,-0.19927,0.15015,0.120878520601208,0.906618036209923,0.993190415291573,0.9004385767811584,-5.7334409440832,False,False,False,False
hsa-miR-6727-5p,0.0141733333333332,1.00987262197076,0.0942799999999995,-0.0615500000000004,0.0097900000000006,0.120581575937771,0.906846192886498,0.993190415291573,0.7827865230560325,-5.73347692132101,False,False,False,False
hsa-mir-1324,-0.0143800000000001,1.01001729700743,0.11193,-0.0582,-0.09687,-0.120207801751928,0.907133394296819,0.993190415291573,0.843409745305964,-5.73352208175723,False,False,False,False
hsa-mir-939,-0.01678,1.01169891288856,-0.31308,0.01556,0.24718,-0.119855537462932,0.907404081077194,0.993190415291573,0.9271945185259987,-5.73356451545734,False,False,False,False
hsa-mir-6515,0.0156266666666667,1.01089045387747,-0.08873,0.26359,-0.12798,0.119812652612119,0.907437035508815,0.993190415291573,0.9115935394440956,-5.73356967288834,False,False,False,False
hsa-mir-3926-2,-0.01374,1.00956933836447,-0.00163,-0.03959,0.0,-0.118808135949843,0.908209000163129,0.993190415291573,0.3993879015899822,-5.73368995239131,False,False,False,False
hsa-mir-4773-2,0.0140266666666666,1.00976996193625,0.0173300000000001,-0.07572,0.10047,0.118763061371476,0.908243642107768,0.993190415291573,0.8086960540400412,-5.73369532590985,False,False,False,False
hsa-mir-506,-0.0143466666666667,1.00999396092229,-0.14468,-0.01484,0.11648,-0.118398157490478,0.908524095610947,0.993190415291573,0.8666413972579824,-5.73373875274714,False,False,False,False
hsa-miR-6748-5p,-0.0152,1.01059153451095,0.13415,0.07172,-0.25147,-0.117544566403649,0.909180191315622,0.993190415291573,0.9104212906822194,-5.73383981771859,False,False,False,False
hsa-mir-4436a,0.0149100000000001,1.01038841321148,-0.2123,0.12456,0.13247,0.116438178158394,0.910030703822627,0.993190415291573,0.9076118945288185,-5.73396972952209,False,False,False,False
hsa-miR-4330,0.0137533333333334,1.00957866880946,0.00407,0.10973,-0.07254,0.116248982229331,0.91017615646581,0.993190415291573,0.8189895860021148,-5.73399182228392,False,False,False,False
hsa-miR-1269b,0.0140733333333332,1.00980262536062,-0.0648600000000001,-0.0585200000000001,0.1656,0.11608651173741,0.910301065612175,0.993190415291573,0.8698080773518223,-5.73401076569467,False,False,False,False
hsa-miR-3135a,0.0160633333333332,1.01119647071586,0.0592899999999998,-0.27478,0.26368,0.115999871608917,0.910367676595855,0.993190415291573,0.9278119858795719,-5.73402085679457,False,False,False,False
hsa-miR-550b-2-5p,0.0173733333333338,1.01211507716784,-0.24714,0.407150000000001,-0.107889999999999,0.115245128910225,0.910947972230789,0.993190415291573,0.9383817870457563,-5.73410844518385,False,False,False,False
hsa-mir-422a,0.0136,1.00947137389815,-0.01535,-0.0620900000000001,0.11824,0.114829013134561,0.911267933433097,0.993190415291573,0.8247723742643738,-5.7341564920329,False,False,False,False
hsa-mir-613,-0.01778,1.01240041223066,0.28888,-0.43091,0.0886899999999999,-0.114184645368339,0.911763436628208,0.993190415291573,0.9414870873878682,-5.73423055225328,False,False,False,False
hsa-mir-4764,-0.0133733333333333,1.00931278491638,-0.0136499999999999,0.0626700000000001,-0.0891400000000001,-0.113880924130156,0.911997005032884,0.993190415291573,0.7890738593919445,-5.73426531634083,False,False,False,False
hsa-miR-6762-5p,0.0137633333333333,1.00958566669979,0.16064,-0.0390900000000001,-0.08026,0.113721343555295,0.912119729670717,0.993190415291573,0.8702859003591198,-5.73428354503452,False,False,False,False
hsa-mir-890,0.0142633333333334,1.00993562306831,-0.13893,-0.0319399999999999,0.21366,0.11304986008041,0.912636157871518,0.993190415291573,0.9038164431802407,-5.73435996863799,False,False,False,False
hsa-mir-6862-2,-0.0143633333333334,1.01000562889746,-0.0788000000000001,0.19984,-0.16413,-0.112851568722124,0.912788669264875,0.993190415291573,0.9079753131449958,-5.73438245051783,False,False,False,False
hsa-mir-6862-1,-0.0143633333333334,1.01000562889746,-0.0788000000000001,0.19984,-0.16413,-0.112851568722124,0.912788669264875,0.993190415291573,0.9079753131449958,-5.73438245051783,False,False,False,False
hsa-mir-548h-4,0.01872,1.0130602651155,-0.39924,0.00353,0.45187,0.112357541656468,0.913192492303232,0.993190415291573,0.9462275790574035,-5.73443212275886,False,False,False,False
hsa-miR-562,-0.0134366666666666,1.00935709403532,-0.14255,0.0322800000000001,0.06996,-0.112161721724591,0.91331927941428,0.993190415291573,0.8563748732234733,-5.73446035751569,False,False,False,False
hsa-miR-1468-5p,0.0138266666666666,1.00962998779831,-0.14353,0.189,-0.0039899999999999,0.110918552134461,0.914275604725903,0.993190415291573,0.8991030003926328,-5.73459955113098,False,False,False,False
hsa-mir-3910-2,0.01357,1.00945038274929,-0.13991,0.0262,0.15442,0.110590478247048,0.914528004709977,0.993190415291573,0.8880851347454045,-5.7346360265911,False,False,False,False
hsa-miR-34c-3p,0.0135366666666667,1.00942705976251,-0.12595,0.16301,0.0035500000000001,0.110559380487881,0.914551929955159,0.993190415291573,0.8861999665620416,-5.73463947847112,False,False,False,False
hsa-mir-5195,0.0149366666666666,1.01040708932755,-0.26656,0.2129,0.0984699999999998,0.110439412188495,0.914644229137467,0.993190415291573,0.9271387848205934,-5.73465278599579,False,False,False,False
hsa-miR-3606-5p,-0.01761,1.01228112303549,0.0646,0.32729,-0.44472,-0.110120845724671,0.914907631883057,0.993190415291573,0.9451352865564623,-5.73468340854903,False,False,False,False
hsa-mir-5585,-0.01293,1.00900267554177,0.03695,0.0258399999999999,-0.10158,-0.110054193822794,0.914940611159686,0.993190415291573,0.7984887849104455,-5.73469541910597,False,False,False,False
hsa-miR-19b-2-5p,0.0138566666666667,1.00965098268198,-0.01057,-0.15225,0.20439,0.109945606813769,0.915024159136149,0.993190415291573,0.9059110099512026,-5.73470740988147,False,False,False,False
hsa-miR-9-3p,0.0159733333333333,1.011133390965,0.28949,-0.32661,0.08504,0.109914020015095,0.915048462557486,0.993190415291573,0.9377783569063123,-5.73471089565434,False,False,False,False
hsa-miR-8076,0.0129266666666668,1.00900034425327,-0.0546799999999998,0.1033,-0.00984,0.109804937850607,0.915132392958858,0.993190415291573,0.809113350943109,-5.73472292577933,False,False,False,False
hsa-mir-3651,-0.0139266666666666,1.00969997244171,0.01433,-0.21394,0.15783,-0.109710354419292,0.91520516860046,0.993190415291573,0.9094001184123515,-5.73473334727312,False,False,False,False
hsa-mir-3169,-0.0155066666666667,1.01080637387015,0.31025,-0.25277,-0.104,-0.109473418434537,0.91538747873854,0.993190415291573,0.9350428324027552,-5.73475941430661,False,False,False,False
hsa-miR-20b-5p,-0.0154266666666665,1.01075032441714,0.31282,-0.134130000000001,-0.224969999999999,-0.109394355582802,0.915448314740508,0.993190415291573,0.9345093259529806,-5.73476810007898,False,False,False,False
hsa-mir-1-2,-0.0132966666666667,1.00925915016432,0.12677,-0.14452,-0.02214,-0.109319605981471,0.915505832392972,0.993190415291573,0.8809866158379143,-5.73477630624858,False,False,False,False
hsa-miR-548aw,-0.01498,1.01043743875243,-0.29487,0.23058,0.01935,-0.109074734076032,0.915694257904492,0.993190415291573,0.9307770781759964,-5.73480314964206,False,False,False,False
hsa-miR-5004-5p,-0.0156233333333332,1.01088811822728,0.23375,0.07187,-0.35249,-0.108902987829634,0.915826417597486,0.993190415291573,0.9369242801323433,-5.73482194103681,False,False,False,False
hsa-miR-633,-0.0152066666666666,1.01059620444622,0.29882,-0.10812,-0.23632,-0.108878940555381,0.915844922329399,0.993190415291573,0.9334911508951291,-5.7348245697824,False,False,False,False
hsa-miR-30c-2-3p,-0.0152266666666668,1.01061021438153,0.29658,-0.24737,-0.09489,-0.108876249354351,0.915846993251618,0.993190415291573,0.9336832844856537,-5.73482486393702,False,False,False,False
hsa-mir-3177,-0.0130633333333333,1.00909593149901,0.0256800000000001,-0.14543,0.08056,-0.108735517808224,0.915955289370441,0.993190415291573,0.8654985118196817,-5.73484023612704,False,False,False,False
hsa-mir-520g,0.0129666666666666,1.00902832007085,-0.10078,0.0279799999999999,0.1117,0.108658710978249,0.916014394750323,0.993190415291573,0.8532327670224992,-5.73484861742154,False,False,False,False
hsa-mir-520h,0.0129666666666666,1.00902832007085,-0.10078,0.0279799999999999,0.1117,0.108658710978249,0.916014394750323,0.993190415291573,0.8532327670224992,-5.73484861742154,False,False,False,False
hsa-miR-3943,-0.0130933333333333,1.00911691527718,0.13677,-0.1342,-0.0418499999999999,-0.10749915944948,0.916906774492035,0.993190415291573,0.8843711638054422,-5.73497443227784,False,False,False,False
hsa-miR-4800-5p,0.0186133333333333,1.01298536656528,0.52011,-0.35539,-0.10888,0.107432754231326,0.917075149334962,0.993190415291573,0.9495689857395139,-5.73495252077374,False,False,False,False
hsa-mir-6826,0.0136166666666667,1.00948303583612,-0.20874,0.0644800000000001,0.18511,0.105832595518847,0.918189563426739,0.993190415291573,0.9176363263812467,-5.73515290237911,False,False,False,False
hsa-mir-664a,0.0144933333333333,1.01009664373006,-0.1774,-0.0926,0.31348,0.105767642196994,0.918239564493335,0.993190415291573,0.9325015335609008,-5.73515980185278,False,False,False,False
hsa-miR-4520a-5p,-0.0154566666666666,1.0107713425978,0.14486,0.19522,-0.38645,-0.105302094985761,0.918597953950158,0.993190415291573,0.9413609247231316,-5.73520912960365,False,False,False,False
hsa-miR-4520b-5p,-0.0154566666666666,1.0107713425978,0.14486,0.19522,-0.38645,-0.105302094985761,0.918597953950158,0.993190415291573,0.9413609247231316,-5.73520912960365,False,False,False,False
hsa-miR-3622b-3p,0.01409,1.00981429112539,0.11194,-0.26387,0.1942,0.104876407718729,0.918925675442642,0.993190415291573,0.9295122732429152,-5.73525404403292,False,False,False,False
hsa-miR-371b-3p,0.01224,1.00852021364666,-0.0069799999999999,-0.0531699999999999,0.09687,0.104187174931188,0.919456325889398,0.993190415291573,0.8085283439183697,-5.7353263805949,False,False,False,False
hsa-mir-601,0.0127200000000001,1.00885581488508,-0.0049599999999998,0.16656,-0.12344,0.103804478395524,0.919750987972302,0.993190415291573,0.8937590477223539,-5.73536634012008,False,False,False,False
hsa-miR-5004-3p,-0.0130633333333333,1.00909593149901,-0.14597,0.18937,-0.0825899999999999,-0.103781883215793,0.919768385828686,0.993190415291573,0.9105540253545062,-5.73536869482713,False,False,False,False
hsa-mir-4323,-0.0159633333333333,1.0111263823467,-0.21956,-0.23057,0.40224,-0.10367797573338,0.919848393190053,0.993190415291573,0.946102427217209,-5.73537951673699,False,False,False,False
hsa-miR-8059,-0.0137333333333333,1.00956467317431,0.1103,0.13152,-0.28302,-0.10339179890421,0.920068750467513,0.993190415291573,0.9281374198521356,-5.7354092660183,False,False,False,False
hsa-miR-96-3p,0.0118366666666666,1.00823830170194,-0.0018,0.0186499999999999,0.01866,0.102460025045507,0.920786270346286,0.993190415291573,0.2246973078042495,-5.73550555966899,False,False,False,False
hsa-miR-4778-3p,0.0148133333333333,1.01032071518448,0.0135800000000001,-0.29427,0.32513,0.102423331717874,0.920814527906164,0.993190415291573,0.9415195469434083,-5.73550933392917,False,False,False,False
hsa-mir-4509-1,-0.0129566666666667,1.00902132604373,0.20019,-0.12062,-0.11844,-0.102339755581585,0.920878890395916,0.993190415291573,0.9143507923401828,-5.73551792550272,False,False,False,False
hsa-mir-4509-2,-0.0129566666666667,1.00902132604373,0.20019,-0.12062,-0.11844,-0.102339755581585,0.920878890395916,0.993190415291573,0.9143507923401828,-5.73551792550272,False,False,False,False
hsa-mir-4509-3,-0.0129566666666667,1.00902132604373,0.20019,-0.12062,-0.11844,-0.102339755581585,0.920878890395916,0.993190415291573,0.9143507923401828,-5.73551792550272,False,False,False,False
hsa-miR-744-3p,-0.0124733333333334,1.00868333919108,-0.12758,-0.0518100000000001,0.14197,-0.102313880385621,0.92089881716606,0.993190415291573,0.8907645399290479,-5.73552058403845,False,False,False,False
hsa-miR-548e-5p,0.0168033333333333,1.01171527566669,0.43215,-0.3986,0.0168600000000001,0.10217974199043,0.921019089000832,0.993190415291573,0.9505155972353397,-5.73553035174411,False,False,False,False
hsa-miR-454-5p,0.01256,1.00874393539892,-0.13187,0.16955,0.0,0.102077121977868,0.921081150128666,0.993190415291573,0.8987194468943501,-5.73554487854556,False,False,False,False
hsa-miR-544a,-0.0120333333333333,1.00837575305245,-0.10283,0.0667300000000001,0.0,-0.102022347954786,0.92112333353459,0.993190415291573,0.8299753653195825,-5.73555049108121,False,False,False,False
hsa-miR-330-3p,-0.0219333333333333,1.01531918207682,-0.12993,-0.53819,0.60232,-0.102807753881539,0.921127242705083,0.993190415291573,0.9535646766303437,-5.73532446440231,False,False,False,False
hsa-mir-7974,0.01301,1.00905862808187,-0.2118,0.11504,0.13579,0.101777520747972,0.921311886813941,0.993190415291573,0.9185454488460283,-5.73557554109118,False,False,False,False
hsa-miR-367-3p,-0.01231,1.0085691485398,-0.05396,-0.11562,0.13265,-0.101683566809602,0.92138424668277,0.993190415291573,0.8841557145907061,-5.73558513824887,False,False,False,False
hsa-mir-6760,0.0134,1.00933144115043,-0.0761499999999999,0.27054,-0.15419,0.101656323454469,0.921405228657681,0.993190415291573,0.9275993872993296,-5.73558791943564,False,False,False,False
hsa-mir-6786,0.0125366666666667,1.00872762067717,-0.07556,0.19857,-0.0853999999999999,0.101060106925907,0.921864432095067,0.993190415291573,0.905170743247098,-5.73564859914889,False,False,False,False
hsa-mir-3135a,0.0120400000000001,1.00838041274862,-0.0878299999999999,0.12395,0.0,0.100931092120836,0.921963802824417,0.993190415291573,0.8627252234969804,-5.73566168273259,False,False,False,False
hsa-mir-8082,-0.0121866666666667,1.00848293151218,-0.16231,0.0737399999999999,0.0520099999999999,-0.100580673833368,0.922233711858313,0.993190415291573,0.8863376005716286,-5.73569713505,False,False,False,False
hsa-miR-4282,0.01474,1.0102693610863,-0.20922,0.38383,-0.13039,0.100444879687745,0.922338309905752,0.993190415291573,0.9440342871185404,-5.73571084047616,False,False,False,False
hsa-miR-653-3p,-0.0134466666666666,1.00936409038981,-0.27952,0.03732,0.20186,-0.100038236349274,0.922651544268451,0.993190415291573,0.9328426436898788,-5.73575177170454,False,False,False,False
hsa-mir-744,0.0125866666666667,1.0087625811183,-0.19122,0.14157,0.0874100000000002,0.0999582215482963,0.922713180757241,0.993190415291573,0.9139912380589144,-5.73575980620183,False,False,False,False
hsa-mir-1914,0.0140366666666667,1.00977696115253,0.28958,0.03427,-0.28174,0.0997287316348061,0.922889963010645,0.993190415291573,0.9400398702600739,-5.73578281432103,False,False,False,False
hsa-mir-4314,-0.0118366666666666,1.00823830170194,-0.01576,-0.12771,0.10796,-0.0985242856870453,0.923817854005613,0.993316937357696,0.8779434975357626,-5.73590270433412,False,False,False,False
hsa-mir-3681,-0.01173,1.00816375965378,-0.0312999999999999,-0.10489,0.101,-0.0984518116202262,0.923873691113625,0.993316937357696,0.8635880569943959,-5.73590987202414,False,False,False,False
hsa-miR-124-5p,0.0113833333333333,1.00792153605627,-0.01193,0.0460799999999999,0.0,0.0983035476973176,0.923987921341392,0.993316937357696,0.5857812896780509,-5.73592451894526,False,False,False,False
hsa-miR-4786-3p,-0.01431,1.00996829185139,-0.37475,0.11004,0.22178,-0.0980861346012777,0.924155431047198,0.993316937357696,0.94481613995995,-5.73594595726228,False,False,False,False
hsa-miR-3912-3p,-0.0162166666666666,1.01130394898463,0.33567,-0.48119,0.09687,-0.0980551722115684,0.924195564979236,0.993316937357696,0.9527648950902864,-5.73594531756588,False,False,False,False
hsa-miR-6766-3p,0.0134433333333333,1.00936175826626,-0.03651,-0.22297,0.29981,0.0978267109869086,0.924355313710293,0.993316937357696,0.9379761495390632,-5.73597147612927,False,False,False,False
hsa-mir-3160-2,-0.01272,1.00885581488508,0.23613,-0.19884,-0.07545,-0.0966874885913924,0.925233137270618,0.993904772580765,0.9306711351506939,-5.73608274060096,False,False,False,False
hsa-miR-4722-3p,-0.0122899999999999,1.00855516689948,0.16101,-0.21653,0.0186500000000001,-0.0965334163519479,0.925351865381052,0.993904772580765,0.9212983704180961,-5.73609768857423,False,False,False,False
hsa-miR-4477a,-0.0111666666666666,1.00777017586196,-0.05396,-0.0319499999999999,0.0524100000000001,-0.0958091771033666,0.925909990731597,0.994225074762117,0.7633432161624055,-5.7361676350953,False,False,False,False
hsa-miR-6847-5p,0.01709,1.01191632568328,0.14408,-0.5034,0.41059,0.0957835432964644,0.926099747386965,0.994225074762117,0.9555142339763687,-5.73613239301847,False,False,False,False
hsa-miR-6825-3p,0.0118199999999999,1.00822665414362,0.17956,0.0029399999999999,-0.14704,0.0951010041008541,0.92645577669069,0.994349333493965,0.9117936636801073,-5.7362355218153,False,False,False,False
hsa-mir-6127,-0.0115366666666667,1.00802866623808,-0.15157,0.12038,-0.0034199999999999,-0.09482925940125,0.9266652201105,0.994349333493965,0.8967805770910852,-5.73626143834895,False,False,False,False
hsa-miR-4419b,0.0108566666666667,1.00755365387807,0.05677,-0.0242,0.0,0.0935381032579408,0.927660442728097,0.994647363324874,0.6952935156462692,-5.73638356612137,False,False,False,False
hsa-mir-5591,0.01118,1.00777948967908,-0.05233,0.14004,-0.05417,0.0934281277962781,0.927745218001531,0.994647363324874,0.8782190455546506,-5.73639389127332,False,False,False,False
hsa-miR-3978,0.01137,1.00791222092637,0.03064,0.14175,-0.13828,0.0931256052706353,0.927978424403166,0.994647363324874,0.9017209734614733,-5.73642223136996,False,False,False,False
hsa-miR-3136-5p,0.0146099999999999,1.01017833069099,-0.37936,0.37289,0.0503,0.0930634487800823,0.928041782489254,0.994647363324874,0.9526396838241529,-5.73642471771385,False,False,False,False
hsa-miR-4296,-0.0111966666666667,1.00779113207153,0.0339400000000001,0.0807100000000001,-0.14824,-0.0930098989198531,0.928067621229858,0.994647363324874,0.8873575642773548,-5.73643304641397,False,False,False,False
hsa-mir-7154,0.01262,1.00878588875219,0.18279,0.14238,-0.28731,0.0922844711371006,0.928626870380978,0.994927498493471,0.9407782064017216,-5.73650054624726,False,False,False,False
hsa-mir-4776-1,-0.0115633333333333,1.00804729873636,-0.10301,0.19944,-0.13112,-0.0914438874278516,0.929274948220445,0.994927498493471,0.922956654863418,-5.73657810157519,False,False,False,False
hsa-miR-1226-5p,-0.0141199999999999,1.00983528984158,0.0451900000000001,-0.4063,0.31875,-0.0912715010506434,0.929407862510806,0.994927498493471,0.9528216671125276,-5.73659391907399,False,False,False,False
hsa-miR-1303,0.01302,1.00906562236754,0.11893,-0.32529,0.24542,0.0910753485643417,0.929559103919204,0.994927498493471,0.946873942491178,-5.73661188103415,False,False,False,False
hsa-miR-1323,-0.0107533333333334,1.00748149022178,-0.05799,-0.0711300000000001,0.09686,-0.0908013156763433,0.929770399284761,0.994927498493471,0.8604137021265177,-5.73663691004809,False,False,False,False
hsa-miR-4796-3p,-0.0155866666666666,1.0108624264313,0.46263,-0.0848799999999998,-0.42451,-0.0905160099055831,0.930075094971454,0.994927498493471,0.9573907762144678,-5.73664512764537,False,False,False,False
hsa-mir-4662b,0.0125833333333332,1.00876025038453,-0.31387,0.17139,0.18023,0.0897547367928621,0.930577426661724,0.994927498493471,0.9455757593449915,-5.73673180756661,False,False,False,False
hsa-miR-196a-5p,0.0132533333333333,1.00922883613042,-0.33213,0.32076,0.0511300000000001,0.0896714737901326,0.930641635241611,0.994927498493471,0.9505861872989844,-5.73673931021455,False,False,False,False
hsa-miR-423-3p,-0.0137633333333328,1.00958566669979,0.402839999999999,-0.197799999999999,-0.246329999999999,-0.0894556502553423,0.930808070870724,0.994927498493471,0.953434473306325,-5.7367587252544,False,False,False,False
hsa-mir-151b,-0.0111500000000001,1.00775853371161,0.18314,-0.09012,-0.12647,-0.0892737909340122,0.930948317263816,0.994927498493471,0.9195712673008803,-5.73677504869907,False,False,False,False
hsa-miR-6715b-3p,-0.0115899999999999,1.00806593157904,0.14834,-0.25227,0.0691600000000001,-0.0891713932960985,0.931027285462784,0.994927498493471,0.9332436525103327,-5.73678422518403,False,False,False,False
hsa-mir-4632,0.0130466666666667,1.00908427403302,0.36753,-0.0679799999999999,-0.26041,0.088942164025786,0.931204068071875,0.994927498493471,0.9503936135313995,-5.73680472973722,False,False,False,False
hsa-miR-4690-3p,0.0127266666666667,1.0088604767996,-0.0565,0.34246,-0.24778,0.0888774992597829,0.931253938549181,0.994927498493471,0.9483108365604351,-5.73681050447458,False,False,False,False
hsa-miR-3158-5p,0.0115633333333333,1.00804729873636,0.01691,0.22657,-0.20879,0.0884721331029606,0.931566570547534,0.995021105063091,0.9350924608520462,-5.73684660926975,False,False,False,False
hsa-mir-6850,-0.01265,1.00880686608313,0.15847,0.16595,-0.36237,-0.0881634828628132,0.931804620387357,0.995035023268025,0.9489160417082598,-5.73687398940462,False,False,False,False
hsa-miR-4730,-0.0103666666666666,1.00721150432808,0.04783,0.03383,-0.11276,-0.087738389951422,0.932132489744257,0.995144826086215,0.8586961805891296,-5.73691154275383,False,False,False,False
hsa-mir-301b,0.0109133333333333,1.00759322969052,0.04681,0.16217,-0.17624,0.087168214192522,0.9325722813084,0.995151932474942,0.9225405934684046,-5.73696162851177,False,False,False,False
hsa-miR-4684-5p,0.0102566666666666,1.00713471121612,0.08256,0.0252999999999999,-0.0770900000000001,0.087146231679735,0.932589237488955,0.995151932474942,0.8465281016492922,-5.73696355298972,False,False,False,False
hsa-mir-6811,0.0105333333333334,1.00732786868516,-0.0514399999999999,0.1799,-0.09686,0.0857859515938508,0.933638557902734,0.995553290107617,0.9134086765887043,-5.73708169739609,False,False,False,False
hsa-mir-6130,-0.0139266666666668,1.00969997244171,-0.0290600000000001,-0.41394,0.40122,-0.0854762336627467,0.933891667903197,0.995553290107617,0.9582096532429814,-5.73710553045097,False,False,False,False
hsa-miR-3139,0.0099499999999999,1.00692065224143,-0.0483200000000001,0.07817,0.0,0.0851422556916677,0.934135152925552,0.995553290107617,0.8124684539372309,-5.73713695769929,False,False,False,False
hsa-mir-3689f,-0.0098333333333333,1.00683922870909,-0.0267299999999999,-0.0178400000000001,0.0150699999999999,-0.0850319141421996,0.934220281685941,0.995553290107617,0.5201564528617476,-5.73714638864293,False,False,False,False
hsa-mir-3679,0.01066,1.00741631458761,0.21517,-0.10861,-0.0745799999999999,0.0847056631443627,0.934471990302022,0.995553290107617,0.9268192817866009,-5.73717420206198,False,False,False,False
hsa-miR-3678-5p,0.01261,1.00877889640548,-0.37711,0.21144,0.2035,0.084364709161851,0.934735050847253,0.995553290107617,0.9542918964498945,-5.73720315489129,False,False,False,False
hsa-miR-4257,-0.0106333333333333,1.00739769375229,0.13893,-0.21099,0.04016,-0.0843070848342337,0.934779511311079,0.995553290107617,0.9279991245491646,-5.73720803666874,False,False,False,False
hsa-mir-3944,0.0100566666666667,1.00699510237618,-0.08587,-0.0106199999999999,0.12666,0.0842366714006336,0.934833839629177,0.995553290107617,0.8864437268539025,-5.73721399738494,False,False,False,False
hsa-mir-320c-2,0.0132300000000001,1.00921251356623,-0.3646,0.40413,0.0001600000000001,0.0835422018697177,0.935383536488141,0.995553290107617,0.9578994099747767,-5.7372698374958,False,False,False,False
hsa-mir-5579,-0.01139,1.0079261936535,-0.30433,0.0696699999999999,0.20049,-0.0831561841182403,0.935667547366701,0.995553290107617,0.9468296415377268,-5.73730484055724,False,False,False,False
hsa-mir-4642,-0.0130733333333334,1.00910292604325,0.12539,-0.44643,0.28182,-0.0826709174571067,0.936055714136455,0.995553290107617,0.9582703312951086,-5.73734263176723,False,False,False,False
hsa-miR-6734-5p,0.0175733333333333,1.01225539583619,0.61665,-0.52501,-0.0389200000000001,0.0831445107543503,0.936144271283198,0.995553290107617,0.962459724917624,-5.73721519173196,False,False,False,False
hsa-miR-6888-3p,-0.0105066666666667,1.00730924948465,-0.20314,0.20228,-0.0306600000000001,-0.0815292627877754,0.93692304311694,0.995553290107617,0.936880328139814,-5.73743941735977,False,False,False,False
hsa-mir-26a-1,0.0101000000000001,1.0070253493158,0.10097,-0.18095,0.11028,0.0811231754929532,0.93723644999568,0.995553290107617,0.925473952958834,-5.7374725944178,False,False,False,False
hsa-miR-6799-5p,0.0170566666666664,1.01189294572177,-0.56738,0.57027,0.0482799999999997,0.0813881762805206,0.937458574654402,0.995553290107617,0.9633411400517597,-5.73737004526383,False,False,False,False
hsa-mir-3692,0.0122333333333334,1.00851555330447,0.0179400000000001,-0.34108,0.35984,0.0805829067649291,0.937653432252283,0.995553290107617,0.9572916919575281,-5.7375164776315,False,False,False,False
hsa-miR-4323,0.0100433333333334,1.00698579580831,0.14735,-0.1858,0.0685800000000001,0.0800739228544359,0.938046287286942,0.995553290107617,0.9295309525497749,-5.73755755194161,False,False,False,False
hsa-mir-6069,-0.0092966666666665,1.00646476525689,0.03278,-0.06236,0.0016900000000001,-0.0799508498186909,0.938141282886029,0.995553290107617,0.7715044265380819,-5.73756744476004,False,False,False,False
hsa-miR-7703,0.0093866666666666,1.00652755375463,-0.0681099999999999,-0.01535,0.11162,0.0793045310367894,0.9386401699548,0.995553290107617,0.8765112484721855,-5.73761914758493,False,False,False,False
hsa-miR-143-3p,-0.00992,1.0068997141328,-0.0171599999999998,-0.17819,0.16559,-0.0792364023385795,0.938692759491694,0.995553290107617,0.9295408753885359,-5.73762457318908,False,False,False,False
hsa-miR-4761-3p,0.0091733333333333,1.00637872812141,-0.01335,-0.0152300000000001,0.0561,0.0790523492407116,0.938834834351121,0.995553290107617,0.7336072856364095,-5.73763920745425,False,False,False,False
hsa-mir-6134,-0.0110133333333333,1.00766307315171,-0.34154,0.14782,0.16068,-0.0782376282649257,0.939463764065986,0.995553290107617,0.9529416895471369,-5.7377035787334,False,False,False,False
hsa-mir-4520b,0.0098533333333334,1.00685318656129,-0.0718399999999999,-0.11479,0.21619,0.0781526527164495,0.939529364140233,0.995553290107617,0.9330988024759803,-5.73771025432769,False,False,False,False
hsa-mir-1262,0.0094733333333333,1.00658802045461,-0.11588,0.16594,-0.0216399999999999,0.0774476142675103,0.940073663849903,0.995553290107617,0.9193893121039941,-5.73776536209592,False,False,False,False
hsa-mir-132,0.0100966666666666,1.00702302259588,0.1307,0.14336,-0.24377,0.0770776805842383,0.940359271222733,0.995553290107617,0.9438665029762217,-5.73779407769423,False,False,False,False
hsa-mir-1301,-0.0129833333333334,1.00903997689043,0.48415,-0.30161,-0.22149,-0.0770088268117704,0.940463659311794,0.995553290107617,0.9632495308626767,-5.73779024637191,False,False,False,False
hsa-mir-4773-1,-0.0098999999999999,1.00688575563559,-0.16564,-0.08778,0.22372,-0.0766298046820968,0.940705066078987,0.995553290107617,0.9412517484533209,-5.73782865974114,False,False,False,False
hsa-miR-4671-5p,-0.0098666666666666,1.00686249190359,-0.18237,0.21358,-0.06081,-0.0766096041207624,0.940720662788843,0.995553290107617,0.9405280995379458,-5.73783021475379,False,False,False,False
hsa-mir-526a-1,-0.0114266666666667,1.00795181082301,-0.26366,0.37257,-0.14319,-0.0764084805898738,0.940875950308229,0.995553290107617,0.958626215683864,-5.73784567465189,False,False,False,False
hsa-miR-3673,-0.0098333333333332,1.00683922870909,0.0776399999999999,0.13431,-0.24145,-0.0763695230515258,0.940906029740175,0.995553290107617,0.9406542827763765,-5.73784866453602,False,False,False,False
hsa-mir-4660,-0.0091599999999999,1.00636942725002,0.04847,-0.1467,0.0707500000000001,-0.0761580566574628,0.941069306405438,0.995553290107617,0.9066339172323715,-5.73786486743941,False,False,False,False
hsa-mir-129-1,-0.0093033333333333,1.00646941612239,0.0987899999999999,0.05169,-0.17839,-0.0757749420133884,0.941365122975943,0.995553290107617,0.9234012978954069,-5.7378941080562,False,False,False,False
hsa-mir-138-1,0.0089099999999999,1.00619505182616,-0.10348,0.0652999999999999,0.06491,0.0750786986520338,0.94190274201186,0.995553290107617,0.8885829451816118,-5.73794687077373,False,False,False,False
hsa-mir-6770-2,-0.0096866666666666,1.00673687703847,0.16653,0.04498,-0.24057,-0.0747620081840799,0.942147291666139,0.995553290107617,0.9433225702495109,-5.73797070930082,False,False,False,False
hsa-mir-6770-1,-0.0096866666666666,1.00673687703847,0.16653,0.04498,-0.24057,-0.0747620081840799,0.942147291666139,0.995553290107617,0.9433225702495109,-5.73797070930082,False,False,False,False
hsa-mir-6770-3,-0.0096866666666666,1.00673687703847,0.16653,0.04498,-0.24057,-0.0747620081840799,0.942147291666139,0.995553290107617,0.9433225702495109,-5.73797070930082,False,False,False,False
hsa-mir-5739,0.0120166666666667,1.00836410390623,-0.44082,0.316,0.16087,0.0744809493093468,0.942376672492485,0.995553290107617,0.9632099239680794,-5.7379896471128,False,False,False,False
hsa-mir-4469,0.0086733333333332,1.00603000426515,-0.0274000000000001,0.0737399999999999,-0.0203200000000001,0.0744089441753224,0.942419936744056,0.995553290107617,0.815101420520452,-5.73799716718804,False,False,False,False
hsa-miR-3184-3p,0.00861,1.0059858412,-0.0030999999999998,-0.0119200000000002,0.04085,0.0743843383550764,0.94243893828808,0.995553290107617,0.6504751074191977,-5.73799900643572,False,False,False,False
hsa-miR-616-5p,0.01119,1.00778647509841,-0.35918,0.31858,0.0741700000000001,0.0743548237583319,0.942461730626057,0.995553290107617,0.9601039032477264,-5.73800121180571,False,False,False,False
hsa-miR-4425,0.0143100000000001,1.00996829185139,0.6076,-0.27791,-0.28676,0.0746456470806504,0.94249601309825,0.995553290107617,0.9659106274538045,-5.7379344351059,False,False,False,False
hsa-mir-521-1,0.0091833333333333,1.00638570383137,0.13267,-0.1879,0.0827800000000001,0.0733211626711883,0.943259999677996,0.995553290107617,0.9349339099130595,-5.73807789704417,False,False,False,False
hsa-miR-6715b-5p,0.0087733333333333,1.00609973936806,0.13252,-0.01911,-0.08709,0.0732787303557838,0.943292770481825,0.995553290107617,0.9048611229006974,-5.73808102210597,False,False,False,False
hsa-miR-6729-5p,-0.0087133333333326,1.00605789772628,0.0688500000000012,0.034040000000001,-0.12903,-0.0730764786402675,0.943448972602924,0.995553290107617,0.8994937629399022,-5.73809589274528,False,False,False,False
hsa-mir-4740,-0.0101599999999999,1.0070672311936,-0.05521,-0.27124,0.29597,-0.0721789919551911,0.944142146457537,0.995553290107617,0.9565745240292077,-5.7381613856551,False,False,False,False
hsa-miR-103a-3p,-0.0084866666666663,1.0058998450051,0.0624199999999995,0.0134900000000009,-0.101369999999999,-0.0719991019599604,0.94428109055718,0.995553290107617,0.8773098816192615,-5.73817441565744,False,False,False,False
hsa-miR-3927-5p,0.0091366666666666,1.00635315093191,-0.16519,-0.0151300000000001,0.20773,0.0719660367420259,0.944306629811485,0.995553290107617,0.940470016694611,-5.73817680714322,False,False,False,False
hsa-miR-4773,-0.0109866666666666,1.00764444775536,0.32592,-0.38644,0.02756,-0.071742210941797,0.944479512478144,0.995553290107617,0.9624131488702524,-5.73819296679357,False,False,False,False
hsa-miR-4693-3p,-0.0093166666666666,1.00647871791789,-0.10903,0.23573,-0.15465,-0.0715897601975305,0.944597266950559,0.995553290107617,0.946615801474294,-5.73820394456725,False,False,False,False
hsa-miR-6874-3p,0.0098366666666665,1.00684155500435,0.0451899999999998,0.26383,-0.27951,0.0709096012526388,0.945122645950978,0.995553290107617,0.9559759480301102,-5.73825263777087,False,False,False,False
hsa-mir-4694,0.0084533333333334,1.00587660405221,0.11894,-0.11115,0.0175700000000001,0.0704782950782963,0.945455816899892,0.995553290107617,0.9105784421462899,-5.73828327485289,False,False,False,False
hsa-miR-2355-5p,0.0113099999999999,1.00787030390716,-0.30073,0.45571,-0.12105,0.0704925797543278,0.94545645878885,0.995553290107617,0.9649719967844058,-5.73828035054815,False,False,False,False
hsa-mir-6841,0.0085433333333332,1.00593935585741,0.15156,0.0150199999999998,-0.14095,0.0696900183658023,0.946064765978505,0.995553290107617,0.9286923444262697,-5.73833878634421,False,False,False,False
hsa-miR-7111-3p,0.0110166666666668,1.00766540135046,-0.43263,0.21403,0.25165,0.0695541744581251,0.946181230487778,0.995553290107617,0.9649457127593893,-5.73834642747154,False,False,False,False
hsa-mir-487b,0.0103233333333335,1.00718125179712,0.30427,-0.35455,0.08125,0.0692678786287569,0.946390887176894,0.995553290107617,0.9622950888488944,-5.73836825759797,False,False,False,False
hsa-miR-378e,-0.0081766666666667,1.00568372486655,-0.0369300000000001,-0.0833000000000002,0.0957000000000001,-0.0690630419789663,0.946549136190701,0.995553290107617,0.8928234392691758,-5.73838249361637,False,False,False,False
hsa-mir-5695,-0.0092566666666666,1.00643686051516,0.24151,-0.0119,-0.25738,-0.0685128434479718,0.94697421104268,0.995553290107617,0.9545996584417936,-5.73842052361417,False,False,False,False
hsa-mir-6825,0.0097366666666665,1.00677176848448,-0.29965,0.28953,0.0393300000000001,0.068426691192286,0.947040772565052,0.995553290107617,0.9597053146981459,-5.73842645099099,False,False,False,False
hsa-miR-1284,-0.0080766666666666,1.00561401859857,-0.10077,-0.0047699999999999,0.08131,-0.0682827161066256,0.947152009179098,0.995553290107617,0.8920345634290616,-5.73843634002055,False,False,False,False
hsa-mir-10b,0.0079299999999999,1.00551179147842,-0.0005300000000001,0.0602500000000001,-0.03593,0.0681950175153963,0.947219766601067,0.995553290107617,0.8042086376281308,-5.73844235346418,False,False,False,False
hsa-miR-103b,-0.0087933333333332,1.00611368696869,-0.15961,0.234,-0.10077,-0.0676441349967141,0.947645398134361,0.995553290107617,0.949340171835934,-5.73847995064145,False,False,False,False
hsa-miR-603,-0.0079833333333332,1.00554896377422,-0.0925499999999999,0.11441,-0.0458099999999999,-0.0668388128030702,0.948267650728255,0.995553290107617,0.910282080186026,-5.73853436498115,False,False,False,False
hsa-miR-3174,0.0101699999999999,1.00707421167591,0.35989,0.0171700000000001,-0.34655,0.0667679618234337,0.948322397331223,0.995553290107617,0.9647639213770286,-5.73853912111592,False,False,False,False
hsa-mir-4645,0.0087333333333333,1.00607184474686,-0.24403,0.16745,0.10278,0.0665801789359245,0.948467498703417,0.995553290107617,0.9517178116193079,-5.73855170236524,False,False,False,False
hsa-miR-4317,-0.0079733333333333,1.00554199386408,0.05701,0.0602499999999999,-0.14118,-0.066474007940281,0.948549538797549,0.995553290107617,0.9156595365575939,-5.73855880004395,False,False,False,False
hsa-mir-545,0.0084266666666665,1.00585801167652,-0.0442500000000001,-0.14889,0.21842,0.0662759818259985,0.948702558598425,0.995553290107617,0.945543132816588,-5.73857200813361,False,False,False,False
hsa-miR-4643,0.0079133333333332,1.0055001754178,-0.12122,7.9999999999858e-05,0.14488,0.0651838530142414,0.94954651438742,0.995553290107617,0.9274428487072596,-5.73864414459044,False,False,False,False
hsa-mir-3182,0.0077999999999999,1.00542118976428,0.09544,0.05162,-0.12366,0.0650055808807533,0.949684282748436,0.995553290107617,0.9178798941303971,-5.73865580601984,False,False,False,False
hsa-miR-670-5p,-0.0090633333333332,1.00630199850304,-0.25162,0.29818,-0.07375,-0.0648090118607961,0.949836192977038,0.995553290107617,0.9604648229370177,-5.7386686273344,False,False,False,False
hsa-miR-379-5p,0.0111733333333331,1.00777483275976,0.509239999999999,-0.11442,-0.3613,0.0647633234766172,0.949936517009404,0.995553290107617,0.9695129708552216,-5.73866180143793,False,False,False,False
hsa-mir-567,0.00869,1.00604162644664,-0.18223,0.28676,-0.07846,0.0645347760553616,0.950048128378655,0.995553290107617,0.9568359218578747,-5.73868644970332,False,False,False,False
hsa-miR-548ab,-0.0099733333333333,1.00693693773805,-0.03098,0.37038,-0.36932,-0.0641444235591705,0.950349808515745,0.995553290107617,0.9670314809798556,-5.73871168819733,False,False,False,False
hsa-miR-652-3p,0.0081133333333334,1.00563957700248,0.209160000000001,-0.0300899999999995,-0.154730000000001,0.0640645637743781,0.950411528417447,0.995553290107617,0.9463444429038673,-5.73871683273609,False,False,False,False
hsa-miR-2682-5p,-0.0074833333333333,1.00520052744254,0.09995,-0.01535,-0.10705,-0.0628309338283864,0.951364988027415,0.995553290107617,0.9119817508700052,-5.73879548942885,False,False,False,False
hsa-mir-4633,-0.0084266666666666,1.00585801167652,-0.14471,-0.16317,0.2826,-0.0621841538378304,0.95186491059971,0.995553290107617,0.9591131474616633,-5.73883611788307,False,False,False,False
hsa-miR-567,-0.0096233333333333,1.00669268294276,-0.36977,0.36308,-0.0221799999999999,-0.0621719579348774,0.951874337526038,0.995553290107617,0.967865573550019,-5.73883687995282,False,False,False,False
hsa-mir-4536-2,-0.0092799999999999,1.00645313818714,0.36152,-0.29662,-0.09274,-0.06213172440422,0.951905436430478,0.995553290107617,0.9662846875803102,-5.738839392915,False,False,False,False
hsa-mir-5708,0.0087433333333334,1.00607881832965,0.15078,0.19782,-0.32237,0.06201252648439,0.951997572148538,0.995553290107617,0.9628072073761533,-5.73884682840618,False,False,False,False
hsa-miR-6738-3p,0.0074966666666666,1.00520981751096,0.0145900000000001,0.14929,-0.14139,0.0611940543998329,0.952630242211052,0.995553290107617,0.9370091056029108,-5.73889749893407,False,False,False,False
hsa-miR-572,-0.0085233333333333,1.0059254106735,0.26959,-0.28866,-0.0065000000000001,-0.0610457411533766,0.952744890550879,0.995553290107617,0.9626281740216459,-5.73890660883344,False,False,False,False
hsa-mir-4446,-0.00913,1.00634850060366,-0.37713,0.0602499999999999,0.28949,-0.0609984755051768,0.952781427842155,0.995553290107617,0.967002027966987,-5.73890950740832,False,False,False,False
hsa-miR-590-5p,-0.0076133333333333,1.0052911092721,0.16354,-0.18244,-0.0039399999999998,-0.0607581776302784,0.952967184724561,0.995553290107617,0.9461858738419906,-5.73892420903279,False,False,False,False
hsa-miR-1255b-2-3p,0.0085133333333333,1.00591843815405,-0.2602,-0.01888,0.30462,0.0606790190567261,0.953028377148922,0.995553290107617,0.9632341551101361,-5.73892903932593,False,False,False,False
hsa-miR-6731-5p,0.0076199999999999,1.00529575471415,-0.0534600000000001,-0.13248,0.2088,0.0605104527891659,0.953158686030874,0.995553290107617,0.9478320192448668,-5.73893930435563,False,False,False,False
hsa-miR-612,-0.0089466666666665,1.00622062499745,0.13438,-0.38782,0.2266,-0.0602994316324518,0.953321816438945,0.995553290107617,0.9669479605111057,-5.73895211451156,False,False,False,False
hsa-miR-4803,-0.0081499999999999,1.00566513605599,-0.18005,0.29203,-0.13643,-0.059574685198861,0.953882101020371,0.995553290107617,0.9617659656024213,-5.73899577017982,False,False,False,False
hsa-miR-518c-5p,0.0071833333333332,1.00499152360041,0.0680099999999999,0.10214,-0.1486,0.0590529319281021,0.954285473082055,0.995553290107617,0.9354395893918782,-5.73902687189477,False,False,False,False
hsa-miR-7976,0.00697,1.00484292508532,0.0277499999999999,0.0823,-0.0891399999999999,0.0590308804571719,0.954302521575922,0.995553290107617,0.9029986852891855,-5.73902818036278,False,False,False,False
hsa-miR-3685,-0.0094066666666666,1.00654150728607,0.43194,-0.15448,-0.30568,-0.0590311963339644,0.954312048457812,0.995553290107617,0.9704438523926353,-5.7390268190369,False,False,False,False
hsa-miR-4494,0.00766,1.00532362781727,0.11706,0.14216,-0.23624,0.0589677421795928,0.954351335351973,0.995553290107617,0.9557064698177531,-5.73903192409805,False,False,False,False
hsa-miR-6070,0.00703,1.00488471619676,-0.0926099999999999,0.17293,-0.05923,0.0574211580745748,0.955547100993277,0.995553290107617,0.9405782913180027,-5.73912237770359,False,False,False,False
hsa-miR-3192-5p,0.00714,1.00496133774864,0.00051,0.17555,-0.15464,0.0573641779604874,0.955591158345407,0.995553290107617,0.9471384616098819,-5.73912566437122,False,False,False,False
hsa-mir-4792,-0.0089233333333333,1.00620435108597,-0.18004,-0.26485,0.41812,-0.0572554161184415,0.955675254074467,0.995553290107617,0.9706541402131985,-5.73913192880788,False,False,False,False
hsa-miR-4640-5p,-0.0179833333333333,1.01254310992623,0.82499,-0.72675,-0.15219,-0.0583146759871457,0.955830556013285,0.995553290107617,0.9719368270149773,-5.73893593487513,False,False,False,False
hsa-miR-6779-3p,-0.0089133333333333,1.00619737663305,0.2182,-0.44274,0.1978,-0.0568860878040219,0.955969893864982,0.995553290107617,0.9709667407573782,-5.73915191170431,False,False,False,False
hsa-miR-6771-3p,-0.0085833333333333,1.00596724680519,-0.40762,0.22743,0.15444,-0.0567437456811425,0.9560708905424,0.995553290107617,0.9697621320797418,-5.73916124047987,False,False,False,False
hsa-miR-2277-3p,0.0066133333333332,1.00459453601585,0.03481,-0.06342,0.0484499999999999,0.0566476397281668,0.956145203521874,0.995553290107617,0.8684438785787592,-5.73916671670031,False,False,False,False
hsa-mir-6830,0.0078433333333333,1.00545138942855,0.31242,-0.2335,-0.0553899999999998,0.0562219620428677,0.95647436001893,0.995553290107617,0.965515791953825,-5.73919086075012,False,False,False,False
hsa-miR-874-3p,0.0073533333333334,1.00510995377487,-0.0962299999999998,-0.14852,0.26681,0.0557771063650756,0.956818355365553,0.995553290107617,0.9602194960115294,-5.73921589811182,False,False,False,False
hsa-miR-6794-3p,0.00713,1.0049543719116,-0.17178,-0.0277999999999998,0.22097,0.0555813988622681,0.956969693924171,0.995553290107617,0.9560926375962995,-5.73922684997258,False,False,False,False
hsa-mir-3924,0.0071699999999999,1.00498223554945,0.2245,-0.18172,-0.0212700000000001,0.0555761278723291,0.956973769950874,0.995553290107617,0.9571190913929744,-5.73922714440711,False,False,False,False
hsa-miR-1289,0.0087033333333333,1.00605092428849,0.2158,-0.43216,0.24247,0.0551260645659095,0.95733092901323,0.995553290107617,0.9721090750152116,-5.73925101060643,False,False,False,False
hsa-miR-4474-3p,0.0083199999999999,1.00578364561026,0.32456,-0.36167,0.0620699999999998,0.0550847556005139,0.957353751195728,0.995553290107617,0.9705841781836761,-5.73925446964906,False,False,False,False
hsa-mir-767,-0.00627,1.00435549051895,0.0601400000000001,-0.04338,-0.0355700000000001,-0.0537694903733543,0.958370910316529,0.995553290107617,0.8679523801383626,-5.73932641844807,False,False,False,False
hsa-miR-518f-3p,-0.0063166666666666,1.0043879787993,0.07056,0.0073499999999999,-0.09686,-0.0535773239116184,0.958519528849784,0.995553290107617,0.9088729410443015,-5.7393367850455,False,False,False,False
hsa-miR-361-3p,-0.0075299999999999,1.00523304305763,0.20519,-0.33971,0.11193,-0.0531798498148286,0.958826934516673,0.995553290107617,0.9683708491556146,-5.73935810946248,False,False,False,False
hsa-miR-5187-3p,0.0061366666666667,1.00426267265124,0.0229700000000002,-0.0045599999999999,0.0,0.0531076332499832,0.958882787444238,0.995553290107617,0.5461224554733504,-5.73936196683548,False,False,False,False
hsa-miR-520a-5p,-0.0063533333333333,1.00441350604253,-0.0648499999999999,0.12923,-0.0834400000000002,-0.0528862775076378,0.959053987416714,0.995553290107617,0.9340813648009344,-5.73937375768995,False,False,False,False
hsa-mir-620,0.00683,1.00474541925075,0.01033,-0.20334,0.2135,0.0527422165852468,0.959165407578233,0.995553290107617,0.9599011808378977,-5.73938140488109,False,False,False,False
hsa-miR-4751,-0.0071366666666667,1.00495901579759,0.13894,0.14332,-0.30367,-0.052400694743112,0.959429552513465,0.995553290107617,0.9659850598424021,-5.73939945061703,False,False,False,False
hsa-miR-3916,0.0065366666666667,1.00454115199092,0.15911,0.0359,-0.1754,0.052339364322151,0.95947698816653,0.995553290107617,0.9527311882788699,-5.73940267885897,False,False,False,False
hsa-mir-6895,-0.0062133333333333,1.00431604187702,-0.10338,-0.01799,0.10273,-0.0521728551919905,0.959605774531171,0.995553290107617,0.9267149465431306,-5.73941142432815,False,False,False,False
hsa-miR-5583-3p,-0.00935,1.00650197278272,0.21398,-0.55357,0.31154,-0.0521274621713678,0.959736065095316,0.995553290107617,0.9758391844744743,-5.73940222651967,False,False,False,False
hsa-miR-938,0.0070966666666666,1.00493115280352,0.25541,0.0384,-0.27252,0.0516188634557401,0.960034268016802,0.995553290107617,0.9672627288696649,-5.7394403208854,False,False,False,False
hsa-miR-144-3p,0.00674,1.00468274192487,-0.0765899999999999,0.25719,-0.16038,0.0514029379931936,0.960201282628081,0.995553290107617,0.9626580798525389,-5.73945150020501,False,False,False,False
hsa-miR-7110-3p,0.0070666666666667,1.00491025606493,0.21578,-0.29732,0.10274,0.0511583210632444,0.960390492097142,0.995553290107617,0.96791365051358,-5.73946410841899,False,False,False,False
hsa-mir-5700,-0.0072533333333332,1.00504028727629,-0.19771,-0.16138,0.33733,-0.0507822163904484,0.96068141156814,0.995553290107617,0.9702995090902957,-5.73948337661972,False,False,False,False
hsa-miR-6871-3p,-0.0065666666666667,1.00456204105413,0.01881,0.18662,-0.22513,-0.0507782558713044,0.960684475089232,0.995553290107617,0.9611850405515674,-5.73948357876493,False,False,False,False
hsa-miR-4319,-0.0058866666666666,1.0040886622685,-0.03403,0.0473699999999999,-0.0309999999999999,-0.0506582012857498,0.960777339442559,0.995553290107617,0.8456382954335512,-5.7394896988829,False,False,False,False
hsa-miR-3122,0.0059433333333333,1.00412810197916,0.00892,-0.08039,0.0892999999999999,0.0504024545768522,0.960975166166133,0.995553290107617,0.9145606110686847,-5.73950268801736,False,False,False,False
hsa-mir-3145,-0.0059666666666666,1.00414434231029,0.01671,-0.11093,0.0763199999999999,-0.0503227162911194,0.961036846385551,0.995553290107617,0.9238320589288346,-5.73950672441473,False,False,False,False
hsa-mir-7852,-0.0069833333333334,1.00485221184877,-0.32322,0.18577,0.1165,-0.050190293489194,0.96113928044398,0.995553290107617,0.9690321020981819,-5.73951341362214,False,False,False,False
hsa-mir-4748,0.0059433333333333,1.00412810197916,0.0015199999999999,-0.08643,0.10274,0.0501527675433842,0.96116830832448,0.995553290107617,0.9233314255884908,-5.73951530600536,False,False,False,False
hsa-mir-4429,0.0068666666666666,1.00477095557859,-0.0262100000000001,-0.23823,0.28504,0.0500653133059107,0.961235958053056,0.995553290107617,0.9680635467818105,-5.73951971071607,False,False,False,False
hsa-mir-4468,0.00668,1.00464095921313,0.28975,-0.0836999999999999,-0.18601,0.0493898805670687,0.961758446325245,0.995553290107617,0.9673479375094828,-5.73955347069596,False,False,False,False
hsa-miR-549a,-0.0062733333333333,1.00435781107555,0.0811900000000001,-0.23812,0.13811,-0.0487110588705161,0.96228357580023,0.995553290107617,0.9621399208877771,-5.73958693835042,False,False,False,False
hsa-miR-513c-3p,0.0058866666666666,1.0040886622685,0.15585,-0.0932900000000001,-0.0448999999999999,0.0485283204161576,0.962424943715427,0.995553290107617,0.9455064840024221,-5.73959586875042,False,False,False,False
hsa-miR-4767,0.0068799999999999,1.0047802416769,-0.24189,-0.0733800000000002,0.33591,0.0482703584513385,0.962624507519045,0.995553290107617,0.9716539342066765,-5.73960841821232,False,False,False,False
hsa-miR-4522,-0.0060366666666666,1.00419306487968,0.11845,0.0749900000000001,-0.21155,-0.0479093912010064,0.962903762641031,0.995553290107617,0.958800659988089,-5.73962586651288,False,False,False,False
hsa-mir-4271,-0.0094833333333333,1.00659499761527,0.53133,-0.0298400000000001,-0.52994,-0.0481408803361328,0.962917044442521,0.995553290107617,0.9781290671025342,-5.73959302785951,False,False,False,False
hsa-mir-6081,-0.0058499999999999,1.0040631432812,-0.14475,-0.0585,0.1857,-0.0467515438041375,0.963799544456019,0.995553290107617,0.9582353411948539,-5.73968095082045,False,False,False,False
hsa-mir-6857,0.00543,1.00377088113972,0.0246999999999999,0.0373100000000002,-0.04572,0.0467457684886141,0.963804012731627,0.995553290107617,0.8529824917567886,-5.73968122220414,False,False,False,False
hsa-miR-8067,0.0056700000000001,1.0039378776592,0.14485,-0.0099799999999998,-0.11786,0.046743968731642,0.963805405177068,0.995553290107617,0.9474850670944444,-5.73968130676838,False,False,False,False
hsa-mir-4721,-0.0070200000000001,1.00487775089082,0.39392,-0.12356,-0.29142,-0.0458687258824064,0.964482583094692,0.995553290107617,0.9759388436735491,-5.73972204576399,False,False,False,False
hsa-miR-3923,-0.0058599999999999,1.00407010294069,-2.99999999999745e-05,0.19125,-0.2088,-0.0456201808423272,0.964674888677122,0.995553290107617,0.9641539374483884,-5.73973347422384,False,False,False,False
hsa-mir-221,-0.0055799999999999,1.00387525070881,-0.0041799999999998,-0.15429,0.14173,-0.0454592735644846,0.964799388007994,0.995553290107617,0.9538776130021638,-5.73974083987822,False,False,False,False
hsa-miR-5088-3p,0.0051866666666667,1.00360159358396,0.0522400000000001,0.0147,-0.05138,0.0445531624427012,0.965500495334365,0.995553290107617,0.8797910205755027,-5.73978183214477,False,False,False,False
hsa-mir-4501,0.0052666666666666,1.00365724661617,-0.0695699999999999,-0.02657,0.11194,0.0444382624402026,0.965589401973727,0.995553290107617,0.9321516757260191,-5.73978697126474,False,False,False,False
hsa-miR-193b-5p,0.0052933333333333,1.00367579831271,0.0025699999999999,-0.0986199999999999,0.11193,0.0444026634605019,0.965616947643213,0.995553290107617,0.9385503868421806,-5.73978856080511,False,False,False,False
hsa-miR-4687-5p,-0.0072566666666666,1.00504260941511,0.46263,-0.18837,-0.29603,-0.0443922758234899,0.965632328006043,0.995553290107617,0.9783533655205168,-5.73978826433605,False,False,False,False
hsa-miR-3919,0.0055333333333333,1.00384277901334,-0.14252,-0.0312699999999999,0.19039,0.0442941571101062,0.965700907654941,0.995553290107617,0.9600451371519598,-5.7397933978989,False,False,False,False
hsa-miR-374b-3p,-0.0063833333333333,1.00443439245138,-0.16876,0.35558,-0.20597,-0.043913081270467,0.965995779973663,0.995553290107617,0.9751114381436665,-5.7398102921197,False,False,False,False
hsa-miR-4419a,-0.0051333333333333,1.00356449327692,-0.01159,-0.0743400000000001,0.07053,-0.043773725938153,0.966103612986859,0.995553290107617,0.913784301296521,-5.73981643372176,False,False,False,False
hsa-miR-548al,0.0051433333333332,1.00357144948002,0.113,-0.05949,-0.0380800000000001,0.0434168372842589,0.966379776409972,0.995553290107617,0.9331492196022746,-5.73983207338068,False,False,False,False
hsa-miR-421,-0.0070600000000003,1.00490561240426,0.43352,-0.0645199999999999,-0.390180000000001,-0.0429591216638824,0.966741072743099,0.995553290107617,0.9791613398691034,-5.73985123236659,False,False,False,False
hsa-miR-214-5p,-0.0055566666666666,1.00385901472978,-0.24689,0.18372,0.0465,-0.0424182332599729,0.967152529853737,0.995553290107617,0.969077086105286,-5.73987515444712,False,False,False,False
hsa-mir-497,-0.0050466666666666,1.0035042082031,0.00536,0.11288,-0.13338,-0.0418527507183124,0.967590135588912,0.995553290107617,0.9499985562345741,-5.73989910576485,False,False,False,False
hsa-miR-499a-3p,-0.0061899999999999,1.00429979876894,-0.32329,-0.03952,0.34424,-0.0415377059689598,0.967833941941317,0.995553290107617,0.9773761617701389,-5.73991231029157,False,False,False,False
hsa-miR-596,-0.00495,1.00343697143148,0.0753699999999999,0.0351599999999999,-0.12538,-0.0415003288521644,0.967862867525027,0.995553290107617,0.9430155547558361,-5.73991387026763,False,False,False,False
hsa-mir-1285-2,0.0056233333333333,1.00390540393798,0.18621,0.14053,-0.30987,0.0405010370325553,0.968636222766567,0.995553290107617,0.974888680831943,-5.73995505638984,False,False,False,False
hsa-mir-488,0.0052266666666666,1.00362941971431,0.12531,-0.24842,0.13879,0.0399074382042515,0.969095627489409,0.995553290107617,0.9708846410331301,-5.73997904670885,False,False,False,False
hsa-mir-4749,-0.0047333333333333,1.00328628468699,0.0227200000000001,-0.12757,0.0906499999999999,-0.0395534226229196,0.969369617039912,0.995553290107617,0.948156941186134,-5.73999318571732,False,False,False,False
hsa-mir-3170,0.0046233333333333,1.00320979084667,-0.01576,-0.0533699999999999,0.083,0.0394607811923265,0.969441317373388,0.995553290107617,0.9198643384999301,-5.73999686492868,False,False,False,False
hsa-mir-3175,-0.00541,1.00375696601705,-0.12722,-0.1999,0.31089,-0.0388705174071809,0.969898162059818,0.995553290107617,0.9760282508270424,-5.74002010445651,False,False,False,False
hsa-mir-573,-0.0062833333333333,1.00436477277753,-0.40821,-0.0068700000000001,0.39623,-0.0388281987887147,0.969937336611976,0.995553290107617,0.9808710008242278,-5.74002117550422,False,False,False,False
hsa-miR-4769-5p,0.0047866666666667,1.00332337470907,0.14003,0.06566,-0.19133,0.0381717940324858,0.970438966026202,0.995553290107617,0.9663007732129946,-5.74004716168119,False,False,False,False
hsa-miR-944,-0.0044199999999999,1.00306840849571,0.0631900000000001,-0.04565,-0.0307999999999999,-0.0378868170309572,0.970659539641054,0.995553290107617,0.9086637693872078,-5.74005805622414,False,False,False,False
hsa-miR-5582-5p,0.0068233333333333,1.00474077635178,-0.415,0.5224,-0.0869300000000001,0.0379523882149428,0.970678042777641,0.995553290107617,0.9824345272766504,-5.74004941445369,False,False,False,False
hsa-miR-2278,-0.00664,1.00461310503734,-0.51576,0.38948,0.10636,-0.0376759894175716,0.970874557103267,0.995553290107617,0.9824413057569871,-5.7400615017354,False,False,False,False
hsa-mir-648,-0.0043033333333333,1.00298729647082,-0.02808,0.0298799999999999,-0.01471,-0.0371643906182362,0.971218713161671,0.995553290107617,0.8288985996529005,-5.74008530859339,False,False,False,False
hsa-miR-510-5p,0.0049066666666666,1.00340683227213,-0.23466,0.22554,0.02384,0.0370467203799746,0.971309794045835,0.995553290107617,0.9739583560285453,-5.74008969784336,False,False,False,False
hsa-mir-4741,0.0044033333333333,1.00305682066199,0.12234,-0.02441,-0.0847199999999999,0.0369110398457673,0.971414816080742,0.995553290107617,0.9494241581566671,-5.74009474162847,False,False,False,False
hsa-miR-298,-0.0044766666666666,1.0031078081317,0.10202,0.04907,-0.16452,-0.0366632058954025,0.97160665075893,0.995553290107617,0.9611739957912137,-5.74010390684437,False,False,False,False
hsa-miR-7110-5p,0.01154,1.00803099528153,-0.03104,0.8203,-0.75464,0.0372595287956021,0.971766996546105,0.995553290107617,0.9820744706452637,-5.74002676940065,False,False,False,False
hsa-miR-6795-5p,0.0041733333333332,1.00289692222649,0.02203,-0.00648,-0.00303,0.0361140435703378,0.972031734144202,0.995553290107617,0.6879228325883164,-5.74012399564945,False,False,False,False
hsa-mir-1287,-0.00479,1.00332569288097,0.0870900000000001,-0.27126,0.1698,-0.0360240745671526,0.972101376256241,0.995553290107617,0.974984892533251,-5.7401272578959,False,False,False,False
hsa-miR-98-3p,-0.00418,1.00290155660502,0.0129299999999999,-0.05569,0.0302200000000001,-0.0359781643204806,0.972136913999071,0.995553290107617,0.888042087601221,-5.74012891945179,False,False,False,False
hsa-mir-6743,0.0052766666666667,1.00366420346219,-0.31512,-0.0003599999999999,0.33131,0.0359069824493017,0.97219201387706,0.995553290107617,0.9800116253322843,-5.740131491435,False,False,False,False
hsa-mir-202,0.0041833333333333,1.00290387380232,0.10218,-0.09599,0.0063600000000001,0.0352158434663696,0.972727013204367,0.995553290107617,0.9483700153874446,-5.74015619931581,False,False,False,False
hsa-mir-6889,-0.0042633333333333,1.00295948814366,0.14512,-0.0926199999999999,-0.0652900000000001,-0.0351959739074027,0.97274239412012,0.995553290107617,0.9598945623722419,-5.74015690254408,False,False,False,False
hsa-miR-6859-3p,-0.0041766666666666,1.00289923941308,0.03115,-0.12049,0.07681,-0.0350766590924361,0.972834755311565,0.995553290107617,0.9505340928137125,-5.7401611170184,False,False,False,False
hsa-miR-598-5p,-0.0138233333333334,1.00962765506041,-1.01902,0.17075,0.8068,-0.035786485507882,0.9731345723655,0.995553290107617,0.9817357973696005,-5.74006314467923,False,False,False,False
hsa-miR-450a-5p,0.0042133333333332,1.00292472881893,-0.16805,0.0668799999999998,0.11381,0.0342446865499782,0.973478794356059,0.995553290107617,0.9658502281656179,-5.74019010651443,False,False,False,False
hsa-miR-4505,0.0039933333333334,1.00277180210072,0.0061400000000002,0.0867700000000005,-0.0809300000000004,0.0338819524529267,0.973759597241508,0.995553290107617,0.941785087006827,-5.7402025279665,False,False,False,False
hsa-miR-124-3p,-0.0041099999999999,1.00285289669848,0.16182,-0.12164,-0.0525099999999999,-0.0334890770031698,0.97406373776699,0.995553290107617,0.9659618047907066,-5.74021583240496,False,False,False,False
hsa-mir-579,-0.0041766666666667,1.00289923941308,0.15526,0.01508,-0.18287,-0.0334224069623137,0.974115350145284,0.995553290107617,0.9699030626080527,-5.74021807474119,False,False,False,False
hsa-mir-1293,0.0041033333333334,1.0028482625448,0.0958000000000001,-0.17359,0.0901000000000001,0.033274035702645,0.974230211696842,0.995553290107617,0.9673656618498365,-5.74022304892938,False,False,False,False
hsa-mir-3687,-0.0038499999999999,1.0026721805721,-0.0249699999999999,0.04098,-0.02756,-0.0331918411089172,0.974293842882001,0.995553290107617,0.8794993631161399,-5.74022579500306,False,False,False,False
hsa-miR-4305,-0.0063166666666665,1.0043879787993,-0.57334,0.44245,0.11194,-0.0327140688844127,0.974782474803783,0.995553290107617,0.9850701011299395,-5.74023252403047,False,False,False,False
hsa-miR-6879-5p,0.0066333333333334,1.00460846274979,0.62753,-0.45203,-0.1556,0.0322558733047516,0.975174721036728,0.995553290107617,0.9854360273814577,-5.74024476614792,False,False,False,False
hsa-mir-6508,0.0040466666666666,1.00280887310313,0.08534,0.13453,-0.20773,0.0319499083610171,0.975255312106897,0.995553290107617,0.9732263105708222,-5.74026646087967,False,False,False,False
hsa-miR-3193,0.0038699999999999,1.00268608065635,0.15669,-0.06273,-0.0823500000000001,0.0318897214003983,0.975301908247777,0.995553290107617,0.9643073218987112,-5.74026839226005,False,False,False,False
hsa-miR-4446-5p,0.0046133333333333,1.00320283715038,0.04016,-0.32568,0.29936,0.0317362336084768,0.975420737408256,0.995553290107617,0.9820106465504008,-5.74027330115324,False,False,False,False
hsa-miR-4731-5p,0.0037433333333333,1.00259805004378,0.05741,-0.10359,0.05741,0.0316166348640869,0.975513330357288,0.995553290107617,0.9507380858652564,-5.7402771097836,False,False,False,False
hsa-miR-3974,0.0039999999999999,1.00277643590108,-0.20663,0.05915,0.15948,0.0314616570999934,0.975633314207653,0.995553290107617,0.9741132494098549,-5.74028202367699,False,False,False,False
hsa-mir-4420,-0.0045,1.00312403196104,0.32244,-0.03965,-0.29629,-0.0310720623207273,0.975934941532961,0.995553290107617,0.9822733613926247,-5.7402942699735,False,False,False,False
hsa-miR-6784-3p,-0.0051233333333333,1.00355753712204,0.27363,-0.48916,0.20016,-0.0309487925281591,0.976035495358847,0.995553290107617,0.9850899251970783,-5.74029774332331,False,False,False,False
hsa-mir-3136,-0.0036633333333333,1.00254245574427,0.0716000000000001,-0.11062,0.02803,-0.0309048848137671,0.976064372921605,0.995553290107617,0.9529011381975271,-5.74029947815836,False,False,False,False
hsa-miR-571,0.0035399999999999,1.00245675390545,0.0,0.0466599999999999,-0.0360400000000001,0.030500417558136,0.976377520757077,0.995553290107617,0.8960027916159851,-5.74031196258513,False,False,False,False
hsa-mir-519a-2,0.0035866666666666,1.00248918076663,-0.0075500000000001,0.10508,-0.08677,0.0302376748850547,0.9765809444855,0.995553290107617,0.9544833413263824,-5.7403199843935,False,False,False,False
hsa-miR-4441,0.0037899999999999,1.00263048147552,0.16268,0.03443,-0.18574,0.030161344344076,0.976640042355931,0.995553290107617,0.9736681831331286,-5.74032230183793,False,False,False,False
hsa-mir-4455,-0.0037233333333332,1.00258415117989,-0.1723,-0.0344599999999999,0.19559,-0.0293751951238433,0.977248716351199,0.995553290107617,0.9754722028513583,-5.74034582908629,False,False,False,False
hsa-mir-2114,-0.0043533333333333,1.00302205796402,0.37662,-0.11063,-0.27905,-0.0290215904975564,0.977522498967441,0.995553290107617,0.984343853706658,-5.74035620894291,False,False,False,False
hsa-mir-129-2,0.0037933333333333,1.0026327980465,-0.0751399999999999,-0.17085,0.25737,0.0288165221438297,0.977681277038084,0.995553290107617,0.9793338473513244,-5.74036217102777,False,False,False,False
hsa-miR-548c-5p,-0.0037733333333333,1.0026188987009,-0.21845,-0.0218700000000001,0.229,-0.0286788184830714,0.977787897304194,0.995553290107617,0.9793983913016339,-5.74036615085385,False,False,False,False
hsa-miR-548o-5p,-0.0037733333333333,1.0026188987009,-0.21845,-0.0218700000000001,0.229,-0.0286788184830714,0.977787897304194,0.995553290107617,0.9793983913016339,-5.74036615085385,False,False,False,False
hsa-miR-548am-5p,-0.0037733333333333,1.0026188987009,-0.21845,-0.0218700000000001,0.229,-0.0286788184830714,0.977787897304194,0.995553290107617,0.9793983913016339,-5.74036615085385,False,False,False,False
hsa-mir-2909,-0.00321,1.00222747960443,-0.0144099999999999,0.0259099999999999,-0.0211300000000001,-0.0277445631110309,0.97851127860383,0.995553290107617,0.8472843738494239,-5.74039264881076,False,False,False,False
hsa-miR-4754,-0.00453,1.00314489155576,0.26728,-0.48093,0.20006,-0.0275949194818315,0.978631709240059,0.995553290107617,0.986598107583515,-5.74039651765371,False,False,False,False
hsa-miR-6888-5p,-0.0032199999999999,1.00223442654003,-0.0751999999999999,0.04745,0.0180900000000002,-0.0275514084633905,0.978660838274729,0.995553290107617,0.9385365986642198,-5.74039801774554,False,False,False,False
hsa-miR-4533,-0.0039866666666666,1.00276716832178,-0.29325,-0.04392,0.32521,-0.0275179092290623,0.978686776827351,0.995553290107617,0.9843100573791178,-5.74039894507574,False,False,False,False
hsa-miR-552-5p,0.0032166666666665,1.00223211088948,-0.0077100000000001,0.0879099999999999,-0.0705500000000001,0.0273441976748369,0.978821282607092,0.995553290107617,0.9506874197323275,-5.74040373569149,False,False,False,False
hsa-miR-5089-3p,-0.0031466666666666,1.00218348346386,0.01037,-0.01535,-0.0044599999999999,-0.0272358410506699,0.978905184079304,0.995553290107617,0.7139594869887201,-5.7404067085887,False,False,False,False
hsa-mir-6802,-0.0032700000000001,1.00226916194029,-0.0719400000000001,0.13744,-0.0753100000000002,-0.0271473824848105,0.978973678518077,0.995553290107617,0.9671555573040824,-5.74040912680827,False,False,False,False
hsa-mir-651,-0.0033699999999999,1.00233863635244,-0.0025399999999999,0.16639,-0.17396,-0.0269605691050139,0.979118330772959,0.995553290107617,0.975753547795194,-5.7404142079392,False,False,False,False
hsa-mir-196a-2,0.0031066666666666,1.00215569742282,0.08409,-0.09826,0.02349,0.0262404453291635,0.9796759404213,0.995891266331721,0.959063627388977,-5.74043346631916,False,False,False,False
hsa-mir-8087,0.00342,1.00237337536441,0.0443600000000002,-0.25949,0.22539,0.0254341022521264,0.980300325777919,0.996296952560321,0.9829073711593693,-5.74045441185618,False,False,False,False
hsa-mir-3064,-0.0030366666666667,1.00210707370472,0.11193,0.04281,-0.16385,-0.0248251952792506,0.980771837571793,0.996547119885678,0.9740899765610274,-5.74046979568241,False,False,False,False
hsa-mir-4794,-0.0039666666666667,1.00275326711343,0.29545,-0.46856,0.16121,-0.0243422471774526,0.98114984143717,0.996653318609691,0.9880909666721289,-5.74048150342418,False,False,False,False
hsa-mir-1289-2,-0.0030866666666666,1.00214180469119,-0.23018,0.10899,0.11193,-0.0241081135074708,0.981327125560063,0.996653318609691,0.980782008391873,-5.74048743460817,False,False,False,False
hsa-miR-3977,0.0026033333333332,1.00180612223758,-0.0193100000000002,0.0540099999999999,-0.0268899999999999,0.0224119392958895,0.982640637398925,0.997408184760324,0.9288206045109358,-5.74052710009176,False,False,False,False
hsa-mir-520b,-0.0025566666666666,1.00177371747085,0.0653299999999999,-0.10171,0.02871,-0.0216508531603007,0.983230038452932,0.997408184760324,0.9643589481995367,-5.74054395828835,False,False,False,False
hsa-mir-6809,0.0026099999999999,1.00181075157554,0.14586,-0.11945,-0.01858,0.0214884348537996,0.983355820012866,0.997408184760324,0.9761371384105336,-5.74054748049138,False,False,False,False
hsa-mir-634,-0.0030233333333333,1.00209781231161,-0.35787,0.13334,0.21546,-0.0208959277731465,0.983814679227133,0.997408184760324,0.9880577285349038,-5.74056010476933,False,False,False,False
hsa-mir-6719,-0.0024066666666667,1.00166956639118,-0.0497800000000002,0.0357699999999999,0.00679,-0.0207251153085418,0.983946963852463,0.997408184760324,0.9324109162699677,-5.74056367865603,False,False,False,False
hsa-miR-125b-1-3p,0.0025466666666665,1.00176677372864,0.14949,-0.1539,0.01205,0.0206838164093979,0.983978947600675,0.997408184760324,0.9794734145695191,-5.74056453834432,False,False,False,False
hsa-miR-519b-3p,-0.0028133333333333,1.00195195665993,-0.13159,0.30161,-0.17846,-0.0204786192040796,0.984137862112896,0.997408184760324,0.9869829552769114,-5.74056878435717,False,False,False,False
hsa-miR-3654,0.0023133333333333,1.00160476673992,-0.0067899999999999,0.0513800000000001,-0.03765,0.0199125825761773,0.984576231750297,0.997408184760324,0.9374510557431434,-5.74058027755801,False,False,False,False
hsa-mir-4800,0.0023366666666666,1.00162096625973,-0.0931300000000002,0.02169,0.0784500000000001,0.0197916199407605,0.984669912534763,0.997408184760324,0.9672780426290991,-5.74058269189667,False,False,False,False
hsa-miR-548b-3p,0.0022799999999999,1.00158162502326,-0.01576,0.06353,-0.04093,0.0195725173340234,0.984839599489253,0.997408184760324,0.9488455816243659,-5.74058702759575,False,False,False,False
hsa-mir-578,0.00248,1.00172048334386,0.2361,-0.17634,-0.0523199999999999,0.0190911129651465,0.985212432410003,0.997408184760324,0.9856478972471678,-5.74059638432968,False,False,False,False
hsa-mir-199a-2,0.0023299999999999,1.00161633779876,0.0918999999999999,0.11398,-0.19889,0.0185687083732627,0.98561702307929,0.997408184760324,0.9836592500285097,-5.74060627436744,False,False,False,False
hsa-miR-4525,0.0023466666666666,1.00162790899128,0.20112,-0.01535,-0.17873,0.0184342551213433,0.985721154830207,0.997408184760324,0.9849180973551174,-5.74060877541083,False,False,False,False
hsa-miR-25-5p,-0.0041866666666668,1.00290619100497,0.69576,-0.349460000000001,-0.35886,-0.0185497952355023,0.985775935678795,0.997408184760324,0.9915415683856352,-5.74060032892769,False,False,False,False
hsa-mir-3646,-0.0025499999999999,1.00176908830403,-0.04341,-0.25441,0.29017,-0.0183576215443406,0.98578050635814,0.997408184760324,0.9886266257500193,-5.7406101927855,False,False,False,False
hsa-mir-6878,-0.0036466666666667,1.00253087398656,-0.6184,0.27013,0.33733,-0.0184456028533468,0.985786674477341,0.997408184760324,0.9916279509847006,-5.74060535103419,False,False,False,False
hsa-miR-3126-3p,0.0021233333333332,1.00147286611682,-0.03162,0.10505,-0.0670600000000001,0.0179532170750324,0.98609371294368,0.997408184760324,0.9713970227802347,-5.74061757465478,False,False,False,False
hsa-mir-1263,-0.0026599999999999,1.00184547229209,-0.38577,0.16899,0.2088,-0.0179058610340827,0.986130389817308,0.997408184760324,0.9901989610605993,-5.74061842832297,False,False,False,False
hsa-mir-4706,-0.0021033333333332,1.00145898285118,0.06491,-0.1395,0.0682800000000001,-0.0174947411923816,0.986448800286993,0.997447110275378,0.9783577887181688,-5.74062574466732,False,False,False,False
hsa-mir-2110,0.00229,1.00158856748212,0.04847,-0.25774,0.21614,0.0171164995122654,0.986741749032247,0.997447110275378,0.9883288644894213,-5.74063232582635,False,False,False,False
hsa-mir-4297,0.0020866666666666,1.00144741361016,-0.15897,0.02931,0.13592,0.016982452309401,0.986845569302302,0.997447110275378,0.9828871245911596,-5.74063462364167,False,False,False,False
hsa-miR-6068,0.0030066666666665,1.00208623569059,-0.27489,0.55863,-0.27472,0.0165898076143009,0.987181890331462,0.997462868995613,0.992347434043966,-5.74063999961856,False,False,False,False
hsa-mir-4733,0.0021233333333333,1.00147286611682,-0.05199,-0.17921,0.23757,0.0163132785829605,0.987363851817326,0.997462868995613,0.9878257646840704,-5.74064582432528,False,False,False,False
hsa-miR-518e-3p,-0.0018499999999999,1.0012831448108,-0.0105999999999999,0.0088699999999999,-0.0038199999999999,-0.0160158696459559,0.987594200403096,0.997462868995613,0.7765451129946384,-5.74065065787597,False,False,False,False
hsa-miR-3152-3p,-0.00242,1.00167882382643,0.10809,-0.403,0.28765,-0.0157909974398414,0.987768368798545,0.997462868995613,0.9917291734175846,-5.74065425350726,False,False,False,False
hsa-mir-4769,-0.00205,1.00142196175039,0.10422,-0.26481,0.15444,-0.0155061350866572,0.987989001854542,0.997462868995613,0.9890338187748252,-5.74065873536985,False,False,False,False
hsa-miR-4524a-3p,-0.0021399999999999,1.00148443565187,0.30491,-0.29663,-0.0146999999999999,-0.0149479740267515,0.988421314773557,0.997671548488625,0.991291876081466,-5.74066728062629,False,False,False,False
hsa-mir-7976,0.0017466666666667,1.00121143026494,0.15229,-0.0810199999999999,-0.06603,0.0144145552508926,0.988834467804454,0.99771324352316,0.9836209476186458,-5.74067515438956,False,False,False,False
hsa-mir-3613,-0.0019366666666666,1.00134329645521,-0.26222,0.23835,0.01806,-0.0143120363428411,0.988913872990052,0.99771324352316,0.9905461399455089,-5.74067663489222,False,False,False,False
hsa-mir-3614,0.0016933333333333,1.00117441831547,-0.11265,0.14528,-0.02755,0.0139661583978774,0.989181770892514,0.997755882957732,0.9842222260463256,-5.74068155184493,False,False,False,False
hsa-mir-4524b,0.0017766666666666,1.00123225008781,-0.0658700000000001,-0.19094,0.26214,0.0133681005249416,0.989644996797015,0.9979954790961,0.9907011096633789,-5.74068976996982,False,False,False,False
hsa-miR-1297,0.0016933333333333,1.00117441831547,0.2396,-0.06389,-0.17063,0.0130195095801836,0.989914999940479,0.998040157258732,0.9902562137572246,-5.7406943941964,False,False,False,False
hsa-miR-582-3p,-0.00142,1.00098475354809,-0.17822,0.11241,0.06155,-0.0115028323678857,0.991089766573846,0.998525175747421,0.9887956924053309,-5.74071309151664,False,False,False,False
hsa-miR-4726-3p,0.0014733333333333,1.00102175848593,0.2245,-0.20334,-0.01674,0.0113091852867685,0.991239760736588,0.998525175747421,0.9915879370191496,-5.74071531226881,False,False,False,False
hsa-mir-514b,-0.0014766666666666,1.00102407133997,-0.21762,0.21678,-0.0035899999999999,-0.0113040479125088,0.99124374002262,0.998525175747421,0.9916739731176869,-5.74071537067104,False,False,False,False
hsa-miR-6836-3p,-0.0018,1.00124844358269,0.452,-0.33173,-0.12567,-0.0110680601309829,0.991428359796491,0.998525175747421,0.9945739609702835,-5.74071797749459,False,False,False,False
hsa-mir-6842,-0.0012933333333333,1.00089687230317,-0.08728,-0.0194799999999999,0.10288,-0.0109037427755769,0.991553807499685,0.998525175747421,0.9835665035691344,-5.74071983979441,False,False,False,False
hsa-miR-3591-5p,-0.0013066666666666,1.00090612259719,-0.21652,0.11986,0.09274,-0.0102993793712475,0.992021936833224,0.998525175747421,0.9914365585017012,-5.7407262818492,False,False,False,False
hsa-miR-1255b-5p,0.003556666666667,1.00246833480689,0.80146,-0.93527,0.144480000000001,0.0098974342744783,0.992547647429431,0.998525175747421,0.9950325473941908,-5.74072529310565,False,False,False,False
hsa-mir-6805,-0.0012299999999999,1.00085293457408,0.21562,-0.19094,-0.02837,-0.0095336428496938,0.992615067620459,0.998525175747421,0.9926385975391556,-5.74073391661103,False,False,False,False
hsa-miR-10b-5p,-0.0012299999999999,1.00085293457408,0.0,-0.20924,0.20555,-0.0095079694122252,0.992634954058769,0.998525175747421,0.9927366783883341,-5.74073416237342,False,False,False,False
hsa-miR-933,-0.0014166666666666,1.00098244078489,-0.22223,-0.16858,0.38656,-0.0094831812003747,0.992654154813583,0.998525175747421,0.9948525560764779,-5.74073439903305,False,False,False,False
hsa-miR-1277-5p,0.00095,1.00065870667355,0.04413,0.01342,-0.0547,0.0081650580185977,0.993675169651203,0.998654384751028,0.9770033603033529,-5.74074609364346,False,False,False,False
hsa-miR-6783-5p,-0.0014633333333333,1.00101481995588,-0.54377,0.39572,0.14366,-0.0080068019468813,0.993814968591281,0.998654384751028,0.9963143777535997,-5.74074705756715,False,False,False,False
hsa-mir-3174,0.0010533333333333,1.00073038162905,-0.25802,0.0771600000000001,0.18402,0.0079533381755469,0.99383916849636,0.998654384751028,0.9944066331681017,-5.74074780922958,False,False,False,False
hsa-mir-328,0.0009700000000001,1.00067257884493,0.00314,-0.16785,0.16762,0.0077763415689175,0.993976270852613,0.998654384751028,0.9929180065024777,-5.74074920886244,False,False,False,False
hsa-mir-151a,0.0009166666666666,1.00063558681527,0.1157,-0.11295,0.0,0.007647327579076,0.994076205794436,0.998654384751028,0.9901806113387116,-5.740750209217,False,False,False,False
hsa-miR-6856-3p,0.0009633333333332,1.00066795476643,-0.0857100000000002,0.24028,-0.15168,0.0074285966815824,0.994245636194401,0.998654384751028,0.9943781395494797,-5.74075186698471,False,False,False,False
hsa-mir-6870,0.00102,1.00070726011474,0.17058,-0.32525,0.15773,0.0072764784985124,0.994363468127268,0.998654384751028,0.9955800074447508,-5.74075299153306,False,False,False,False
hsa-miR-3169,0.0009133333333333,1.00063327485882,-0.23804,-0.0027699999999999,0.24355,0.0068228661566401,0.994714840644849,0.998780432636585,0.99535501106052,-5.74075620677595,False,False,False,False
hsa-miR-219a-5p,-0.00086,1.00059628428212,0.14218,-0.38577,0.24101,-0.0057574135641828,0.995540155193105,0.998898296014377,0.9968744107827959,-5.74076294514801,False,False,False,False
hsa-miR-106b-3p,0.0007033333333333,1.00048763237102,0.2394,-0.0739000000000001,-0.16339,0.0054148486810372,0.995805512018245,0.998898296014377,0.9959272904033082,-5.74076486919205,False,False,False,False
hsa-miR-1179,0.0006166666666667,1.00042753212716,-0.0248899999999999,0.0966500000000001,-0.0699099999999999,0.0052264027751904,0.995951485791172,0.998898296014377,0.9912345334922471,-5.74076587730833,False,False,False,False
hsa-miR-7160-3p,-0.0007166666666667,1.00049687888284,0.26473,0.0140799999999999,-0.28096,-0.0051676526067202,0.99599699481914,0.998898296014377,0.9967865899545614,-5.74076618429917,False,False,False,False
hsa-mir-3926-1,0.0005666666666666,1.00039286055182,-0.0833200000000001,-0.0152300000000001,0.10025,0.0047865208236543,0.996292227309868,0.998898296014377,0.992521434742623,-5.74076809156744,False,False,False,False
hsa-mir-548aw,0.0006633333333333,1.00045989334831,-0.19268,-0.12578,0.32045,0.0047518575839007,0.996319078196438,0.998898296014377,0.9970876761921078,-5.74076825778435,False,False,False,False
hsa-miR-3913-5p,0.0006699999999999,1.00046451646535,-0.16799,0.3942,-0.2242,0.0044588026569355,0.996546085002142,0.998898296014377,0.99760039940108,-5.74076961475797,False,False,False,False
hsa-miR-525-3p,-0.0004733333333333,1.00032814349277,0.03591,0.0713299999999999,-0.10866,-0.0039927483336889,0.996907101627895,0.998898296014377,0.9939203703651376,-5.74077159493839,False,False,False,False
hsa-mir-7847,-0.0006533333333333,1.0004529587128,-0.08783,0.4551,-0.36923,-0.0039551865436235,0.996936851490171,0.998898296014377,0.998090400202301,-5.74077173898029,False,False,False,False
hsa-mir-6779,-0.0004999999999999,1.00034663365385,0.24159,-0.01371,-0.22938,-0.0037551476290023,0.997091153009376,0.998898296014377,0.9974025988815692,-5.74077252041079,False,False,False,False
hsa-mir-1179,0.00055,1.00038130362706,0.30737,0.16528,-0.471,0.0033480545864598,0.997407051023165,0.998982164295526,0.998374919980826,-5.74077396979903,False,False,False,False
hsa-miR-6737-3p,0.0003333333333333,1.00023107575408,0.0125900000000001,0.0402500000000001,-0.0518400000000001,0.002867660726215,0.997778623841679,0.998982164295526,0.9913606286289457,-5.74077547526682,False,False,False,False
hsa-mir-103a-2,0.00033,1.00022876473225,0.11193,-0.21762,0.10668,0.0025965820708795,0.997988608957308,0.998982164295526,0.9978589388357224,-5.74077621992627,False,False,False,False
hsa-mir-647,-0.0003266666666666,1.00022645371576,-0.16181,-0.09606,0.25689,-0.0024805161398515,0.998078516928456,0.998982164295526,0.9982231892317623,-5.74077651617246,False,False,False,False
hsa-mir-4743,0.0001799999999999,1.00012477427616,0.10649,-0.12233,0.0163799999999998,0.0015007670152968,0.998837459484774,0.999411295764615,0.998087451741491,-5.74077847714057,False,False,False,False
hsa-miR-4272,0.0001566666666666,1.00010859895473,-0.04713,0.06442,-0.0168200000000001,0.0013435068381263,0.998959277991768,0.999411295764615,0.9966734578124381,-5.74077870200609,False,False,False,False
hsa-miR-508-5p,4.33333333333212e-05,1.00003003682892,-0.00228,0.03732,-0.03491,0.0003738082219206,0.999710436483724,0.999783052336872,0.9985327413487435,-5.74077953918739,False,False,False,False
hsa-mir-4519,4.33333333332842e-05,1.00003003682892,-0.364,0.36849,-0.0043600000000001,0.0002800657359048,0.999783052336872,0.999783052336872,0.9998550986345831,-5.74077957000247,False,False,False,False
